{"type":"event","event":"connect.challenge","payload":{"nonce":"887e3fd9-c6fa-4f91-ba9f-a0cd83c16e64","ts":1784958303993}}
{"type":"res","id":"init_connect","ok":false,"error":{"code":"INVALID_REQUEST","message":"invalid connect params: must have required property 'minProtocol'"}}
{"type":"event","event":"connect.challenge","payload":{"nonce":"17233521-5528-4569-a759-5ba5ad33c4f9","ts":1784958309005}}
{"type":"res","id":"init_connect","ok":false,"error":{"code":"INVALID_REQUEST","message":"invalid connect params: must have required property 'minProtocol'"}}
{"type":"event","event":"connect.challenge","payload":{"nonce":"621e6ae4-904a-4a7e-a351-6cb2ba2fae17","ts":1784958314013}}
{"type":"res","id":"init_connect","ok":false,"error":{"code":"INVALID_REQUEST","message":"invalid connect params: must have required property 'minProtocol'"}}
{"type":"event","event":"connect.challenge","payload":{"nonce":"b5e404af-f0fd-4314-89ad-5f765b4749aa","ts":1784958319047}}
{"type":"res","id":"init_connect","ok":false,"error":{"code":"INVALID_REQUEST","message":"invalid connect params: must have required property 'minProtocol'"}}
{"type":"event","event":"connect.challenge","payload":{"nonce":"8dd94e48-4c85-4359-a0e6-042ddab3583e","ts":1784958324053}}
{"type":"res","id":"init_connect","ok":false,"error":{"code":"INVALID_REQUEST","message":"invalid connect params: must have required property 'minProtocol'"}}
{"type":"event","event":"connect.challenge","payload":{"nonce":"34c3d986-8038-40e4-a842-ab74da127fb6","ts":1784958329066}}
{"type":"res","id":"init_connect","ok":false,"error":{"code":"INVALID_REQUEST","message":"invalid connect params: must have required property 'minProtocol'"}}
{"type":"event","event":"connect.challenge","payload":{"nonce":"9bd505ca-ea7e-4f59-92d8-b69e6802586d","ts":1784958334074}}
{"type":"res","id":"init_connect","ok":false,"error":{"code":"INVALID_REQUEST","message":"invalid connect params: must have required property 'minProtocol'"}}
{"type":"event","event":"connect.challenge","payload":{"nonce":"c459a69e-fc3b-4231-9487-6955204e05cf","ts":1784958339092}}
{"type":"res","id":"init_connect","ok":false,"error":{"code":"INVALID_REQUEST","message":"invalid connect params: must have required property 'minProtocol'"}}
{"type":"event","event":"connect.challenge","payload":{"nonce":"f7983bed-6352-4962-91d0-f232fc870ec1","ts":1784958344113}}
{"type":"res","id":"init_connect","ok":false,"error":{"code":"INVALID_REQUEST","message":"invalid connect params: must have required property 'minProtocol'"}}
{"type":"event","event":"connect.challenge","payload":{"nonce":"5f804316-197b-4e2b-b2af-c259f38d6aba","ts":1784958349122}}
{"type":"res","id":"init_connect","ok":false,"error":{"code":"INVALID_REQUEST","message":"invalid connect params: must have required property 'minProtocol'"}}
{"type":"event","event":"connect.challenge","payload":{"nonce":"3a34a902-0e4e-4eeb-8cde-8f0459eb8f55","ts":1784958354131}}
{"type":"res","id":"init_connect","ok":false,"error":{"code":"INVALID_REQUEST","message":"invalid connect params: must have required property 'minProtocol'"}}
{"type":"event","event":"connect.challenge","payload":{"nonce":"37e8467f-3be0-4028-8777-3c8ead007de3","ts":1784958359145}}
{"type":"res","id":"init_connect","ok":false,"error":{"code":"INVALID_REQUEST","message":"invalid connect params: must have required property 'minProtocol'"}}
{"type":"event","event":"connect.challenge","payload":{"nonce":"7f17fecf-39d8-4ad4-8375-45734009e34c","ts":1784958364160}}
{"type":"res","id":"init_connect","ok":false,"error":{"code":"INVALID_REQUEST","message":"invalid connect params: must have required property 'minProtocol'"}}
{"type":"event","event":"connect.challenge","payload":{"nonce":"866e1d7b-5528-4788-825c-6d966ffb5cb0","ts":1784958369174}}
{"type":"res","id":"init_connect","ok":false,"error":{"code":"INVALID_REQUEST","message":"invalid connect params: must have required property 'minProtocol'"}}
{"type":"event","event":"connect.challenge","payload":{"nonce":"64b4f031-2e32-421b-9a08-30bb7e3e162e","ts":1784958374192}}
{"type":"res","id":"init_connect","ok":false,"error":{"code":"INVALID_REQUEST","message":"invalid connect params: must have required property 'minProtocol'"}}
{"type":"event","event":"connect.challenge","payload":{"nonce":"8b66da0f-4a38-4399-b253-ffc5a1857050","ts":1784958379201}}
{"type":"res","id":"init_connect","ok":false,"error":{"code":"INVALID_REQUEST","message":"invalid connect params: must have required property 'minProtocol'"}}
{"type":"event","event":"connect.challenge","payload":{"nonce":"f9e8808c-a129-4969-b540-475601bbed28","ts":1784958384215}}
{"type":"res","id":"init_connect","ok":false,"error":{"code":"INVALID_REQUEST","message":"invalid connect params: must have required property 'minProtocol'"}}
{"type":"event","event":"connect.challenge","payload":{"nonce":"c82307a4-2e42-43ba-8a99-1720d923d1cd","ts":1784958389232}}
{"type":"res","id":"init_connect","ok":false,"error":{"code":"INVALID_REQUEST","message":"invalid connect params: must have required property 'minProtocol'"}}
{"type":"event","event":"connect.challenge","payload":{"nonce":"0dc04209-c3c1-415c-af35-11ecdd89fde4","ts":1784958394254}}
{"type":"res","id":"init_connect","ok":false,"error":{"code":"INVALID_REQUEST","message":"invalid connect params: must have required property 'minProtocol'"}}
{"type":"event","event":"connect.challenge","payload":{"nonce":"cfed05ad-97e8-4534-8d74-b5dd715d5547","ts":1784958399277}}
{"type":"res","id":"init_connect","ok":false,"error":{"code":"INVALID_REQUEST","message":"invalid connect params: must have required property 'minProtocol'"}}
{"type":"event","event":"connect.challenge","payload":{"nonce":"d727a76c-1709-407f-a223-fa8a28dc510a","ts":1784958404291}}
{"type":"res","id":"init_connect","ok":false,"error":{"code":"INVALID_REQUEST","message":"invalid connect params: must have required property 'minProtocol'"}}
{"type":"event","event":"connect.challenge","payload":{"nonce":"25d17b8d-3b36-43bb-a698-e8fa2a4c093b","ts":1784958409300}}
{"type":"res","id":"init_connect","ok":false,"error":{"code":"INVALID_REQUEST","message":"invalid connect params: must have required property 'minProtocol'"}}
{"type":"event","event":"connect.challenge","payload":{"nonce":"8736220a-05fa-4e01-a167-19a08f3ff214","ts":1784958414313}}
{"type":"res","id":"init_connect","ok":false,"error":{"code":"INVALID_REQUEST","message":"invalid connect params: must have required property 'minProtocol'"}}
{"type":"event","event":"connect.challenge","payload":{"nonce":"cbba92f0-82f4-4c0c-a02f-19daccde6976","ts":1784958418604}}
{"type":"res","id":"init_connect","ok":false,"error":{"code":"INVALID_REQUEST","message":"invalid connect params: must have required property 'maxProtocol'"}}
{"type":"event","event":"connect.challenge","payload":{"nonce":"fc1e573a-2d70-431d-af26-4224a16dd9f1","ts":1784958423618}}
{"type":"res","id":"init_connect","ok":false,"error":{"code":"INVALID_REQUEST","message":"invalid connect params: must have required property 'maxProtocol'"}}
{"type":"event","event":"connect.challenge","payload":{"nonce":"9eeb63a4-a0ef-4e96-b4fe-65a68f158611","ts":1784958428627}}
{"type":"res","id":"init_connect","ok":false,"error":{"code":"INVALID_REQUEST","message":"invalid connect params: must have required property 'maxProtocol'"}}
{"type":"event","event":"connect.challenge","payload":{"nonce":"aab0195e-55a1-4e4b-9abc-ab1a5efde446","ts":1784958433654}}
{"type":"res","id":"init_connect","ok":false,"error":{"code":"INVALID_REQUEST","message":"invalid connect params: must have required property 'maxProtocol'"}}
{"type":"event","event":"connect.challenge","payload":{"nonce":"14340045-2738-4aa8-bd1d-377813865e06","ts":1784958438666}}
{"type":"res","id":"init_connect","ok":false,"error":{"code":"INVALID_REQUEST","message":"invalid connect params: must have required property 'maxProtocol'"}}
{"type":"event","event":"connect.challenge","payload":{"nonce":"ab9c107b-91cd-489a-a176-a90efc8235a3","ts":1784958443675}}
{"type":"res","id":"init_connect","ok":false,"error":{"code":"INVALID_REQUEST","message":"invalid connect params: must have required property 'maxProtocol'"}}
{"type":"event","event":"connect.challenge","payload":{"nonce":"37bc4567-641c-4c45-8736-2d45e0ef56cb","ts":1784958448680}}
{"type":"res","id":"init_connect","ok":false,"error":{"code":"INVALID_REQUEST","message":"invalid connect params: must have required property 'maxProtocol'"}}
{"type":"event","event":"connect.challenge","payload":{"nonce":"c103c948-7ac7-4763-9f92-9c62bf90484e","ts":1784958453698}}
{"type":"res","id":"init_connect","ok":false,"error":{"code":"INVALID_REQUEST","message":"invalid connect params: must have required property 'maxProtocol'"}}
{"type":"event","event":"connect.challenge","payload":{"nonce":"5dcccdf5-f08a-4834-a2ac-00d683d3ec52","ts":1784958458705}}
{"type":"res","id":"init_connect","ok":false,"error":{"code":"INVALID_REQUEST","message":"invalid connect params: must have required property 'maxProtocol'"}}
{"type":"event","event":"connect.challenge","payload":{"nonce":"f9db6da2-0f6f-4fbe-881c-8bcfccb0bb32","ts":1784958463712}}
{"type":"res","id":"init_connect","ok":false,"error":{"code":"INVALID_REQUEST","message":"invalid connect params: must have required property 'maxProtocol'"}}
{"type":"event","event":"connect.challenge","payload":{"nonce":"5b5f3707-8e13-43f7-8dfd-7a462777e862","ts":1784958468736}}
{"type":"res","id":"init_connect","ok":false,"error":{"code":"INVALID_REQUEST","message":"invalid connect params: must have required property 'maxProtocol'"}}
{"type":"event","event":"connect.challenge","payload":{"nonce":"2aee160c-86a2-4187-b4fc-0d558e0062dd","ts":1784958473744}}
{"type":"res","id":"init_connect","ok":false,"error":{"code":"INVALID_REQUEST","message":"invalid connect params: must have required property 'maxProtocol'"}}
{"type":"event","event":"connect.challenge","payload":{"nonce":"1399e739-76eb-4e3a-add2-c0606582977d","ts":1784958478761}}
{"type":"res","id":"init_connect","ok":false,"error":{"code":"INVALID_REQUEST","message":"invalid connect params: must have required property 'maxProtocol'"}}
{"type":"event","event":"connect.challenge","payload":{"nonce":"b66400a5-d0d1-48f9-bdc8-a477f1705b68","ts":1784958483771}}
{"type":"res","id":"init_connect","ok":false,"error":{"code":"INVALID_REQUEST","message":"invalid connect params: must have required property 'maxProtocol'"}}
{"type":"event","event":"connect.challenge","payload":{"nonce":"ace02947-f4f7-4bb4-96af-7724176ab4d2","ts":1784958488787}}
{"type":"res","id":"init_connect","ok":false,"error":{"code":"INVALID_REQUEST","message":"invalid connect params: must have required property 'maxProtocol'"}}
{"type":"event","event":"connect.challenge","payload":{"nonce":"56a95af2-8e8f-4a6d-80eb-4194680fc7f3","ts":1784958493804}}
{"type":"res","id":"init_connect","ok":false,"error":{"code":"INVALID_REQUEST","message":"invalid connect params: must have required property 'maxProtocol'"}}
{"type":"event","event":"connect.challenge","payload":{"nonce":"69b14e74-4996-4afb-9065-ff4d44cb05db","ts":1784958497279}}
{"type":"res","id":"init_connect","ok":false,"error":{"code":"INVALID_REQUEST","message":"invalid connect params: must have required property 'client'"}}
{"type":"event","event":"connect.challenge","payload":{"nonce":"aa66e5a1-3d98-4842-95ce-7e2c3ffe14d2","ts":1784958502287}}
{"type":"res","id":"init_connect","ok":false,"error":{"code":"INVALID_REQUEST","message":"invalid connect params: must have required property 'client'"}}
{"type":"event","event":"connect.challenge","payload":{"nonce":"415cc072-63d7-4c7b-a3ba-f2b9fa501577","ts":1784958507293}}
{"type":"res","id":"init_connect","ok":false,"error":{"code":"INVALID_REQUEST","message":"invalid connect params: must have required property 'client'"}}
{"type":"event","event":"connect.challenge","payload":{"nonce":"47d2091b-84de-45ed-a7bc-b522bbf04310","ts":1784958512305}}
{"type":"res","id":"init_connect","ok":false,"error":{"code":"INVALID_REQUEST","message":"invalid connect params: must have required property 'client'"}}
{"type":"event","event":"connect.challenge","payload":{"nonce":"02b6cae5-1e1e-45b8-b272-29a384cc872e","ts":1784958517319}}
{"type":"res","id":"init_connect","ok":false,"error":{"code":"INVALID_REQUEST","message":"invalid connect params: must have required property 'client'"}}
{"type":"event","event":"connect.challenge","payload":{"nonce":"99b891f5-9390-42b1-bd97-6a333eaafa5d","ts":1784958522331}}
{"type":"res","id":"init_connect","ok":false,"error":{"code":"INVALID_REQUEST","message":"invalid connect params: must have required property 'client'"}}
{"type":"event","event":"connect.challenge","payload":{"nonce":"ccc91b56-cd0c-48de-9414-ad541dbe2b1e","ts":1784958527339}}
{"type":"res","id":"init_connect","ok":false,"error":{"code":"INVALID_REQUEST","message":"invalid connect params: must have required property 'client'"}}
{"type":"event","event":"connect.challenge","payload":{"nonce":"93027413-cef4-4ecd-84be-5340cb510e41","ts":1784958532349}}
{"type":"res","id":"init_connect","ok":false,"error":{"code":"INVALID_REQUEST","message":"invalid connect params: must have required property 'client'"}}
{"type":"event","event":"connect.challenge","payload":{"nonce":"eb6372e5-2007-41ff-bf44-402de42635ae","ts":1784958537358}}
{"type":"res","id":"init_connect","ok":false,"error":{"code":"INVALID_REQUEST","message":"invalid connect params: must have required property 'client'"}}
{"type":"event","event":"connect.challenge","payload":{"nonce":"fd632fe1-1138-4ff3-af05-c7dc2d5f10a5","ts":1784958542379}}
{"type":"res","id":"init_connect","ok":false,"error":{"code":"INVALID_REQUEST","message":"invalid connect params: must have required property 'client'"}}
{"type":"event","event":"connect.challenge","payload":{"nonce":"0c75dfe5-e226-4b84-a4f1-a29748326f8c","ts":1784958547395}}
{"type":"res","id":"init_connect","ok":false,"error":{"code":"INVALID_REQUEST","message":"invalid connect params: must have required property 'client'"}}
{"type":"event","event":"connect.challenge","payload":{"nonce":"a16b2446-f337-45b2-abf2-e94ace8fdd49","ts":1784958552406}}
{"type":"res","id":"init_connect","ok":false,"error":{"code":"INVALID_REQUEST","message":"invalid connect params: must have required property 'client'"}}
{"type":"event","event":"connect.challenge","payload":{"nonce":"b42fc40c-e437-4677-a57f-91979723502e","ts":1784958557414}}
{"type":"res","id":"init_connect","ok":false,"error":{"code":"INVALID_REQUEST","message":"invalid connect params: must have required property 'client'"}}
{"type":"event","event":"connect.challenge","payload":{"nonce":"2dafb0ab-3c0c-4757-afa8-824ed74001ff","ts":1784958562432}}
{"type":"res","id":"init_connect","ok":false,"error":{"code":"INVALID_REQUEST","message":"invalid connect params: must have required property 'client'"}}
{"type":"event","event":"connect.challenge","payload":{"nonce":"3c548011-8537-4652-a6e0-6e1b54e0fbfc","ts":1784958567434}}
{"type":"res","id":"init_connect","ok":false,"error":{"code":"INVALID_REQUEST","message":"invalid connect params: must have required property 'client'"}}
{"type":"event","event":"connect.challenge","payload":{"nonce":"ee4aa8c3-10c4-4eef-a0e4-3208a7c09440","ts":1784958572445}}
{"type":"res","id":"init_connect","ok":false,"error":{"code":"INVALID_REQUEST","message":"invalid connect params: must have required property 'client'"}}
{"type":"event","event":"connect.challenge","payload":{"nonce":"590c8f4e-2bcf-41ca-91d3-f7c3b93b65bd","ts":1784958577467}}
{"type":"res","id":"init_connect","ok":false,"error":{"code":"INVALID_REQUEST","message":"invalid connect params: must have required property 'client'"}}
{"type":"event","event":"connect.challenge","payload":{"nonce":"08b6c154-0cab-490f-8734-576ba21bf07e","ts":1784958582485}}
{"type":"res","id":"init_connect","ok":false,"error":{"code":"INVALID_REQUEST","message":"invalid connect params: must have required property 'client'"}}
{"type":"event","event":"connect.challenge","payload":{"nonce":"62b068ce-6b5b-486d-ac56-e65e063200fc","ts":1784958587506}}
{"type":"res","id":"init_connect","ok":false,"error":{"code":"INVALID_REQUEST","message":"invalid connect params: must have required property 'client'"}}
{"type":"event","event":"connect.challenge","payload":{"nonce":"569f4d1a-0250-4771-998a-99a0ade61878","ts":1784958592515}}
{"type":"res","id":"init_connect","ok":false,"error":{"code":"INVALID_REQUEST","message":"invalid connect params: must have required property 'client'"}}
{"type":"event","event":"connect.challenge","payload":{"nonce":"bccd6e5e-0b07-44c6-8db2-d3d00caa0955","ts":1784958597528}}
{"type":"res","id":"init_connect","ok":false,"error":{"code":"INVALID_REQUEST","message":"invalid connect params: must have required property 'client'"}}
{"type":"event","event":"connect.challenge","payload":{"nonce":"b0ed7077-fc70-419c-9972-49f430a27425","ts":1784958602545}}
{"type":"res","id":"init_connect","ok":false,"error":{"code":"INVALID_REQUEST","message":"invalid connect params: must have required property 'client'"}}
{"type":"event","event":"connect.challenge","payload":{"nonce":"336d892b-70b3-43f3-ada4-8efbb0b6053f","ts":1784958607571}}
{"type":"res","id":"init_connect","ok":false,"error":{"code":"INVALID_REQUEST","message":"invalid connect params: must have required property 'client'"}}
{"type":"event","event":"connect.challenge","payload":{"nonce":"78503cbb-ec80-47d4-883d-2912ce681fc7","ts":1784958612582}}
{"type":"res","id":"init_connect","ok":false,"error":{"code":"INVALID_REQUEST","message":"invalid connect params: must have required property 'client'"}}
{"type":"event","event":"connect.challenge","payload":{"nonce":"9aa303b9-0df1-4642-b051-089e41818699","ts":1784958617594}}
{"type":"res","id":"init_connect","ok":false,"error":{"code":"INVALID_REQUEST","message":"invalid connect params: must have required property 'client'"}}
{"type":"event","event":"connect.challenge","payload":{"nonce":"d4a3415f-447a-4ef1-b953-3718c86d733e","ts":1784958622612}}
{"type":"res","id":"init_connect","ok":false,"error":{"code":"INVALID_REQUEST","message":"invalid connect params: must have required property 'client'"}}
{"type":"event","event":"connect.challenge","payload":{"nonce":"d08c0fad-bf7f-4de8-9c90-fac374d159e1","ts":1784958627621}}
{"type":"res","id":"init_connect","ok":false,"error":{"code":"INVALID_REQUEST","message":"invalid connect params: must have required property 'client'"}}
{"type":"event","event":"connect.challenge","payload":{"nonce":"014630f3-c9d1-45c6-9279-aa4b14e2ecf7","ts":1784958632634}}
{"type":"res","id":"init_connect","ok":false,"error":{"code":"INVALID_REQUEST","message":"invalid connect params: must have required property 'client'"}}
{"type":"event","event":"connect.challenge","payload":{"nonce":"b46d4dff-31b8-4557-9b88-312fec0639ce","ts":1784958637644}}
{"type":"res","id":"init_connect","ok":false,"error":{"code":"INVALID_REQUEST","message":"invalid connect params: must have required property 'client'"}}
{"type":"event","event":"connect.challenge","payload":{"nonce":"7d2a7c9d-24f6-4846-9d32-fe630616fad8","ts":1784958642673}}
{"type":"res","id":"init_connect","ok":false,"error":{"code":"INVALID_REQUEST","message":"invalid connect params: must have required property 'client'"}}
{"type":"event","event":"connect.challenge","payload":{"nonce":"9a23191f-62cd-45fc-8e64-9321ff7ce06b","ts":1784958647691}}
{"type":"res","id":"init_connect","ok":false,"error":{"code":"INVALID_REQUEST","message":"invalid connect params: must have required property 'client'"}}
{"type":"event","event":"connect.challenge","payload":{"nonce":"904a06d0-2946-4145-9329-6cbb74ce95ae","ts":1784958652703}}
{"type":"res","id":"init_connect","ok":false,"error":{"code":"INVALID_REQUEST","message":"invalid connect params: must have required property 'client'"}}
{"type":"event","event":"connect.challenge","payload":{"nonce":"74832eac-122c-4f9d-8d53-6b3d99151db8","ts":1784958657722}}
{"type":"res","id":"init_connect","ok":false,"error":{"code":"INVALID_REQUEST","message":"invalid connect params: must have required property 'client'"}}
{"type":"event","event":"connect.challenge","payload":{"nonce":"5d393d11-31e7-4652-9a2e-85632affb043","ts":1784958662732}}
{"type":"res","id":"init_connect","ok":false,"error":{"code":"INVALID_REQUEST","message":"invalid connect params: must have required property 'client'"}}
{"type":"event","event":"connect.challenge","payload":{"nonce":"48fb949c-d478-43b2-8944-cd75ccd1495f","ts":1784958667752}}
{"type":"res","id":"init_connect","ok":false,"error":{"code":"INVALID_REQUEST","message":"invalid connect params: must have required property 'client'"}}
{"type":"event","event":"connect.challenge","payload":{"nonce":"8e2db6d9-1054-4406-9e3e-c431a814675b","ts":1784958672784}}
{"type":"res","id":"init_connect","ok":false,"error":{"code":"INVALID_REQUEST","message":"invalid connect params: must have required property 'client'"}}
{"type":"event","event":"connect.challenge","payload":{"nonce":"4c2ea3f3-912a-4708-a29a-250d5df829c8","ts":1784958679381}}
{"type":"res","id":"init_connect","ok":false,"error":{"code":"INVALID_REQUEST","message":"invalid connect params: at /client: must have required property 'id'; at /client: unexpected property 'name'"}}
{"type":"event","event":"connect.challenge","payload":{"nonce":"551bc8ee-60d6-4c98-81be-1143b0d1cac8","ts":1784958684401}}
{"type":"res","id":"init_connect","ok":false,"error":{"code":"INVALID_REQUEST","message":"invalid connect params: at /client: must have required property 'id'; at /client: unexpected property 'name'"}}
{"type":"event","event":"connect.challenge","payload":{"nonce":"d2f2c42c-7e7a-4355-beab-efbf13a2eabd","ts":1784958689410}}
{"type":"res","id":"init_connect","ok":false,"error":{"code":"INVALID_REQUEST","message":"invalid connect params: at /client: must have required property 'id'; at /client: unexpected property 'name'"}}
{"type":"event","event":"connect.challenge","payload":{"nonce":"4c18a97f-ca19-4ec8-961c-524cc0538f4d","ts":1784958694422}}
{"type":"res","id":"init_connect","ok":false,"error":{"code":"INVALID_REQUEST","message":"invalid connect params: at /client: must have required property 'id'; at /client: unexpected property 'name'"}}
{"type":"event","event":"connect.challenge","payload":{"nonce":"59930fce-2ec7-4d6b-900e-df59952978a4","ts":1784958699432}}
{"type":"res","id":"init_connect","ok":false,"error":{"code":"INVALID_REQUEST","message":"invalid connect params: at /client: must have required property 'id'; at /client: unexpected property 'name'"}}
{"type":"event","event":"connect.challenge","payload":{"nonce":"d6f2f539-cdb8-450e-bea4-03c18c1620f2","ts":1784958704438}}
{"type":"res","id":"init_connect","ok":false,"error":{"code":"INVALID_REQUEST","message":"invalid connect params: at /client: must have required property 'id'; at /client: unexpected property 'name'"}}
{"type":"event","event":"connect.challenge","payload":{"nonce":"73197c73-c03b-4a74-9660-0481ca6ccc4b","ts":1784958709451}}
{"type":"res","id":"init_connect","ok":false,"error":{"code":"INVALID_REQUEST","message":"invalid connect params: at /client: must have required property 'id'; at /client: unexpected property 'name'"}}
{"type":"event","event":"connect.challenge","payload":{"nonce":"faf94df2-ddda-497c-b04b-0328c518dd09","ts":1784958714464}}
{"type":"res","id":"init_connect","ok":false,"error":{"code":"INVALID_REQUEST","message":"invalid connect params: at /client: must have required property 'id'; at /client: unexpected property 'name'"}}
{"type":"event","event":"connect.challenge","payload":{"nonce":"dd716668-040d-4d91-b7b3-0efe3b255ec5","ts":1784958719476}}
{"type":"res","id":"init_connect","ok":false,"error":{"code":"INVALID_REQUEST","message":"invalid connect params: at /client: must have required property 'id'; at /client: unexpected property 'name'"}}
{"type":"event","event":"connect.challenge","payload":{"nonce":"cf1db516-a7fa-41b2-9538-93eaa0c02145","ts":1784958724484}}
{"type":"res","id":"init_connect","ok":false,"error":{"code":"INVALID_REQUEST","message":"invalid connect params: at /client: must have required property 'id'; at /client: unexpected property 'name'"}}
{"type":"event","event":"connect.challenge","payload":{"nonce":"140471a9-441b-403a-8ecf-3c13fc5d77f4","ts":1784958729491}}
{"type":"res","id":"init_connect","ok":false,"error":{"code":"INVALID_REQUEST","message":"invalid connect params: at /client: must have required property 'id'; at /client: unexpected property 'name'"}}
{"type":"event","event":"connect.challenge","payload":{"nonce":"8f21233f-7e23-451d-a5b7-59316b6c0991","ts":1784958734507}}
{"type":"res","id":"init_connect","ok":false,"error":{"code":"INVALID_REQUEST","message":"invalid connect params: at /client: must have required property 'id'; at /client: unexpected property 'name'"}}
{"type":"event","event":"connect.challenge","payload":{"nonce":"92f6cb3b-7783-435f-a2d2-f1081c317971","ts":1784958739535}}
{"type":"res","id":"init_connect","ok":false,"error":{"code":"INVALID_REQUEST","message":"invalid connect params: at /client: must have required property 'id'; at /client: unexpected property 'name'"}}
{"type":"event","event":"connect.challenge","payload":{"nonce":"da0b7342-e5ba-45a7-9303-506872635bd1","ts":1784958744544}}
{"type":"res","id":"init_connect","ok":false,"error":{"code":"INVALID_REQUEST","message":"invalid connect params: at /client: must have required property 'id'; at /client: unexpected property 'name'"}}
{"type":"event","event":"connect.challenge","payload":{"nonce":"dccc7582-a32e-4d4c-ba52-201d7391e9c4","ts":1784958749564}}
{"type":"res","id":"init_connect","ok":false,"error":{"code":"INVALID_REQUEST","message":"invalid connect params: at /client: must have required property 'id'; at /client: unexpected property 'name'"}}
{"type":"event","event":"connect.challenge","payload":{"nonce":"c78fbd34-d2dd-450b-b0fd-b622be25bdc9","ts":1784958754585}}
{"type":"res","id":"init_connect","ok":false,"error":{"code":"INVALID_REQUEST","message":"invalid connect params: at /client: must have required property 'id'; at /client: unexpected property 'name'"}}
{"type":"event","event":"connect.challenge","payload":{"nonce":"e9304a0f-f30a-400a-a0dc-4e390a6147bc","ts":1784958759596}}
{"type":"res","id":"init_connect","ok":false,"error":{"code":"INVALID_REQUEST","message":"invalid connect params: at /client: must have required property 'id'; at /client: unexpected property 'name'"}}
{"type":"event","event":"connect.challenge","payload":{"nonce":"ab878c4d-bd15-47ae-9452-09ecf7c90ce4","ts":1784958765658}}
{"type":"res","id":"init_connect","ok":false,"error":{"code":"INVALID_REQUEST","message":"invalid connect params: at /client: must have required property 'platform'; at /client/id: must be equal to one of the allowed values"}}
{"type":"event","event":"connect.challenge","payload":{"nonce":"21735c7a-8f88-4b4f-a800-7a9c15c93509","ts":1784958770673}}
{"type":"res","id":"init_connect","ok":false,"error":{"code":"INVALID_REQUEST","message":"invalid connect params: at /client: must have required property 'platform'; at /client/id: must be equal to one of the allowed values"}}
{"type":"event","event":"connect.challenge","payload":{"nonce":"9002647c-e520-4e9b-b3d0-91185353ec92","ts":1784958775682}}
{"type":"res","id":"init_connect","ok":false,"error":{"code":"INVALID_REQUEST","message":"invalid connect params: at /client: must have required property 'platform'; at /client/id: must be equal to one of the allowed values"}}
{"type":"event","event":"connect.challenge","payload":{"nonce":"7a3f64d7-36b0-428c-80d1-b3d8433ba489","ts":1784958780690}}
{"type":"res","id":"init_connect","ok":false,"error":{"code":"INVALID_REQUEST","message":"invalid connect params: at /client: must have required property 'platform'; at /client/id: must be equal to one of the allowed values"}}
{"type":"event","event":"connect.challenge","payload":{"nonce":"a0bb16c7-6d69-4ee0-8759-f62248538de0","ts":1784958785697}}
{"type":"res","id":"init_connect","ok":false,"error":{"code":"INVALID_REQUEST","message":"invalid connect params: at /client: must have required property 'platform'; at /client/id: must be equal to one of the allowed values"}}
{"type":"event","event":"connect.challenge","payload":{"nonce":"3fa5535a-2574-40ef-a783-29e54290f1d7","ts":1784958790712}}
{"type":"res","id":"init_connect","ok":false,"error":{"code":"INVALID_REQUEST","message":"invalid connect params: at /client: must have required property 'platform'; at /client/id: must be equal to one of the allowed values"}}
{"type":"event","event":"connect.challenge","payload":{"nonce":"331944b0-72fd-40d3-af46-e8d8a1fd381e","ts":1784958795733}}
{"type":"res","id":"init_connect","ok":false,"error":{"code":"INVALID_REQUEST","message":"invalid connect params: at /client: must have required property 'platform'; at /client/id: must be equal to one of the allowed values"}}
{"type":"event","event":"connect.challenge","payload":{"nonce":"e9364177-2a09-49ad-899e-1a8d9af378c1","ts":1784958800743}}
{"type":"res","id":"init_connect","ok":false,"error":{"code":"INVALID_REQUEST","message":"invalid connect params: at /client: must have required property 'platform'; at /client/id: must be equal to one of the allowed values"}}
{"type":"event","event":"connect.challenge","payload":{"nonce":"f6e8af11-5dc1-48f4-8cef-f91b668e656e","ts":1784958805763}}
{"type":"res","id":"init_connect","ok":false,"error":{"code":"INVALID_REQUEST","message":"invalid connect params: at /client: must have required property 'platform'; at /client/id: must be equal to one of the allowed values"}}
{"type":"event","event":"connect.challenge","payload":{"nonce":"037d220c-759a-4f9e-8054-bfd84d919d6a","ts":1784958810771}}
{"type":"res","id":"init_connect","ok":false,"error":{"code":"INVALID_REQUEST","message":"invalid connect params: at /client: must have required property 'platform'; at /client/id: must be equal to one of the allowed values"}}
{"type":"event","event":"connect.challenge","payload":{"nonce":"a0643f55-d909-4f2c-a7e2-a72824fc792d","ts":1784958815788}}
{"type":"res","id":"init_connect","ok":false,"error":{"code":"INVALID_REQUEST","message":"invalid connect params: at /client: must have required property 'platform'; at /client/id: must be equal to one of the allowed values"}}
{"type":"event","event":"connect.challenge","payload":{"nonce":"20919095-f95d-4963-8eda-f67479b424c1","ts":1784958820812}}
{"type":"res","id":"init_connect","ok":false,"error":{"code":"INVALID_REQUEST","message":"invalid connect params: at /client: must have required property 'platform'; at /client/id: must be equal to one of the allowed values"}}
{"type":"event","event":"connect.challenge","payload":{"nonce":"4fef31bc-c6eb-46f0-a330-71e7a624a02c","ts":1784958825828}}
{"type":"res","id":"init_connect","ok":false,"error":{"code":"INVALID_REQUEST","message":"invalid connect params: at /client: must have required property 'platform'; at /client/id: must be equal to one of the allowed values"}}
{"type":"event","event":"connect.challenge","payload":{"nonce":"559064a5-ceb5-416e-860c-8b8a8a22a042","ts":1784958830848}}
{"type":"res","id":"init_connect","ok":false,"error":{"code":"INVALID_REQUEST","message":"invalid connect params: at /client: must have required property 'platform'; at /client/id: must be equal to one of the allowed values"}}
{"type":"event","event":"connect.challenge","payload":{"nonce":"25ab3475-72f3-43f9-961b-74c57deecce0","ts":1784958835876}}
{"type":"res","id":"init_connect","ok":false,"error":{"code":"INVALID_REQUEST","message":"invalid connect params: at /client: must have required property 'platform'; at /client/id: must be equal to one of the allowed values"}}
{"type":"event","event":"connect.challenge","payload":{"nonce":"ed3d9e18-a5de-4306-a350-c661bef31639","ts":1784958840892}}
{"type":"res","id":"init_connect","ok":false,"error":{"code":"INVALID_REQUEST","message":"invalid connect params: at /client: must have required property 'platform'; at /client/id: must be equal to one of the allowed values"}}
{"type":"event","event":"connect.challenge","payload":{"nonce":"c8b1ac2a-a46d-46d4-bc8c-9755ec581fae","ts":1784958845908}}
{"type":"res","id":"init_connect","ok":false,"error":{"code":"INVALID_REQUEST","message":"invalid connect params: at /client: must have required property 'platform'; at /client/id: must be equal to one of the allowed values"}}
{"type":"event","event":"connect.challenge","payload":{"nonce":"311dd49d-d4cb-4779-a6a7-53b665fbe956","ts":1784958850925}}
{"type":"res","id":"init_connect","ok":false,"error":{"code":"INVALID_REQUEST","message":"invalid connect params: at /client: must have required property 'platform'; at /client/id: must be equal to one of the allowed values"}}
{"type":"event","event":"connect.challenge","payload":{"nonce":"3afcbeac-1481-4a5a-8e1c-8f1071b9f218","ts":1784958855949}}
{"type":"res","id":"init_connect","ok":false,"error":{"code":"INVALID_REQUEST","message":"invalid connect params: at /client: must have required property 'platform'; at /client/id: must be equal to one of the allowed values"}}
{"type":"event","event":"connect.challenge","payload":{"nonce":"0751823e-0f81-4305-91a8-8089cfcd6e76","ts":1784958860970}}
{"type":"res","id":"init_connect","ok":false,"error":{"code":"INVALID_REQUEST","message":"invalid connect params: at /client: must have required property 'platform'; at /client/id: must be equal to one of the allowed values"}}
{"type":"event","event":"connect.challenge","payload":{"nonce":"e2882c6e-7571-4dcd-9fd9-89aafbcf6cd9","ts":1784958865992}}
{"type":"res","id":"init_connect","ok":false,"error":{"code":"INVALID_REQUEST","message":"invalid connect params: at /client: must have required property 'platform'; at /client/id: must be equal to one of the allowed values"}}
{"type":"event","event":"connect.challenge","payload":{"nonce":"50a28530-a544-4363-a374-9c3e9f9f8e54","ts":1784958871004}}
{"type":"res","id":"init_connect","ok":false,"error":{"code":"INVALID_REQUEST","message":"invalid connect params: at /client: must have required property 'platform'; at /client/id: must be equal to one of the allowed values"}}
{"type":"event","event":"connect.challenge","payload":{"nonce":"2a35d561-e920-434f-9b2f-e28ed8e36e23","ts":1784958876025}}
{"type":"res","id":"init_connect","ok":false,"error":{"code":"INVALID_REQUEST","message":"invalid connect params: at /client: must have required property 'platform'; at /client/id: must be equal to one of the allowed values"}}
{"type":"event","event":"connect.challenge","payload":{"nonce":"e544fe78-4e89-4fa8-bc7e-2b36663b8162","ts":1784958881038}}
{"type":"res","id":"init_connect","ok":false,"error":{"code":"INVALID_REQUEST","message":"invalid connect params: at /client: must have required property 'platform'; at /client/id: must be equal to one of the allowed values"}}
{"type":"event","event":"connect.challenge","payload":{"nonce":"a08e4dfa-7498-4f58-9885-2f5803997210","ts":1784958886060}}
{"type":"res","id":"init_connect","ok":false,"error":{"code":"INVALID_REQUEST","message":"invalid connect params: at /client: must have required property 'platform'; at /client/id: must be equal to one of the allowed values"}}
{"type":"event","event":"connect.challenge","payload":{"nonce":"1ab05643-4972-4e9b-9ef7-ed743ebbbf45","ts":1784958891080}}
{"type":"res","id":"init_connect","ok":false,"error":{"code":"INVALID_REQUEST","message":"invalid connect params: at /client: must have required property 'platform'; at /client/id: must be equal to one of the allowed values"}}
{"type":"event","event":"connect.challenge","payload":{"nonce":"a4e39ab1-0337-4d87-a070-afd8fe871652","ts":1784958896096}}
{"type":"res","id":"init_connect","ok":false,"error":{"code":"INVALID_REQUEST","message":"invalid connect params: at /client: must have required property 'platform'; at /client/id: must be equal to one of the allowed values"}}
{"type":"event","event":"connect.challenge","payload":{"nonce":"8dd23b55-30fd-490c-934d-bfdd9201f16d","ts":1784958901109}}
{"type":"res","id":"init_connect","ok":false,"error":{"code":"INVALID_REQUEST","message":"invalid connect params: at /client: must have required property 'platform'; at /client/id: must be equal to one of the allowed values"}}
{"type":"event","event":"connect.challenge","payload":{"nonce":"eb69e365-7106-4b2a-a48a-1abf523382d9","ts":1784958906125}}
{"type":"res","id":"init_connect","ok":false,"error":{"code":"INVALID_REQUEST","message":"invalid connect params: at /client: must have required property 'platform'; at /client/id: must be equal to one of the allowed values"}}
{"type":"event","event":"connect.challenge","payload":{"nonce":"e8652039-a0aa-4077-8d46-095916eeb58a","ts":1784958911134}}
{"type":"res","id":"init_connect","ok":false,"error":{"code":"INVALID_REQUEST","message":"invalid connect params: at /client: must have required property 'platform'; at /client/id: must be equal to one of the allowed values"}}
{"type":"event","event":"connect.challenge","payload":{"nonce":"6bf287db-8860-4ae4-8b81-3b07404cb665","ts":1784958916159}}
{"type":"res","id":"init_connect","ok":false,"error":{"code":"INVALID_REQUEST","message":"invalid connect params: at /client: must have required property 'platform'; at /client/id: must be equal to one of the allowed values"}}
{"type":"event","event":"connect.challenge","payload":{"nonce":"cfe5daaa-37f7-4fff-94a6-5578a7fb8c39","ts":1784958921178}}
{"type":"res","id":"init_connect","ok":false,"error":{"code":"INVALID_REQUEST","message":"invalid connect params: at /client: must have required property 'platform'; at /client/id: must be equal to one of the allowed values"}}
{"type":"event","event":"connect.challenge","payload":{"nonce":"4380610f-a3c0-4efa-bafb-51796fabc733","ts":1784958926202}}
{"type":"res","id":"init_connect","ok":false,"error":{"code":"INVALID_REQUEST","message":"invalid connect params: at /client: must have required property 'platform'; at /client/id: must be equal to one of the allowed values"}}
{"type":"event","event":"connect.challenge","payload":{"nonce":"4ed703a4-0639-4d0e-8d48-89cee75d5f0b","ts":1784958931213}}
{"type":"res","id":"init_connect","ok":false,"error":{"code":"INVALID_REQUEST","message":"invalid connect params: at /client: must have required property 'platform'; at /client/id: must be equal to one of the allowed values"}}
{"type":"event","event":"connect.challenge","payload":{"nonce":"a3307cbd-1fbc-4258-afa2-b51920f7e168","ts":1784958936223}}
{"type":"res","id":"init_connect","ok":false,"error":{"code":"INVALID_REQUEST","message":"invalid connect params: at /client: must have required property 'platform'; at /client/id: must be equal to one of the allowed values"}}
{"type":"event","event":"connect.challenge","payload":{"nonce":"9b1b508f-29c7-455c-a4bb-97e96aebe3e7","ts":1784958941247}}
{"type":"res","id":"init_connect","ok":false,"error":{"code":"INVALID_REQUEST","message":"invalid connect params: at /client: must have required property 'platform'; at /client/id: must be equal to one of the allowed values"}}
{"type":"event","event":"connect.challenge","payload":{"nonce":"542e8037-cf35-43fe-b59a-9c7dea163b3c","ts":1784958946266}}
{"type":"res","id":"init_connect","ok":false,"error":{"code":"INVALID_REQUEST","message":"invalid connect params: at /client: must have required property 'platform'; at /client/id: must be equal to one of the allowed values"}}
{"type":"event","event":"connect.challenge","payload":{"nonce":"582f608e-6eed-43a5-9ef8-8b8424a2e6c7","ts":1784958951275}}
{"type":"res","id":"init_connect","ok":false,"error":{"code":"INVALID_REQUEST","message":"invalid connect params: at /client: must have required property 'platform'; at /client/id: must be equal to one of the allowed values"}}
{"type":"event","event":"connect.challenge","payload":{"nonce":"d158dfb5-8b45-4829-a3c0-86f0924dfb6c","ts":1784958956288}}
{"type":"res","id":"init_connect","ok":false,"error":{"code":"INVALID_REQUEST","message":"invalid connect params: at /client: must have required property 'platform'; at /client/id: must be equal to one of the allowed values"}}
{"type":"event","event":"connect.challenge","payload":{"nonce":"30bec127-0019-4f5f-9ef9-8e04dba97adf","ts":1784958961299}}
{"type":"res","id":"init_connect","ok":false,"error":{"code":"INVALID_REQUEST","message":"invalid connect params: at /client: must have required property 'platform'; at /client/id: must be equal to one of the allowed values"}}
{"type":"event","event":"connect.challenge","payload":{"nonce":"10341d96-f56c-466b-a6b9-0e57c6128316","ts":1784958966316}}
{"type":"res","id":"init_connect","ok":false,"error":{"code":"INVALID_REQUEST","message":"invalid connect params: at /client: must have required property 'platform'; at /client/id: must be equal to one of the allowed values"}}
{"type":"event","event":"connect.challenge","payload":{"nonce":"1b9378e6-3bdd-4ec2-8c27-8a3c521b17cd","ts":1784958971328}}
{"type":"res","id":"init_connect","ok":false,"error":{"code":"INVALID_REQUEST","message":"invalid connect params: at /client: must have required property 'platform'; at /client/id: must be equal to one of the allowed values"}}
{"type":"event","event":"connect.challenge","payload":{"nonce":"0ef28f50-6d2c-4520-a740-f35801e7d094","ts":1784958976346}}
{"type":"res","id":"init_connect","ok":false,"error":{"code":"INVALID_REQUEST","message":"invalid connect params: at /client: must have required property 'platform'; at /client/id: must be equal to one of the allowed values"}}
{"type":"event","event":"connect.challenge","payload":{"nonce":"0081c1ac-6bd7-4fd5-a272-44a72424254b","ts":1784958981357}}
{"type":"res","id":"init_connect","ok":false,"error":{"code":"INVALID_REQUEST","message":"invalid connect params: at /client: must have required property 'platform'; at /client/id: must be equal to one of the allowed values"}}
{"type":"event","event":"connect.challenge","payload":{"nonce":"3cb8602b-f800-45ae-86b1-ad5eac4914b9","ts":1784958986374}}
{"type":"res","id":"init_connect","ok":false,"error":{"code":"INVALID_REQUEST","message":"invalid connect params: at /client: must have required property 'platform'; at /client/id: must be equal to one of the allowed values"}}
{"type":"event","event":"connect.challenge","payload":{"nonce":"f54526c1-4d1f-4c3e-82c2-d128cdb74470","ts":1784958991393}}
{"type":"res","id":"init_connect","ok":false,"error":{"code":"INVALID_REQUEST","message":"invalid connect params: at /client: must have required property 'platform'; at /client/id: must be equal to one of the allowed values"}}
{"type":"event","event":"connect.challenge","payload":{"nonce":"b0790342-ab3a-4248-a10e-d9238d0129eb","ts":1784958996401}}
{"type":"res","id":"init_connect","ok":false,"error":{"code":"INVALID_REQUEST","message":"invalid connect params: at /client: must have required property 'platform'; at /client/id: must be equal to one of the allowed values"}}
{"type":"event","event":"connect.challenge","payload":{"nonce":"47249b63-df22-4be8-8622-c18e5c7b9fd0","ts":1784959001423}}
{"type":"res","id":"init_connect","ok":false,"error":{"code":"INVALID_REQUEST","message":"invalid connect params: at /client: must have required property 'platform'; at /client/id: must be equal to one of the allowed values"}}
{"type":"event","event":"connect.challenge","payload":{"nonce":"77608be7-7b24-4139-aee8-c9dd18b7b758","ts":1784959006503}}
{"type":"res","id":"init_connect","ok":false,"error":{"code":"INVALID_REQUEST","message":"invalid connect params: at /client: must have required property 'platform'; at /client/id: must be equal to one of the allowed values"}}
{"type":"event","event":"connect.challenge","payload":{"nonce":"81f93f9f-79ee-4894-81f8-ed8578258723","ts":1784959011526}}
{"type":"res","id":"init_connect","ok":false,"error":{"code":"INVALID_REQUEST","message":"invalid connect params: at /client: must have required property 'platform'; at /client/id: must be equal to one of the allowed values"}}
{"type":"event","event":"connect.challenge","payload":{"nonce":"02cb9d5e-e2bc-4de3-a410-d0f7b63b3df5","ts":1784959016550}}
{"type":"res","id":"init_connect","ok":false,"error":{"code":"INVALID_REQUEST","message":"invalid connect params: at /client: must have required property 'platform'; at /client/id: must be equal to one of the allowed values"}}
{"type":"event","event":"connect.challenge","payload":{"nonce":"025081f4-de94-4820-9cbb-9d07a4621a3c","ts":1784959021571}}
{"type":"res","id":"init_connect","ok":false,"error":{"code":"INVALID_REQUEST","message":"invalid connect params: at /client: must have required property 'platform'; at /client/id: must be equal to one of the allowed values"}}
{"type":"event","event":"connect.challenge","payload":{"nonce":"1fc9644d-a886-4feb-9695-ce5cc555db93","ts":1784959026588}}
{"type":"res","id":"init_connect","ok":false,"error":{"code":"INVALID_REQUEST","message":"invalid connect params: at /client: must have required property 'platform'; at /client/id: must be equal to one of the allowed values"}}
{"type":"event","event":"connect.challenge","payload":{"nonce":"4985a994-5381-4056-8d73-f743cbc09df4","ts":1784959031601}}
{"type":"res","id":"init_connect","ok":false,"error":{"code":"INVALID_REQUEST","message":"invalid connect params: at /client: must have required property 'platform'; at /client/id: must be equal to one of the allowed values"}}
{"type":"event","event":"connect.challenge","payload":{"nonce":"83e87454-ea98-4799-b31e-499d273175e6","ts":1784959035352}}
{"type":"res","id":"init_connect","ok":false,"error":{"code":"INVALID_REQUEST","message":"invalid connect params: at /client: must have required property 'mode'; at /client/id: must be equal to one of the allowed values"}}
{"type":"event","event":"connect.challenge","payload":{"nonce":"ba1c607b-888b-4cb8-aae3-2a00ea27ceb3","ts":1784959040361}}
{"type":"res","id":"init_connect","ok":false,"error":{"code":"INVALID_REQUEST","message":"invalid connect params: at /client: must have required property 'mode'; at /client/id: must be equal to one of the allowed values"}}
{"type":"event","event":"connect.challenge","payload":{"nonce":"b18d2ab8-aaf4-4f65-a201-c1b1729d8540","ts":1784959045375}}
{"type":"res","id":"init_connect","ok":false,"error":{"code":"INVALID_REQUEST","message":"invalid connect params: at /client: must have required property 'mode'; at /client/id: must be equal to one of the allowed values"}}
{"type":"event","event":"connect.challenge","payload":{"nonce":"ee5b7374-ecef-4446-bd55-86b3fc4b0b7a","ts":1784959050386}}
{"type":"res","id":"init_connect","ok":false,"error":{"code":"INVALID_REQUEST","message":"invalid connect params: at /client: must have required property 'mode'; at /client/id: must be equal to one of the allowed values"}}
{"type":"event","event":"connect.challenge","payload":{"nonce":"e27ffaad-028a-41b2-90b0-aad0a56c9e45","ts":1784959055404}}
{"type":"res","id":"init_connect","ok":false,"error":{"code":"INVALID_REQUEST","message":"invalid connect params: at /client: must have required property 'mode'; at /client/id: must be equal to one of the allowed values"}}
{"type":"event","event":"connect.challenge","payload":{"nonce":"6257d992-da59-4a21-b316-c0a58ad254d5","ts":1784959060421}}
{"type":"res","id":"init_connect","ok":false,"error":{"code":"INVALID_REQUEST","message":"invalid connect params: at /client: must have required property 'mode'; at /client/id: must be equal to one of the allowed values"}}
{"type":"event","event":"connect.challenge","payload":{"nonce":"e645c33d-1bc3-4d1f-9e36-b325eaf6e913","ts":1784959065436}}
{"type":"res","id":"init_connect","ok":false,"error":{"code":"INVALID_REQUEST","message":"invalid connect params: at /client: must have required property 'mode'; at /client/id: must be equal to one of the allowed values"}}
{"type":"event","event":"connect.challenge","payload":{"nonce":"895d21a0-7e83-47c4-bbfd-aa72c64f7144","ts":1784959070448}}
{"type":"res","id":"init_connect","ok":false,"error":{"code":"INVALID_REQUEST","message":"invalid connect params: at /client: must have required property 'mode'; at /client/id: must be equal to one of the allowed values"}}
{"type":"event","event":"connect.challenge","payload":{"nonce":"b908031b-9684-4a51-8dea-b6e6c1175446","ts":1784959075462}}
{"type":"res","id":"init_connect","ok":false,"error":{"code":"INVALID_REQUEST","message":"invalid connect params: at /client: must have required property 'mode'; at /client/id: must be equal to one of the allowed values"}}
{"type":"event","event":"connect.challenge","payload":{"nonce":"b3a95307-7b68-4599-ada7-f332350006a7","ts":1784959080470}}
{"type":"res","id":"init_connect","ok":false,"error":{"code":"INVALID_REQUEST","message":"invalid connect params: at /client: must have required property 'mode'; at /client/id: must be equal to one of the allowed values"}}
{"type":"event","event":"connect.challenge","payload":{"nonce":"d523148a-37c4-41cd-9415-8c1279df6d1b","ts":1784959085479}}
{"type":"res","id":"init_connect","ok":false,"error":{"code":"INVALID_REQUEST","message":"invalid connect params: at /client: must have required property 'mode'; at /client/id: must be equal to one of the allowed values"}}
{"type":"event","event":"connect.challenge","payload":{"nonce":"4d0aacd4-f007-4f55-8772-c3a8a43a35ec","ts":1784959090501}}
{"type":"res","id":"init_connect","ok":false,"error":{"code":"INVALID_REQUEST","message":"invalid connect params: at /client: must have required property 'mode'; at /client/id: must be equal to one of the allowed values"}}
{"type":"event","event":"connect.challenge","payload":{"nonce":"227f9a92-e17b-4bdc-9c15-ea815eeaf792","ts":1784959095528}}
{"type":"res","id":"init_connect","ok":false,"error":{"code":"INVALID_REQUEST","message":"invalid connect params: at /client: must have required property 'mode'; at /client/id: must be equal to one of the allowed values"}}
{"type":"event","event":"connect.challenge","payload":{"nonce":"2a2029fe-d8c6-412c-a007-b4d37ae37859","ts":1784959100546}}
{"type":"res","id":"init_connect","ok":false,"error":{"code":"INVALID_REQUEST","message":"invalid connect params: at /client: must have required property 'mode'; at /client/id: must be equal to one of the allowed values"}}
{"type":"event","event":"connect.challenge","payload":{"nonce":"a7174413-4ffa-441a-806a-b47baadeba91","ts":1784959105567}}
{"type":"res","id":"init_connect","ok":false,"error":{"code":"INVALID_REQUEST","message":"invalid connect params: at /client: must have required property 'mode'; at /client/id: must be equal to one of the allowed values"}}
{"type":"event","event":"connect.challenge","payload":{"nonce":"816f2559-d95c-422d-b852-fd58eb411f1f","ts":1784959110578}}
{"type":"res","id":"init_connect","ok":false,"error":{"code":"INVALID_REQUEST","message":"invalid connect params: at /client: must have required property 'mode'; at /client/id: must be equal to one of the allowed values"}}
{"type":"event","event":"connect.challenge","payload":{"nonce":"9e83da7d-f1c4-43bd-8014-2406b8db069b","ts":1784959115591}}
{"type":"res","id":"init_connect","ok":false,"error":{"code":"INVALID_REQUEST","message":"invalid connect params: at /client: must have required property 'mode'; at /client/id: must be equal to one of the allowed values"}}
{"type":"event","event":"connect.challenge","payload":{"nonce":"7b0dc782-5443-4158-aac4-4b41063e00dd","ts":1784959120606}}
{"type":"res","id":"init_connect","ok":false,"error":{"code":"INVALID_REQUEST","message":"invalid connect params: at /client: must have required property 'mode'; at /client/id: must be equal to one of the allowed values"}}
{"type":"event","event":"connect.challenge","payload":{"nonce":"b60939bb-c02a-4c05-9874-3bb8d6c2466d","ts":1784959125789}}
{"type":"res","id":"init_connect","ok":false,"error":{"code":"INVALID_REQUEST","message":"invalid connect params: at /client: must have required property 'mode'; at /client/id: must be equal to one of the allowed values"}}
{"type":"event","event":"connect.challenge","payload":{"nonce":"32755eea-5222-46e5-886c-d54dd173d6fd","ts":1784959130810}}
{"type":"res","id":"init_connect","ok":false,"error":{"code":"INVALID_REQUEST","message":"invalid connect params: at /client: must have required property 'mode'; at /client/id: must be equal to one of the allowed values"}}
{"type":"event","event":"connect.challenge","payload":{"nonce":"dc330913-d544-4a7b-aa2c-4d3bcfd9558a","ts":1784959135834}}
{"type":"res","id":"init_connect","ok":false,"error":{"code":"INVALID_REQUEST","message":"invalid connect params: at /client: must have required property 'mode'; at /client/id: must be equal to one of the allowed values"}}
{"type":"event","event":"connect.challenge","payload":{"nonce":"1359309f-231a-4fba-b3d8-3d12c32aea94","ts":1784959140861}}
{"type":"res","id":"init_connect","ok":false,"error":{"code":"INVALID_REQUEST","message":"invalid connect params: at /client: must have required property 'mode'; at /client/id: must be equal to one of the allowed values"}}
{"type":"event","event":"connect.challenge","payload":{"nonce":"d0d44cf3-35e4-4f98-ab41-1f2e9c630a51","ts":1784959145877}}
{"type":"res","id":"init_connect","ok":false,"error":{"code":"INVALID_REQUEST","message":"invalid connect params: at /client: must have required property 'mode'; at /client/id: must be equal to one of the allowed values"}}
{"type":"event","event":"connect.challenge","payload":{"nonce":"27bd3940-f4c7-430c-a2b5-e8d9e4f98cc9","ts":1784959150907}}
{"type":"res","id":"init_connect","ok":false,"error":{"code":"INVALID_REQUEST","message":"invalid connect params: at /client: must have required property 'mode'; at /client/id: must be equal to one of the allowed values"}}
{"type":"event","event":"connect.challenge","payload":{"nonce":"4e3164be-a034-4405-90b6-dc2253990d41","ts":1784959155919}}
{"type":"res","id":"init_connect","ok":false,"error":{"code":"INVALID_REQUEST","message":"invalid connect params: at /client: must have required property 'mode'; at /client/id: must be equal to one of the allowed values"}}
{"type":"event","event":"connect.challenge","payload":{"nonce":"51eb409e-fd76-4bc6-b0f9-18f62b7a4d94","ts":1784959160933}}
{"type":"res","id":"init_connect","ok":false,"error":{"code":"INVALID_REQUEST","message":"invalid connect params: at /client: must have required property 'mode'; at /client/id: must be equal to one of the allowed values"}}
{"type":"event","event":"connect.challenge","payload":{"nonce":"e3952fab-d943-4534-94c6-5eb43c11c761","ts":1784959165035}}
{"type":"res","id":"init_connect","ok":false,"error":{"code":"INVALID_REQUEST","message":"invalid connect params: at /client: must have required property 'mode'; at /client/id: must be equal to one of the allowed values"}}
{"type":"event","event":"connect.challenge","payload":{"nonce":"084d825e-0c1a-4a2a-b76e-60159b92a413","ts":1784959170046}}
{"type":"res","id":"init_connect","ok":false,"error":{"code":"INVALID_REQUEST","message":"invalid connect params: at /client: must have required property 'mode'; at /client/id: must be equal to one of the allowed values"}}
{"type":"event","event":"connect.challenge","payload":{"nonce":"977ebb34-df84-4fae-ad63-443a0a0b4bf7","ts":1784959175060}}
{"type":"res","id":"init_connect","ok":false,"error":{"code":"INVALID_REQUEST","message":"invalid connect params: at /client: must have required property 'mode'; at /client/id: must be equal to one of the allowed values"}}
{"type":"event","event":"connect.challenge","payload":{"nonce":"4a9efc70-9796-486b-bdf6-0ac2c55591af","ts":1784959180073}}
{"type":"res","id":"init_connect","ok":false,"error":{"code":"INVALID_REQUEST","message":"invalid connect params: at /client: must have required property 'mode'; at /client/id: must be equal to one of the allowed values"}}
{"type":"event","event":"connect.challenge","payload":{"nonce":"b8553026-0a0e-4365-b8ab-95aa888e8004","ts":1784959185092}}
{"type":"res","id":"init_connect","ok":false,"error":{"code":"INVALID_REQUEST","message":"invalid connect params: at /client: must have required property 'mode'; at /client/id: must be equal to one of the allowed values"}}
{"type":"event","event":"connect.challenge","payload":{"nonce":"a1742178-3d85-437b-a373-0f2417307779","ts":1784959190103}}
{"type":"res","id":"init_connect","ok":false,"error":{"code":"INVALID_REQUEST","message":"invalid connect params: at /client: must have required property 'mode'; at /client/id: must be equal to one of the allowed values"}}
{"type":"event","event":"connect.challenge","payload":{"nonce":"d918296f-85f0-4877-bd06-22ef0fb5ad71","ts":1784959195118}}
{"type":"res","id":"init_connect","ok":false,"error":{"code":"INVALID_REQUEST","message":"invalid connect params: at /client: must have required property 'mode'; at /client/id: must be equal to one of the allowed values"}}
{"type":"event","event":"connect.challenge","payload":{"nonce":"6656b6ad-9580-41a5-8097-0019c2946c2c","ts":1784959200139}}
{"type":"res","id":"init_connect","ok":false,"error":{"code":"INVALID_REQUEST","message":"invalid connect params: at /client: must have required property 'mode'; at /client/id: must be equal to one of the allowed values"}}
{"type":"event","event":"connect.challenge","payload":{"nonce":"4a7ac7e9-33ac-4995-84c6-04f5a3fea699","ts":1784959205162}}
{"type":"res","id":"init_connect","ok":false,"error":{"code":"INVALID_REQUEST","message":"invalid connect params: at /client: must have required property 'mode'; at /client/id: must be equal to one of the allowed values"}}
{"type":"event","event":"connect.challenge","payload":{"nonce":"e3ace58e-90e1-4536-a792-da6e90433600","ts":1784959210184}}
{"type":"res","id":"init_connect","ok":false,"error":{"code":"INVALID_REQUEST","message":"invalid connect params: at /client: must have required property 'mode'; at /client/id: must be equal to one of the allowed values"}}
{"type":"event","event":"connect.challenge","payload":{"nonce":"a80b33c8-44d9-4f8b-98c3-35d609ec8e29","ts":1784959215204}}
{"type":"res","id":"init_connect","ok":false,"error":{"code":"INVALID_REQUEST","message":"invalid connect params: at /client: must have required property 'mode'; at /client/id: must be equal to one of the allowed values"}}
{"type":"event","event":"connect.challenge","payload":{"nonce":"3f0d9899-cb0e-4e7a-be1f-a6ea357233ee","ts":1784959220218}}
{"type":"res","id":"init_connect","ok":false,"error":{"code":"INVALID_REQUEST","message":"invalid connect params: at /client: must have required property 'mode'; at /client/id: must be equal to one of the allowed values"}}
{"type":"event","event":"connect.challenge","payload":{"nonce":"21e9e9f0-ea46-422a-84b0-40cba4f98933","ts":1784959225232}}
{"type":"res","id":"init_connect","ok":false,"error":{"code":"INVALID_REQUEST","message":"invalid connect params: at /client: must have required property 'mode'; at /client/id: must be equal to one of the allowed values"}}
{"type":"event","event":"connect.challenge","payload":{"nonce":"25e354d5-8324-4147-8b23-c8756e7ac4b6","ts":1784959230244}}
{"type":"res","id":"init_connect","ok":false,"error":{"code":"INVALID_REQUEST","message":"invalid connect params: at /client: must have required property 'mode'; at /client/id: must be equal to one of the allowed values"}}
{"type":"event","event":"connect.challenge","payload":{"nonce":"2ccd757a-4676-4f8b-bd18-6ba6f0dd80d2","ts":1784959235269}}
{"type":"res","id":"init_connect","ok":false,"error":{"code":"INVALID_REQUEST","message":"invalid connect params: at /client: must have required property 'mode'; at /client/id: must be equal to one of the allowed values"}}
{"type":"event","event":"connect.challenge","payload":{"nonce":"b69b1124-d22c-4ea8-98e6-3554e5f693a6","ts":1784959240286}}
{"type":"res","id":"init_connect","ok":false,"error":{"code":"INVALID_REQUEST","message":"invalid connect params: at /client: must have required property 'mode'; at /client/id: must be equal to one of the allowed values"}}
{"type":"event","event":"connect.challenge","payload":{"nonce":"1e3497c2-82fe-4f75-bcc7-43035f0b8b1c","ts":1784959245306}}
{"type":"res","id":"init_connect","ok":false,"error":{"code":"INVALID_REQUEST","message":"invalid connect params: at /client: must have required property 'mode'; at /client/id: must be equal to one of the allowed values"}}
{"type":"event","event":"connect.challenge","payload":{"nonce":"3f29d7b7-8d88-4773-be55-9464dd55227f","ts":1784959250329}}
{"type":"res","id":"init_connect","ok":false,"error":{"code":"INVALID_REQUEST","message":"invalid connect params: at /client: must have required property 'mode'; at /client/id: must be equal to one of the allowed values"}}
{"type":"event","event":"connect.challenge","payload":{"nonce":"cf85569c-4ba9-4599-84c4-176574846598","ts":1784959255358}}
{"type":"res","id":"init_connect","ok":false,"error":{"code":"INVALID_REQUEST","message":"invalid connect params: at /client: must have required property 'mode'; at /client/id: must be equal to one of the allowed values"}}
{"type":"event","event":"connect.challenge","payload":{"nonce":"b5d63169-029f-44e8-adf2-d93f05eb59d5","ts":1784959260367}}
{"type":"res","id":"init_connect","ok":false,"error":{"code":"INVALID_REQUEST","message":"invalid connect params: at /client: must have required property 'mode'; at /client/id: must be equal to one of the allowed values"}}
{"type":"event","event":"connect.challenge","payload":{"nonce":"1683e181-fcd9-4394-934c-24cbe54b9abc","ts":1784959265376}}
{"type":"res","id":"init_connect","ok":false,"error":{"code":"INVALID_REQUEST","message":"invalid connect params: at /client: must have required property 'mode'; at /client/id: must be equal to one of the allowed values"}}
{"type":"event","event":"connect.challenge","payload":{"nonce":"82702965-471d-4242-ba62-257c7af9f5f7","ts":1784959270385}}
{"type":"res","id":"init_connect","ok":false,"error":{"code":"INVALID_REQUEST","message":"invalid connect params: at /client: must have required property 'mode'; at /client/id: must be equal to one of the allowed values"}}
{"type":"event","event":"connect.challenge","payload":{"nonce":"fc3b96e3-fa1f-4d58-8d37-24a8b3d3549a","ts":1784959275403}}
{"type":"res","id":"init_connect","ok":false,"error":{"code":"INVALID_REQUEST","message":"invalid connect params: at /client: must have required property 'mode'; at /client/id: must be equal to one of the allowed values"}}
{"type":"event","event":"connect.challenge","payload":{"nonce":"11f768ca-597d-404e-8c92-b13f9dd820b9","ts":1784959282739}}
{"type":"res","id":"init_connect","ok":false,"error":{"code":"INVALID_REQUEST","message":"invalid connect params: at /client: must have required property 'mode'; at /client/id: must be equal to one of the allowed values"}}
{"type":"event","event":"connect.challenge","payload":{"nonce":"3240d9a7-68f0-485c-b248-f58e8e9b3b2b","ts":1784959287746}}
{"type":"res","id":"init_connect","ok":false,"error":{"code":"INVALID_REQUEST","message":"invalid connect params: at /client: must have required property 'mode'; at /client/id: must be equal to one of the allowed values"}}
{"type":"event","event":"connect.challenge","payload":{"nonce":"4268d50f-5c55-4f62-a37f-069190955217","ts":1784959292761}}
{"type":"res","id":"init_connect","ok":false,"error":{"code":"INVALID_REQUEST","message":"invalid connect params: at /client: must have required property 'mode'; at /client/id: must be equal to one of the allowed values"}}
{"type":"event","event":"connect.challenge","payload":{"nonce":"393a392d-0002-4b8b-8c6a-789d50a0f5a7","ts":1784959297772}}
{"type":"res","id":"init_connect","ok":false,"error":{"code":"INVALID_REQUEST","message":"invalid connect params: at /client: must have required property 'mode'; at /client/id: must be equal to one of the allowed values"}}
{"type":"event","event":"connect.challenge","payload":{"nonce":"020256b9-f88d-4b90-8fc2-b74aa19b3dbe","ts":1784959302789}}
{"type":"res","id":"init_connect","ok":false,"error":{"code":"INVALID_REQUEST","message":"invalid connect params: at /client: must have required property 'mode'; at /client/id: must be equal to one of the allowed values"}}
{"type":"event","event":"connect.challenge","payload":{"nonce":"098c7ef2-e3b4-48b4-9e8c-6d0f0a39768e","ts":1784959307800}}
{"type":"res","id":"init_connect","ok":false,"error":{"code":"INVALID_REQUEST","message":"invalid connect params: at /client: must have required property 'mode'; at /client/id: must be equal to one of the allowed values"}}
{"type":"event","event":"connect.challenge","payload":{"nonce":"33352a84-c022-47ea-8cfa-17b552422e9d","ts":1784959312814}}
{"type":"res","id":"init_connect","ok":false,"error":{"code":"INVALID_REQUEST","message":"invalid connect params: at /client: must have required property 'mode'; at /client/id: must be equal to one of the allowed values"}}
{"type":"event","event":"connect.challenge","payload":{"nonce":"7b6939ef-e311-4703-9d5f-4ecfa53370ed","ts":1784959317826}}
{"type":"res","id":"init_connect","ok":false,"error":{"code":"INVALID_REQUEST","message":"invalid connect params: at /client: must have required property 'mode'; at /client/id: must be equal to one of the allowed values"}}
{"type":"event","event":"connect.challenge","payload":{"nonce":"e4859c56-9008-4883-820c-cb675b9dc1ec","ts":1784959322844}}
{"type":"res","id":"init_connect","ok":false,"error":{"code":"INVALID_REQUEST","message":"invalid connect params: at /client: must have required property 'mode'; at /client/id: must be equal to one of the allowed values"}}
{"type":"event","event":"connect.challenge","payload":{"nonce":"87c588fc-4bde-46b2-9323-7a08954f195b","ts":1784959327855}}
{"type":"res","id":"init_connect","ok":false,"error":{"code":"INVALID_REQUEST","message":"invalid connect params: at /client: must have required property 'mode'; at /client/id: must be equal to one of the allowed values"}}
{"type":"event","event":"connect.challenge","payload":{"nonce":"d3b00e86-b93b-48b0-a1cc-5c8ce8298542","ts":1784959332873}}
{"type":"res","id":"init_connect","ok":false,"error":{"code":"INVALID_REQUEST","message":"invalid connect params: at /client: must have required property 'mode'; at /client/id: must be equal to one of the allowed values"}}
{"type":"event","event":"connect.challenge","payload":{"nonce":"d3237431-cd79-4c06-ac3e-1287184e5809","ts":1784959337886}}
{"type":"res","id":"init_connect","ok":false,"error":{"code":"INVALID_REQUEST","message":"invalid connect params: at /client: must have required property 'mode'; at /client/id: must be equal to one of the allowed values"}}
{"type":"event","event":"connect.challenge","payload":{"nonce":"905cfdb2-a428-49f4-a288-05e4224f89c6","ts":1784959342896}}
{"type":"res","id":"init_connect","ok":false,"error":{"code":"INVALID_REQUEST","message":"invalid connect params: at /client: must have required property 'mode'; at /client/id: must be equal to one of the allowed values"}}
{"type":"event","event":"connect.challenge","payload":{"nonce":"adda1fd8-ccf5-48b7-b3fa-72b2732c1915","ts":1784959347904}}
{"type":"res","id":"init_connect","ok":false,"error":{"code":"INVALID_REQUEST","message":"invalid connect params: at /client: must have required property 'mode'; at /client/id: must be equal to one of the allowed values"}}
{"type":"event","event":"connect.challenge","payload":{"nonce":"1f88a06e-03af-49a3-9b5d-430b5ca09a35","ts":1784959352919}}
{"type":"res","id":"init_connect","ok":false,"error":{"code":"INVALID_REQUEST","message":"invalid connect params: at /client: must have required property 'mode'; at /client/id: must be equal to one of the allowed values"}}
{"type":"event","event":"connect.challenge","payload":{"nonce":"61562784-b8dc-4773-99dd-fea2e0e55814","ts":1784959357936}}
{"type":"res","id":"init_connect","ok":false,"error":{"code":"INVALID_REQUEST","message":"invalid connect params: at /client: must have required property 'mode'; at /client/id: must be equal to one of the allowed values"}}
{"type":"event","event":"connect.challenge","payload":{"nonce":"0951dce4-a666-4b10-93ec-de3867e30483","ts":1784959362953}}
{"type":"res","id":"init_connect","ok":false,"error":{"code":"INVALID_REQUEST","message":"invalid connect params: at /client: must have required property 'mode'; at /client/id: must be equal to one of the allowed values"}}
{"type":"event","event":"connect.challenge","payload":{"nonce":"e6edf750-7b84-4118-9a32-0bec7a485d33","ts":1784959367975}}
{"type":"res","id":"init_connect","ok":false,"error":{"code":"INVALID_REQUEST","message":"invalid connect params: at /client: must have required property 'mode'; at /client/id: must be equal to one of the allowed values"}}
{"type":"event","event":"connect.challenge","payload":{"nonce":"6449766d-305d-427d-a1b8-24b42a563244","ts":1784959372997}}
{"type":"res","id":"init_connect","ok":false,"error":{"code":"INVALID_REQUEST","message":"invalid connect params: at /client: must have required property 'mode'; at /client/id: must be equal to one of the allowed values"}}
{"type":"event","event":"connect.challenge","payload":{"nonce":"3623e9ff-cf9a-47bf-befd-974943489d4c","ts":1784959378009}}
{"type":"res","id":"init_connect","ok":false,"error":{"code":"INVALID_REQUEST","message":"invalid connect params: at /client: must have required property 'mode'; at /client/id: must be equal to one of the allowed values"}}
{"type":"event","event":"connect.challenge","payload":{"nonce":"ddaab5aa-c96a-46b0-ba99-c1492dc35813","ts":1784959382608}}
{"type":"res","id":"init_connect","ok":false,"error":{"code":"INVALID_REQUEST","message":"invalid connect params: at /client/id: must be equal to one of the allowed values; at /client/mode: must be equal to one of the allowed values"}}
{"type":"event","event":"connect.challenge","payload":{"nonce":"fcd5a64c-2be5-41df-9e83-2eebb88a9e0e","ts":1784959387632}}
{"type":"res","id":"init_connect","ok":false,"error":{"code":"INVALID_REQUEST","message":"invalid connect params: at /client/id: must be equal to one of the allowed values; at /client/mode: must be equal to one of the allowed values"}}
{"type":"event","event":"connect.challenge","payload":{"nonce":"5efc26e4-b4ce-41c0-8ba6-ebaaf0c73578","ts":1784959392642}}
{"type":"res","id":"init_connect","ok":false,"error":{"code":"INVALID_REQUEST","message":"invalid connect params: at /client/id: must be equal to one of the allowed values; at /client/mode: must be equal to one of the allowed values"}}
{"type":"event","event":"connect.challenge","payload":{"nonce":"326f9a3e-7976-4d2e-a984-600ee65b01ae","ts":1784959397654}}
{"type":"res","id":"init_connect","ok":false,"error":{"code":"INVALID_REQUEST","message":"invalid connect params: at /client/id: must be equal to one of the allowed values; at /client/mode: must be equal to one of the allowed values"}}
{"type":"event","event":"connect.challenge","payload":{"nonce":"b9034a2d-6a86-4829-9e3f-9b19dfcc68dc","ts":1784959402674}}
{"type":"res","id":"init_connect","ok":false,"error":{"code":"INVALID_REQUEST","message":"invalid connect params: at /client/id: must be equal to one of the allowed values; at /client/mode: must be equal to one of the allowed values"}}
{"type":"event","event":"connect.challenge","payload":{"nonce":"a3c8ed71-4aa9-4c66-8f35-355177bd3769","ts":1784959407691}}
{"type":"res","id":"init_connect","ok":false,"error":{"code":"INVALID_REQUEST","message":"invalid connect params: at /client/id: must be equal to one of the allowed values; at /client/mode: must be equal to one of the allowed values"}}
{"type":"event","event":"connect.challenge","payload":{"nonce":"e1f916dc-cd4a-4353-9405-de5a73253494","ts":1784959412706}}
{"type":"res","id":"init_connect","ok":false,"error":{"code":"INVALID_REQUEST","message":"invalid connect params: at /client/id: must be equal to one of the allowed values; at /client/mode: must be equal to one of the allowed values"}}
{"type":"event","event":"connect.challenge","payload":{"nonce":"83257149-394e-42a3-907d-51160dc6de0f","ts":1784959417718}}
{"type":"res","id":"init_connect","ok":false,"error":{"code":"INVALID_REQUEST","message":"invalid connect params: at /client/id: must be equal to one of the allowed values; at /client/mode: must be equal to one of the allowed values"}}
{"type":"event","event":"connect.challenge","payload":{"nonce":"1eeae7ac-ef4b-41fd-8195-31f0cbb3c162","ts":1784959422741}}
{"type":"res","id":"init_connect","ok":false,"error":{"code":"INVALID_REQUEST","message":"invalid connect params: at /client/id: must be equal to one of the allowed values; at /client/mode: must be equal to one of the allowed values"}}
{"type":"event","event":"connect.challenge","payload":{"nonce":"c716d431-c200-4050-8c21-d7de523bd8bb","ts":1784959427760}}
{"type":"res","id":"init_connect","ok":false,"error":{"code":"INVALID_REQUEST","message":"invalid connect params: at /client/id: must be equal to one of the allowed values; at /client/mode: must be equal to one of the allowed values"}}
{"type":"event","event":"connect.challenge","payload":{"nonce":"e6cbcb39-ed22-4861-ae4a-fd81ceaabf97","ts":1784959432783}}
{"type":"res","id":"init_connect","ok":false,"error":{"code":"INVALID_REQUEST","message":"invalid connect params: at /client/id: must be equal to one of the allowed values; at /client/mode: must be equal to one of the allowed values"}}
{"type":"event","event":"connect.challenge","payload":{"nonce":"4a6ac6f1-7987-46e2-82f2-01e16ef8247e","ts":1784959437795}}
{"type":"res","id":"init_connect","ok":false,"error":{"code":"INVALID_REQUEST","message":"invalid connect params: at /client/id: must be equal to one of the allowed values; at /client/mode: must be equal to one of the allowed values"}}
{"type":"event","event":"connect.challenge","payload":{"nonce":"8353a0dc-553e-4ff8-98c3-43e67bf0aad1","ts":1784959442813}}
{"type":"res","id":"init_connect","ok":false,"error":{"code":"INVALID_REQUEST","message":"invalid connect params: at /client/id: must be equal to one of the allowed values; at /client/mode: must be equal to one of the allowed values"}}
{"type":"event","event":"connect.challenge","payload":{"nonce":"ae547c17-d0bc-48a3-a18e-ebc877057bce","ts":1784959447829}}
{"type":"res","id":"init_connect","ok":false,"error":{"code":"INVALID_REQUEST","message":"invalid connect params: at /client/id: must be equal to one of the allowed values; at /client/mode: must be equal to one of the allowed values"}}
{"type":"event","event":"connect.challenge","payload":{"nonce":"2b1182d6-482f-4894-a889-fccee9829695","ts":1784959452845}}
{"type":"res","id":"init_connect","ok":false,"error":{"code":"INVALID_REQUEST","message":"invalid connect params: at /client/id: must be equal to one of the allowed values; at /client/mode: must be equal to one of the allowed values"}}
{"type":"event","event":"connect.challenge","payload":{"nonce":"daddc92f-9d34-43ae-8b0f-9d54cf70aeef","ts":1784959457860}}
{"type":"res","id":"init_connect","ok":false,"error":{"code":"INVALID_REQUEST","message":"invalid connect params: at /client/id: must be equal to one of the allowed values; at /client/mode: must be equal to one of the allowed values"}}
{"type":"event","event":"connect.challenge","payload":{"nonce":"cbd98b40-e2a4-4b02-a1e3-e045b0a42ac3","ts":1784959462872}}
{"type":"res","id":"init_connect","ok":false,"error":{"code":"INVALID_REQUEST","message":"invalid connect params: at /client/id: must be equal to one of the allowed values; at /client/mode: must be equal to one of the allowed values"}}
{"type":"event","event":"connect.challenge","payload":{"nonce":"151b7204-4743-4c22-9341-941541bd27f8","ts":1784959467890}}
{"type":"res","id":"init_connect","ok":false,"error":{"code":"INVALID_REQUEST","message":"invalid connect params: at /client/id: must be equal to one of the allowed values; at /client/mode: must be equal to one of the allowed values"}}
{"type":"event","event":"connect.challenge","payload":{"nonce":"324b9fec-0eb3-41a7-b080-c5cbf3c2da33","ts":1784959472901}}
{"type":"res","id":"init_connect","ok":false,"error":{"code":"INVALID_REQUEST","message":"invalid connect params: at /client/id: must be equal to one of the allowed values; at /client/mode: must be equal to one of the allowed values"}}
{"type":"event","event":"connect.challenge","payload":{"nonce":"76e9e5ee-7973-4ec5-a4bc-3094e2dc2bed","ts":1784959477924}}
{"type":"res","id":"init_connect","ok":false,"error":{"code":"INVALID_REQUEST","message":"invalid connect params: at /client/id: must be equal to one of the allowed values; at /client/mode: must be equal to one of the allowed values"}}
{"type":"event","event":"connect.challenge","payload":{"nonce":"ca580789-a5f6-4b36-a8c2-f4fa4dec70e9","ts":1784959482941}}
{"type":"res","id":"init_connect","ok":false,"error":{"code":"INVALID_REQUEST","message":"invalid connect params: at /client/id: must be equal to one of the allowed values; at /client/mode: must be equal to one of the allowed values"}}
{"type":"event","event":"connect.challenge","payload":{"nonce":"efc5ef7c-d0b2-4a86-85de-b87c8815e8d2","ts":1784959487964}}
{"type":"res","id":"init_connect","ok":false,"error":{"code":"INVALID_REQUEST","message":"invalid connect params: at /client/id: must be equal to one of the allowed values; at /client/mode: must be equal to one of the allowed values"}}
{"type":"event","event":"connect.challenge","payload":{"nonce":"5a09ff15-231f-4424-a9bc-492783d49b6f","ts":1784959492981}}
{"type":"res","id":"init_connect","ok":false,"error":{"code":"INVALID_REQUEST","message":"invalid connect params: at /client/id: must be equal to one of the allowed values; at /client/mode: must be equal to one of the allowed values"}}
{"type":"event","event":"connect.challenge","payload":{"nonce":"5dc3ba6f-c4e9-4f51-8e89-d094e7e282a9","ts":1784959498014}}
{"type":"res","id":"init_connect","ok":false,"error":{"code":"INVALID_REQUEST","message":"invalid connect params: at /client/id: must be equal to one of the allowed values; at /client/mode: must be equal to one of the allowed values"}}
{"type":"event","event":"connect.challenge","payload":{"nonce":"d064e1f2-ea9a-43ee-a25b-326d34e7e6cb","ts":1784959503030}}
{"type":"res","id":"init_connect","ok":false,"error":{"code":"INVALID_REQUEST","message":"invalid connect params: at /client/id: must be equal to one of the allowed values; at /client/mode: must be equal to one of the allowed values"}}
{"type":"event","event":"connect.challenge","payload":{"nonce":"3fb7ff84-c71a-4314-b4d3-6f742c73be37","ts":1784959508052}}
{"type":"res","id":"init_connect","ok":false,"error":{"code":"INVALID_REQUEST","message":"invalid connect params: at /client/id: must be equal to one of the allowed values; at /client/mode: must be equal to one of the allowed values"}}
{"type":"event","event":"connect.challenge","payload":{"nonce":"c1f2440b-a700-482f-9b44-6e9f036a121a","ts":1784959513065}}
{"type":"res","id":"init_connect","ok":false,"error":{"code":"INVALID_REQUEST","message":"invalid connect params: at /client/id: must be equal to one of the allowed values; at /client/mode: must be equal to one of the allowed values"}}
{"type":"event","event":"connect.challenge","payload":{"nonce":"4599241d-181b-4a49-ab2f-280805f8038e","ts":1784959518083}}
{"type":"res","id":"init_connect","ok":false,"error":{"code":"INVALID_REQUEST","message":"invalid connect params: at /client/id: must be equal to one of the allowed values; at /client/mode: must be equal to one of the allowed values"}}
{"type":"event","event":"connect.challenge","payload":{"nonce":"b08483f6-f662-4936-af8e-1e37073ade94","ts":1784959523102}}
{"type":"res","id":"init_connect","ok":false,"error":{"code":"INVALID_REQUEST","message":"invalid connect params: at /client/id: must be equal to one of the allowed values; at /client/mode: must be equal to one of the allowed values"}}
{"type":"event","event":"connect.challenge","payload":{"nonce":"96ff50fb-0bc2-4cd8-8d31-28c137483ba1","ts":1784959528116}}
{"type":"res","id":"init_connect","ok":false,"error":{"code":"INVALID_REQUEST","message":"invalid connect params: at /client/id: must be equal to one of the allowed values; at /client/mode: must be equal to one of the allowed values"}}
{"type":"event","event":"connect.challenge","payload":{"nonce":"321d1611-27ff-44ef-a794-a9c341c801b2","ts":1784959533130}}
{"type":"res","id":"init_connect","ok":false,"error":{"code":"INVALID_REQUEST","message":"invalid connect params: at /client/id: must be equal to one of the allowed values; at /client/mode: must be equal to one of the allowed values"}}
{"type":"event","event":"connect.challenge","payload":{"nonce":"b83bf1f9-8bd7-4bd6-8fda-9796ab893b92","ts":1784959538149}}
{"type":"res","id":"init_connect","ok":false,"error":{"code":"INVALID_REQUEST","message":"invalid connect params: at /client/id: must be equal to one of the allowed values; at /client/mode: must be equal to one of the allowed values"}}
{"type":"event","event":"connect.challenge","payload":{"nonce":"0488be62-dcfe-4dfd-bcea-4f66753f6907","ts":1784959543160}}
{"type":"res","id":"init_connect","ok":false,"error":{"code":"INVALID_REQUEST","message":"invalid connect params: at /client/id: must be equal to one of the allowed values; at /client/mode: must be equal to one of the allowed values"}}
{"type":"event","event":"connect.challenge","payload":{"nonce":"cdc2c124-fd01-4b67-8a57-edccec38d61e","ts":1784959548174}}
{"type":"res","id":"init_connect","ok":false,"error":{"code":"INVALID_REQUEST","message":"invalid connect params: at /client/id: must be equal to one of the allowed values; at /client/mode: must be equal to one of the allowed values"}}
{"type":"event","event":"connect.challenge","payload":{"nonce":"54d9cce8-2021-4697-a5b5-3c40fdca11ab","ts":1784959553197}}
{"type":"res","id":"init_connect","ok":false,"error":{"code":"INVALID_REQUEST","message":"invalid connect params: at /client/id: must be equal to one of the allowed values; at /client/mode: must be equal to one of the allowed values"}}
{"type":"event","event":"connect.challenge","payload":{"nonce":"ba52e5d7-65ad-482c-b010-515b4d3c6bb7","ts":1784959558207}}
{"type":"res","id":"init_connect","ok":false,"error":{"code":"INVALID_REQUEST","message":"invalid connect params: at /client/id: must be equal to one of the allowed values; at /client/mode: must be equal to one of the allowed values"}}
{"type":"event","event":"connect.challenge","payload":{"nonce":"52da207a-1cf4-4a08-8699-80fc66843ccd","ts":1784959563226}}
{"type":"res","id":"init_connect","ok":false,"error":{"code":"INVALID_REQUEST","message":"invalid connect params: at /client/id: must be equal to one of the allowed values; at /client/mode: must be equal to one of the allowed values"}}
{"type":"event","event":"connect.challenge","payload":{"nonce":"31809cd3-44d7-42f4-b182-b0e460f5fe27","ts":1784959568242}}
{"type":"res","id":"init_connect","ok":false,"error":{"code":"INVALID_REQUEST","message":"invalid connect params: at /client/id: must be equal to one of the allowed values; at /client/mode: must be equal to one of the allowed values"}}
{"type":"event","event":"connect.challenge","payload":{"nonce":"74825dab-e3f9-474f-8f52-5b991b5876e2","ts":1784959573259}}
{"type":"res","id":"init_connect","ok":false,"error":{"code":"INVALID_REQUEST","message":"invalid connect params: at /client/id: must be equal to one of the allowed values; at /client/mode: must be equal to one of the allowed values"}}
{"type":"event","event":"connect.challenge","payload":{"nonce":"ba95b3ef-ac13-412c-aa03-7af70f0fbb8f","ts":1784959578274}}
{"type":"res","id":"init_connect","ok":false,"error":{"code":"INVALID_REQUEST","message":"invalid connect params: at /client/id: must be equal to one of the allowed values; at /client/mode: must be equal to one of the allowed values"}}
{"type":"event","event":"connect.challenge","payload":{"nonce":"85697a2b-5a0b-4091-86d1-e34019ae6345","ts":1784959583285}}
{"type":"res","id":"init_connect","ok":false,"error":{"code":"INVALID_REQUEST","message":"invalid connect params: at /client/id: must be equal to one of the allowed values; at /client/mode: must be equal to one of the allowed values"}}
{"type":"event","event":"connect.challenge","payload":{"nonce":"729e7f62-9ef3-4246-a1e3-bc0faeca1700","ts":1784959588303}}
{"type":"res","id":"init_connect","ok":false,"error":{"code":"INVALID_REQUEST","message":"invalid connect params: at /client/id: must be equal to one of the allowed values; at /client/mode: must be equal to one of the allowed values"}}
{"type":"event","event":"connect.challenge","payload":{"nonce":"52786f55-6494-4442-885a-976aaff1f14e","ts":1784959593315}}
{"type":"res","id":"init_connect","ok":false,"error":{"code":"INVALID_REQUEST","message":"invalid connect params: at /client/id: must be equal to one of the allowed values; at /client/mode: must be equal to one of the allowed values"}}
{"type":"event","event":"connect.challenge","payload":{"nonce":"55eb465e-e48b-4b55-965c-fa5d72f98853","ts":1784959598328}}
{"type":"res","id":"init_connect","ok":false,"error":{"code":"INVALID_REQUEST","message":"invalid connect params: at /client/id: must be equal to one of the allowed values; at /client/mode: must be equal to one of the allowed values"}}
{"type":"event","event":"connect.challenge","payload":{"nonce":"44b5cad6-513e-430b-8fc5-8bfbc81dd220","ts":1784959603351}}
{"type":"res","id":"init_connect","ok":false,"error":{"code":"INVALID_REQUEST","message":"invalid connect params: at /client/id: must be equal to one of the allowed values; at /client/mode: must be equal to one of the allowed values"}}
{"type":"event","event":"connect.challenge","payload":{"nonce":"d02a740a-1f80-4dd2-89b5-d92199226292","ts":1784959608369}}
{"type":"res","id":"init_connect","ok":false,"error":{"code":"INVALID_REQUEST","message":"invalid connect params: at /client/id: must be equal to one of the allowed values; at /client/mode: must be equal to one of the allowed values"}}
{"type":"event","event":"connect.challenge","payload":{"nonce":"ae993cd1-a41b-43e3-a30f-fc2336d4041a","ts":1784959613382}}
{"type":"res","id":"init_connect","ok":false,"error":{"code":"INVALID_REQUEST","message":"invalid connect params: at /client/id: must be equal to one of the allowed values; at /client/mode: must be equal to one of the allowed values"}}
{"type":"event","event":"connect.challenge","payload":{"nonce":"39924ea7-eeb1-47cd-b57f-5f70a846683e","ts":1784959618418}}
{"type":"res","id":"init_connect","ok":false,"error":{"code":"INVALID_REQUEST","message":"invalid connect params: at /client/id: must be equal to one of the allowed values; at /client/mode: must be equal to one of the allowed values"}}
{"type":"event","event":"connect.challenge","payload":{"nonce":"528bffa6-83b9-4244-9fb6-d9747a6de03c","ts":1784959623447}}
{"type":"res","id":"init_connect","ok":false,"error":{"code":"INVALID_REQUEST","message":"invalid connect params: at /client/id: must be equal to one of the allowed values; at /client/mode: must be equal to one of the allowed values"}}
{"type":"event","event":"connect.challenge","payload":{"nonce":"890dc71d-5b9b-40a4-8c36-39ce7d4b0067","ts":1784959628242}}
{"type":"res","id":"init_connect","ok":false,"error":{"code":"INVALID_REQUEST","message":"protocol mismatch","details":{"code":"PROTOCOL_MISMATCH","clientMinProtocol":1,"clientMaxProtocol":1,"expectedProtocol":4,"minimumProbeProtocol":4}}}
{"type":"event","event":"connect.challenge","payload":{"nonce":"7f75a267-ccf1-4364-ae8e-82531e5fe1f3","ts":1784959633266}}
{"type":"res","id":"init_connect","ok":false,"error":{"code":"INVALID_REQUEST","message":"protocol mismatch","details":{"code":"PROTOCOL_MISMATCH","clientMinProtocol":1,"clientMaxProtocol":1,"expectedProtocol":4,"minimumProbeProtocol":4}}}
{"type":"event","event":"connect.challenge","payload":{"nonce":"7086f16c-c60e-467c-a2a4-7cff8450f518","ts":1784959638291}}
{"type":"res","id":"init_connect","ok":false,"error":{"code":"INVALID_REQUEST","message":"protocol mismatch","details":{"code":"PROTOCOL_MISMATCH","clientMinProtocol":1,"clientMaxProtocol":1,"expectedProtocol":4,"minimumProbeProtocol":4}}}
{"type":"event","event":"connect.challenge","payload":{"nonce":"7f656746-c35f-42de-affc-856de98ed4f6","ts":1784959643321}}
{"type":"res","id":"init_connect","ok":false,"error":{"code":"INVALID_REQUEST","message":"protocol mismatch","details":{"code":"PROTOCOL_MISMATCH","clientMinProtocol":1,"clientMaxProtocol":1,"expectedProtocol":4,"minimumProbeProtocol":4}}}
{"type":"event","event":"connect.challenge","payload":{"nonce":"50198072-3e0d-4239-89c5-4cb9730c0ab4","ts":1784959648363}}
{"type":"res","id":"init_connect","ok":false,"error":{"code":"INVALID_REQUEST","message":"protocol mismatch","details":{"code":"PROTOCOL_MISMATCH","clientMinProtocol":1,"clientMaxProtocol":1,"expectedProtocol":4,"minimumProbeProtocol":4}}}
{"type":"event","event":"connect.challenge","payload":{"nonce":"f8e9a578-6be7-4438-905f-617d637f7013","ts":1784959653395}}
{"type":"res","id":"init_connect","ok":false,"error":{"code":"INVALID_REQUEST","message":"protocol mismatch","details":{"code":"PROTOCOL_MISMATCH","clientMinProtocol":1,"clientMaxProtocol":1,"expectedProtocol":4,"minimumProbeProtocol":4}}}
{"type":"event","event":"connect.challenge","payload":{"nonce":"48d188b8-eaa1-42f8-b579-01ec0a9a0707","ts":1784959658417}}
{"type":"res","id":"init_connect","ok":false,"error":{"code":"INVALID_REQUEST","message":"protocol mismatch","details":{"code":"PROTOCOL_MISMATCH","clientMinProtocol":1,"clientMaxProtocol":1,"expectedProtocol":4,"minimumProbeProtocol":4}}}
{"type":"event","event":"connect.challenge","payload":{"nonce":"15b9617b-3911-425a-90a4-18e5f0b1f8f8","ts":1784959663447}}
{"type":"res","id":"init_connect","ok":false,"error":{"code":"INVALID_REQUEST","message":"protocol mismatch","details":{"code":"PROTOCOL_MISMATCH","clientMinProtocol":1,"clientMaxProtocol":1,"expectedProtocol":4,"minimumProbeProtocol":4}}}
{"type":"event","event":"connect.challenge","payload":{"nonce":"58f27006-c48c-4d88-a19c-cd612492900b","ts":1784959668476}}
{"type":"res","id":"init_connect","ok":false,"error":{"code":"INVALID_REQUEST","message":"protocol mismatch","details":{"code":"PROTOCOL_MISMATCH","clientMinProtocol":1,"clientMaxProtocol":1,"expectedProtocol":4,"minimumProbeProtocol":4}}}
{"type":"event","event":"connect.challenge","payload":{"nonce":"8c47fd6c-ee0a-4ea1-b520-bdefd58a96cb","ts":1784959673512}}
{"type":"res","id":"init_connect","ok":false,"error":{"code":"INVALID_REQUEST","message":"protocol mismatch","details":{"code":"PROTOCOL_MISMATCH","clientMinProtocol":1,"clientMaxProtocol":1,"expectedProtocol":4,"minimumProbeProtocol":4}}}
{"type":"event","event":"connect.challenge","payload":{"nonce":"ec40cc04-57be-4709-8119-5d5c6de26fad","ts":1784959678542}}
{"type":"res","id":"init_connect","ok":false,"error":{"code":"INVALID_REQUEST","message":"protocol mismatch","details":{"code":"PROTOCOL_MISMATCH","clientMinProtocol":1,"clientMaxProtocol":1,"expectedProtocol":4,"minimumProbeProtocol":4}}}
{"type":"event","event":"connect.challenge","payload":{"nonce":"6ac1737b-d560-4685-b0a4-8266df67a8a4","ts":1784959683568}}
{"type":"res","id":"init_connect","ok":false,"error":{"code":"INVALID_REQUEST","message":"protocol mismatch","details":{"code":"PROTOCOL_MISMATCH","clientMinProtocol":1,"clientMaxProtocol":1,"expectedProtocol":4,"minimumProbeProtocol":4}}}
{"type":"event","event":"connect.challenge","payload":{"nonce":"9110595a-9ffe-44c1-9b70-9057d305cd20","ts":1784959691518}}
{"type":"res","id":"init_connect","ok":true,"payload":{"type":"hello-ok","protocol":4,"server":{"version":"2026.6.10","connId":"e1c7f197-c12e-4632-86e4-893341508e0d"},"features":{"methods":["health","diagnostics.stability","doctor.memory.status","doctor.memory.dreamDiary","doctor.memory.backfillDreamDiary","doctor.memory.resetDreamDiary","doctor.memory.resetGroundedShortTerm","doctor.memory.repairDreamingArtifacts","doctor.memory.dedupeDreamDiary","doctor.memory.remHarness","logs.tail","channels.status","channels.start","channels.stop","channels.logout","status","usage.status","usage.cost","tts.status","tts.providers","tts.personas","tts.enable","tts.disable","tts.convert","tts.setProvider","tts.setPersona","config.get","config.set","config.apply","config.patch","config.schema","config.schema.lookup","exec.approvals.get","exec.approvals.set","exec.approvals.node.get","exec.approvals.node.set","exec.approval.get","exec.approval.list","exec.approval.request","exec.approval.waitDecision","exec.approval.resolve","plugin.approval.list","plugin.approval.request","plugin.approval.waitDecision","plugin.approval.resolve","plugins.uiDescriptors","plugins.sessionAction","wizard.start","wizard.next","wizard.cancel","wizard.status","talk.catalog","talk.config","talk.client.create","talk.client.toolCall","talk.client.steer","talk.session.create","talk.session.join","talk.session.appendAudio","talk.session.startTurn","talk.session.endTurn","talk.session.cancelTurn","talk.session.cancelOutput","talk.session.submitToolResult","talk.session.steer","talk.session.close","talk.speak","talk.mode","commands.list","models.list","models.authStatus","models.authLogout","tools.catalog","tools.effective","tools.invoke","tasks.list","tasks.get","tasks.cancel","environments.list","environments.status","agents.list","agents.create","agents.update","agents.delete","agents.files.list","agents.files.get","agents.files.set","sessions.files.list","sessions.files.get","artifacts.list","artifacts.get","artifacts.download","skills.status","skills.search","skills.detail","skills.securityVerdicts","skills.skillCard","skills.bins","skills.upload.begin","skills.upload.chunk","skills.upload.commit","skills.install","skills.update","skills.proposals.list","skills.proposals.inspect","skills.proposals.create","skills.proposals.update","skills.proposals.revise","skills.proposals.requestRevision","skills.proposals.apply","skills.proposals.reject","skills.proposals.quarantine","update.status","update.run","voicewake.get","voicewake.set","secrets.reload","secrets.resolve","voicewake.routing.get","voicewake.routing.set","sessions.list","sessions.subscribe","sessions.unsubscribe","sessions.messages.subscribe","sessions.messages.unsubscribe","sessions.preview","sessions.describe","sessions.compaction.list","sessions.compaction.get","sessions.compaction.branch","sessions.compaction.restore","sessions.create","sessions.send","sessions.abort","sessions.patch","sessions.pluginPatch","sessions.cleanup","sessions.reset","sessions.delete","sessions.compact","last-heartbeat","set-heartbeats","wake","node.pair.request","node.pair.list","node.pair.approve","node.pair.reject","node.pair.remove","node.pair.verify","device.pair.list","device.pair.approve","device.pair.reject","device.pair.remove","device.token.rotate","device.token.revoke","node.rename","node.list","node.describe","node.pluginSurface.refresh","node.pending.drain","node.pending.enqueue","node.invoke","node.pending.pull","node.pending.ack","node.invoke.result","node.event","cron.get","cron.list","cron.status","cron.add","cron.update","cron.remove","cron.run","cron.runs","gateway.identity.get","gateway.restart.preflight","gateway.restart.request","system-presence","system-event","message.action","send","agent","agent.identity.get","agent.wait","chat.history","chat.startup","chat.metadata","chat.message.get","chat.abort","chat.send","browser.request","web.login.start","web.login.wait"],"events":["connect.challenge","agent","chat","session.message","session.operation","session.tool","sessions.changed","presence","tick","talk.mode","talk.event","shutdown","health","heartbeat","cron","node.pair.requested","node.pair.resolved","node.invoke.request","device.pair.requested","device.pair.resolved","voicewake.changed","voicewake.routing.changed","exec.approval.requested","exec.approval.resolved","plugin.approval.requested","plugin.approval.resolved","update.available"]},"snapshot":{"presence":[{"host":"mishita_soni","ip":"192.168.56.1","version":"2026.6.10","platform":"windows 10.0.26200","deviceFamily":"Windows","modelIdentifier":"x64","mode":"gateway","reason":"self","instanceId":"85301f58-2481-413a-ae7c-1480b7800b65","text":"Gateway: mishita_soni (192.168.56.1) · app 2026.6.10 · mode gateway · reason self","ts":1784959691542},{"host":"gateway-client","version":"1.0.0","platform":"windows","mode":"backend","roles":["operator"],"reason":"connect","ts":1784959691525,"text":"Node: gateway-client · mode backend"}],"health":{"ok":true,"ts":1784959665852,"durationMs":206,"eventLoop":{"degraded":false,"reasons":[],"intervalMs":60010,"delayP99Ms":37.3,"delayMaxMs":88.7,"utilization":0.025,"cpuCoreRatio":0.025},"plugins":{"loaded":["browser","canvas","codex","device-pair","file-transfer","google","memory-core","parallel","phone-control","talk-voice","telegram","whatsapp"],"errors":[]},"modelPricing":{"state":"ok","sources":[]},"channels":{"telegram":{"accountId":"default","enabled":true,"configured":true,"running":true,"lastStartAt":1784956656935,"lastStopAt":1784956656934,"lastError":null,"connected":true,"restartPending":false,"reconnectAttempts":0,"lastConnectedAt":1784959639494,"lastEventAt":1784959639494,"lastTransportActivityAt":1784959639494,"lastInboundAt":null,"lastOutboundAt":null,"tokenSource":"config","tokenStatus":"available","mode":"polling","allowUnmentionedGroups":false,"lastProbeAt":null,"accounts":{"default":{"accountId":"default","enabled":true,"configured":true,"running":true,"lastStartAt":1784956656935,"lastStopAt":1784956656934,"lastError":null,"connected":true,"restartPending":false,"reconnectAttempts":0,"lastConnectedAt":1784959639494,"lastEventAt":1784959639494,"lastTransportActivityAt":1784959639494,"lastInboundAt":null,"lastOutboundAt":null,"tokenSource":"config","tokenStatus":"available","mode":"polling","allowUnmentionedGroups":false,"lastProbeAt":null}}},"whatsapp":{"accountId":"default","enabled":true,"configured":false,"running":false,"lastStartAt":null,"lastStopAt":null,"lastError":"not linked","connected":false,"restartPending":false,"reconnectAttempts":0,"healthState":"not-running","lastInboundAt":null,"lastOutboundAt":null,"statusState":"not-linked","linked":false,"lastConnectedAt":null,"lastDisconnect":null,"lastMessageAt":null,"lastEventAt":null,"dmPolicy":"allowlist","allowFrom":["7982700657","+917982700657"],"authAgeMs":null,"self":{"e164":null,"jid":null,"lid":null},"accounts":{"default":{"accountId":"default","enabled":true,"configured":false,"running":false,"lastStartAt":null,"lastStopAt":null,"lastError":"not linked","connected":false,"restartPending":false,"reconnectAttempts":0,"healthState":"not-running","lastInboundAt":null,"lastOutboundAt":null,"statusState":"not-linked","linked":false,"lastConnectedAt":null,"lastDisconnect":null,"lastMessageAt":null,"lastEventAt":null,"dmPolicy":"allowlist","allowFrom":["7982700657","+917982700657"],"authAgeMs":null,"self":{"e164":null,"jid":null,"lid":null}}}}},"channelOrder":["telegram","whatsapp"],"channelLabels":{"telegram":"Telegram","whatsapp":"WhatsApp"},"heartbeatSeconds":1800,"defaultAgentId":"maya","agents":[{"agentId":"maya","name":"Maya","isDefault":true,"heartbeat":{"enabled":true,"every":"30m","everyMs":1800000,"prompt":"Read HEARTBEAT.md if it exists (workspace context). Follow it strictly. Do not infer or repeat old tasks from prior chats. If nothing needs attention, reply HEARTBEAT_OK.","target":"none","ackMaxChars":300},"sessions":{"path":"C:\\Users\\mishs\\.openclaw\\agents\\maya\\sessions\\sessions.json","count":15,"recent":[{"key":"agent:maya:telegram:direct:1882996585","updatedAt":1784958159987,"age":1505659},{"key":"agent:maya:dashboard:ab0bb3d3-5d2b-4bce-ab2b-89d2f78bc232","updatedAt":1784901210194,"age":58455452},{"key":"agent:maya:dashboard:77dfdfb2-27ae-44bb-86bf-8504c597c339","updatedAt":1784893234550,"age":66431096},{"key":"agent:maya:dashboard:bc35f7e9-7a1a-4902-83b5-7c19dac9f5df","updatedAt":1784875528811,"age":84136835},{"key":"agent:maya:main","updatedAt":1784631558276,"age":328107370}]}}],"sessions":{"path":"C:\\Users\\mishs\\.openclaw\\agents\\maya\\sessions\\sessions.json","count":15,"recent":[{"key":"agent:maya:telegram:direct:1882996585","updatedAt":1784958159987,"age":1505659},{"key":"agent:maya:dashboard:ab0bb3d3-5d2b-4bce-ab2b-89d2f78bc232","updatedAt":1784901210194,"age":58455452},{"key":"agent:maya:dashboard:77dfdfb2-27ae-44bb-86bf-8504c597c339","updatedAt":1784893234550,"age":66431096},{"key":"agent:maya:dashboard:bc35f7e9-7a1a-4902-83b5-7c19dac9f5df","updatedAt":1784875528811,"age":84136835},{"key":"agent:maya:main","updatedAt":1784631558276,"age":328107370}]}},"stateVersion":{"presence":13,"health":93},"uptimeMs":5153099,"sessionDefaults":{"defaultAgentId":"maya","mainKey":"main","mainSessionKey":"agent:maya:main","scope":"per-sender"},"updateAvailable":{"currentVersion":"2026.6.10","latestVersion":"2026.7.1-2","channel":"latest"}},"pluginSurfaceUrls":{"canvas":"http://127.0.0.1:18789/__openclaw__/cap/uyQxujmauk6Y4HPCsxCi7FD6"},"auth":{"role":"operator","scopes":[]},"policy":{"maxPayload":26214400,"maxBufferedBytes":52428800,"tickIntervalMs":30000}}}
{"type":"event","event":"health","payload":{"ok":true,"ts":1784959691735,"durationMs":188,"eventLoop":{"degraded":false,"reasons":[],"intervalMs":25911,"delayP99Ms":35.3,"delayMaxMs":40.8,"utilization":0.027,"cpuCoreRatio":0.022},"plugins":{"loaded":["browser","canvas","codex","device-pair","file-transfer","google","memory-core","parallel","phone-control","talk-voice","telegram","whatsapp"],"errors":[]},"modelPricing":{"state":"ok","sources":[]},"channels":{"telegram":{"accountId":"default","enabled":true,"configured":true,"running":true,"lastStartAt":1784956656935,"lastStopAt":1784956656934,"lastError":null,"connected":true,"restartPending":false,"reconnectAttempts":0,"lastConnectedAt":1784959670964,"lastEventAt":1784959670964,"lastTransportActivityAt":1784959670964,"lastInboundAt":null,"lastOutboundAt":null,"tokenSource":"config","tokenStatus":"available","mode":"polling","allowUnmentionedGroups":false,"lastProbeAt":null,"accounts":{"default":{"accountId":"default","enabled":true,"configured":true,"running":true,"lastStartAt":1784956656935,"lastStopAt":1784956656934,"lastError":null,"connected":true,"restartPending":false,"reconnectAttempts":0,"lastConnectedAt":1784959670964,"lastEventAt":1784959670964,"lastTransportActivityAt":1784959670964,"lastInboundAt":null,"lastOutboundAt":null,"tokenSource":"config","tokenStatus":"available","mode":"polling","allowUnmentionedGroups":false,"lastProbeAt":null}}},"whatsapp":{"accountId":"default","enabled":true,"configured":false,"running":false,"lastStartAt":null,"lastStopAt":null,"lastError":"not linked","connected":false,"restartPending":false,"reconnectAttempts":0,"healthState":"not-running","lastInboundAt":null,"lastOutboundAt":null,"statusState":"not-linked","linked":false,"lastConnectedAt":null,"lastDisconnect":null,"lastMessageAt":null,"lastEventAt":null,"dmPolicy":"allowlist","allowFrom":["7982700657","+917982700657"],"authAgeMs":null,"self":{"e164":null,"jid":null,"lid":null},"accounts":{"default":{"accountId":"default","enabled":true,"configured":false,"running":false,"lastStartAt":null,"lastStopAt":null,"lastError":"not linked","connected":false,"restartPending":false,"reconnectAttempts":0,"healthState":"not-running","lastInboundAt":null,"lastOutboundAt":null,"statusState":"not-linked","linked":false,"lastConnectedAt":null,"lastDisconnect":null,"lastMessageAt":null,"lastEventAt":null,"dmPolicy":"allowlist","allowFrom":["7982700657","+917982700657"],"authAgeMs":null,"self":{"e164":null,"jid":null,"lid":null}}}}},"channelOrder":["telegram","whatsapp"],"channelLabels":{"telegram":"Telegram","whatsapp":"WhatsApp"},"heartbeatSeconds":1800,"defaultAgentId":"maya","agents":[{"agentId":"maya","name":"Maya","isDefault":true,"heartbeat":{"enabled":true,"every":"30m","everyMs":1800000,"prompt":"Read HEARTBEAT.md if it exists (workspace context). Follow it strictly. Do not infer or repeat old tasks from prior chats. If nothing needs attention, reply HEARTBEAT_OK.","target":"none","ackMaxChars":300},"sessions":{"path":"C:\\Users\\mishs\\.openclaw\\agents\\maya\\sessions\\sessions.json","count":15,"recent":[{"key":"agent:maya:telegram:direct:1882996585","updatedAt":1784958159987,"age":1531560},{"key":"agent:maya:dashboard:ab0bb3d3-5d2b-4bce-ab2b-89d2f78bc232","updatedAt":1784901210194,"age":58481353},{"key":"agent:maya:dashboard:77dfdfb2-27ae-44bb-86bf-8504c597c339","updatedAt":1784893234550,"age":66456997},{"key":"agent:maya:dashboard:bc35f7e9-7a1a-4902-83b5-7c19dac9f5df","updatedAt":1784875528811,"age":84162736},{"key":"agent:maya:main","updatedAt":1784631558276,"age":328133271}]}}],"sessions":{"path":"C:\\Users\\mishs\\.openclaw\\agents\\maya\\sessions\\sessions.json","count":15,"recent":[{"key":"agent:maya:telegram:direct:1882996585","updatedAt":1784958159987,"age":1531560},{"key":"agent:maya:dashboard:ab0bb3d3-5d2b-4bce-ab2b-89d2f78bc232","updatedAt":1784901210194,"age":58481353},{"key":"agent:maya:dashboard:77dfdfb2-27ae-44bb-86bf-8504c597c339","updatedAt":1784893234550,"age":66456997},{"key":"agent:maya:dashboard:bc35f7e9-7a1a-4902-83b5-7c19dac9f5df","updatedAt":1784875528811,"age":84162736},{"key":"agent:maya:main","updatedAt":1784631558276,"age":328133271}]}},"seq":1,"stateVersion":{"presence":13,"health":94}}
{"type":"event","event":"tick","payload":{"ts":1784959701743},"seq":2}
{"type":"event","event":"health","payload":{"ok":true,"ts":1784959725867,"durationMs":213,"eventLoop":{"degraded":false,"reasons":[],"intervalMs":34086,"delayP99Ms":34.6,"delayMaxMs":53.1,"utilization":0.017,"cpuCoreRatio":0.018},"plugins":{"loaded":["browser","canvas","codex","device-pair","file-transfer","google","memory-core","parallel","phone-control","talk-voice","telegram","whatsapp"],"errors":[]},"modelPricing":{"state":"ok","sources":[]},"channels":{"telegram":{"accountId":"default","enabled":true,"configured":true,"running":true,"lastStartAt":1784956656935,"lastStopAt":1784956656934,"lastError":null,"connected":true,"restartPending":false,"reconnectAttempts":0,"lastConnectedAt":1784959703835,"lastEventAt":1784959703835,"lastTransportActivityAt":1784959703835,"lastInboundAt":null,"lastOutboundAt":null,"tokenSource":"config","tokenStatus":"available","mode":"polling","allowUnmentionedGroups":false,"lastProbeAt":null,"accounts":{"default":{"accountId":"default","enabled":true,"configured":true,"running":true,"lastStartAt":1784956656935,"lastStopAt":1784956656934,"lastError":null,"connected":true,"restartPending":false,"reconnectAttempts":0,"lastConnectedAt":1784959703835,"lastEventAt":1784959703835,"lastTransportActivityAt":1784959703835,"lastInboundAt":null,"lastOutboundAt":null,"tokenSource":"config","tokenStatus":"available","mode":"polling","allowUnmentionedGroups":false,"lastProbeAt":null}}},"whatsapp":{"accountId":"default","enabled":true,"configured":false,"running":false,"lastStartAt":null,"lastStopAt":null,"lastError":"not linked","connected":false,"restartPending":false,"reconnectAttempts":0,"healthState":"not-running","lastInboundAt":null,"lastOutboundAt":null,"statusState":"not-linked","linked":false,"lastConnectedAt":null,"lastDisconnect":null,"lastMessageAt":null,"lastEventAt":null,"dmPolicy":"allowlist","allowFrom":["7982700657","+917982700657"],"authAgeMs":null,"self":{"e164":null,"jid":null,"lid":null},"accounts":{"default":{"accountId":"default","enabled":true,"configured":false,"running":false,"lastStartAt":null,"lastStopAt":null,"lastError":"not linked","connected":false,"restartPending":false,"reconnectAttempts":0,"healthState":"not-running","lastInboundAt":null,"lastOutboundAt":null,"statusState":"not-linked","linked":false,"lastConnectedAt":null,"lastDisconnect":null,"lastMessageAt":null,"lastEventAt":null,"dmPolicy":"allowlist","allowFrom":["7982700657","+917982700657"],"authAgeMs":null,"self":{"e164":null,"jid":null,"lid":null}}}}},"channelOrder":["telegram","whatsapp"],"channelLabels":{"telegram":"Telegram","whatsapp":"WhatsApp"},"heartbeatSeconds":1800,"defaultAgentId":"maya","agents":[{"agentId":"maya","name":"Maya","isDefault":true,"heartbeat":{"enabled":true,"every":"30m","everyMs":1800000,"prompt":"Read HEARTBEAT.md if it exists (workspace context). Follow it strictly. Do not infer or repeat old tasks from prior chats. If nothing needs attention, reply HEARTBEAT_OK.","target":"none","ackMaxChars":300},"sessions":{"path":"C:\\Users\\mishs\\.openclaw\\agents\\maya\\sessions\\sessions.json","count":15,"recent":[{"key":"agent:maya:telegram:direct:1882996585","updatedAt":1784958159987,"age":1565667},{"key":"agent:maya:dashboard:ab0bb3d3-5d2b-4bce-ab2b-89d2f78bc232","updatedAt":1784901210194,"age":58515460},{"key":"agent:maya:dashboard:77dfdfb2-27ae-44bb-86bf-8504c597c339","updatedAt":1784893234550,"age":66491104},{"key":"agent:maya:dashboard:bc35f7e9-7a1a-4902-83b5-7c19dac9f5df","updatedAt":1784875528811,"age":84196843},{"key":"agent:maya:main","updatedAt":1784631558276,"age":328167378}]}}],"sessions":{"path":"C:\\Users\\mishs\\.openclaw\\agents\\maya\\sessions\\sessions.json","count":15,"recent":[{"key":"agent:maya:telegram:direct:1882996585","updatedAt":1784958159987,"age":1565667},{"key":"agent:maya:dashboard:ab0bb3d3-5d2b-4bce-ab2b-89d2f78bc232","updatedAt":1784901210194,"age":58515460},{"key":"agent:maya:dashboard:77dfdfb2-27ae-44bb-86bf-8504c597c339","updatedAt":1784893234550,"age":66491104},{"key":"agent:maya:dashboard:bc35f7e9-7a1a-4902-83b5-7c19dac9f5df","updatedAt":1784875528811,"age":84196843},{"key":"agent:maya:main","updatedAt":1784631558276,"age":328167378}]}},"seq":3,"stateVersion":{"presence":13,"health":95}}
{"type":"event","event":"tick","payload":{"ts":1784959731744},"seq":4}
{"type":"event","event":"tick","payload":{"ts":1784959761752},"seq":5}
{"type":"event","event":"health","payload":{"ok":true,"ts":1784959785843,"durationMs":197,"eventLoop":{"degraded":false,"reasons":[],"intervalMs":60000,"delayP99Ms":36.8,"delayMaxMs":65.1,"utilization":0.014,"cpuCoreRatio":0.016},"plugins":{"loaded":["browser","canvas","codex","device-pair","file-transfer","google","memory-core","parallel","phone-control","talk-voice","telegram","whatsapp"],"errors":[]},"modelPricing":{"state":"ok","sources":[]},"channels":{"telegram":{"accountId":"default","enabled":true,"configured":true,"running":true,"lastStartAt":1784956656935,"lastStopAt":1784956656934,"lastError":null,"connected":true,"restartPending":false,"reconnectAttempts":0,"lastConnectedAt":1784959772374,"lastEventAt":1784959772374,"lastTransportActivityAt":1784959772374,"lastInboundAt":null,"lastOutboundAt":null,"tokenSource":"config","tokenStatus":"available","mode":"polling","allowUnmentionedGroups":false,"lastProbeAt":null,"accounts":{"default":{"accountId":"default","enabled":true,"configured":true,"running":true,"lastStartAt":1784956656935,"lastStopAt":1784956656934,"lastError":null,"connected":true,"restartPending":false,"reconnectAttempts":0,"lastConnectedAt":1784959772374,"lastEventAt":1784959772374,"lastTransportActivityAt":1784959772374,"lastInboundAt":null,"lastOutboundAt":null,"tokenSource":"config","tokenStatus":"available","mode":"polling","allowUnmentionedGroups":false,"lastProbeAt":null}}},"whatsapp":{"accountId":"default","enabled":true,"configured":false,"running":false,"lastStartAt":null,"lastStopAt":null,"lastError":"not linked","connected":false,"restartPending":false,"reconnectAttempts":0,"healthState":"not-running","lastInboundAt":null,"lastOutboundAt":null,"statusState":"not-linked","linked":false,"lastConnectedAt":null,"lastDisconnect":null,"lastMessageAt":null,"lastEventAt":null,"dmPolicy":"allowlist","allowFrom":["7982700657","+917982700657"],"authAgeMs":null,"self":{"e164":null,"jid":null,"lid":null},"accounts":{"default":{"accountId":"default","enabled":true,"configured":false,"running":false,"lastStartAt":null,"lastStopAt":null,"lastError":"not linked","connected":false,"restartPending":false,"reconnectAttempts":0,"healthState":"not-running","lastInboundAt":null,"lastOutboundAt":null,"statusState":"not-linked","linked":false,"lastConnectedAt":null,"lastDisconnect":null,"lastMessageAt":null,"lastEventAt":null,"dmPolicy":"allowlist","allowFrom":["7982700657","+917982700657"],"authAgeMs":null,"self":{"e164":null,"jid":null,"lid":null}}}}},"channelOrder":["telegram","whatsapp"],"channelLabels":{"telegram":"Telegram","whatsapp":"WhatsApp"},"heartbeatSeconds":1800,"defaultAgentId":"maya","agents":[{"agentId":"maya","name":"Maya","isDefault":true,"heartbeat":{"enabled":true,"every":"30m","everyMs":1800000,"prompt":"Read HEARTBEAT.md if it exists (workspace context). Follow it strictly. Do not infer or repeat old tasks from prior chats. If nothing needs attention, reply HEARTBEAT_OK.","target":"none","ackMaxChars":300},"sessions":{"path":"C:\\Users\\mishs\\.openclaw\\agents\\maya\\sessions\\sessions.json","count":15,"recent":[{"key":"agent:maya:telegram:direct:1882996585","updatedAt":1784958159987,"age":1625659},{"key":"agent:maya:dashboard:ab0bb3d3-5d2b-4bce-ab2b-89d2f78bc232","updatedAt":1784901210194,"age":58575452},{"key":"agent:maya:dashboard:77dfdfb2-27ae-44bb-86bf-8504c597c339","updatedAt":1784893234550,"age":66551096},{"key":"agent:maya:dashboard:bc35f7e9-7a1a-4902-83b5-7c19dac9f5df","updatedAt":1784875528811,"age":84256835},{"key":"agent:maya:main","updatedAt":1784631558276,"age":328227370}]}}],"sessions":{"path":"C:\\Users\\mishs\\.openclaw\\agents\\maya\\sessions\\sessions.json","count":15,"recent":[{"key":"agent:maya:telegram:direct:1882996585","updatedAt":1784958159987,"age":1625659},{"key":"agent:maya:dashboard:ab0bb3d3-5d2b-4bce-ab2b-89d2f78bc232","updatedAt":1784901210194,"age":58575452},{"key":"agent:maya:dashboard:77dfdfb2-27ae-44bb-86bf-8504c597c339","updatedAt":1784893234550,"age":66551096},{"key":"agent:maya:dashboard:bc35f7e9-7a1a-4902-83b5-7c19dac9f5df","updatedAt":1784875528811,"age":84256835},{"key":"agent:maya:main","updatedAt":1784631558276,"age":328227370}]}},"seq":6,"stateVersion":{"presence":13,"health":96}}
{"type":"event","event":"tick","payload":{"ts":1784959791760},"seq":7}
{"type":"event","event":"tick","payload":{"ts":1784959821774},"seq":8}
{"type":"event","event":"connect.challenge","payload":{"nonce":"ade68098-41ac-43c6-9e85-4a88015d1e08","ts":1784959840460}}
{"type":"res","id":"init_connect","ok":true,"payload":{"type":"hello-ok","protocol":4,"server":{"version":"2026.6.10","connId":"985f34f3-f0fb-4911-9d15-9dfc4df8a44f"},"features":{"methods":["health","diagnostics.stability","doctor.memory.status","doctor.memory.dreamDiary","doctor.memory.backfillDreamDiary","doctor.memory.resetDreamDiary","doctor.memory.resetGroundedShortTerm","doctor.memory.repairDreamingArtifacts","doctor.memory.dedupeDreamDiary","doctor.memory.remHarness","logs.tail","channels.status","channels.start","channels.stop","channels.logout","status","usage.status","usage.cost","tts.status","tts.providers","tts.personas","tts.enable","tts.disable","tts.convert","tts.setProvider","tts.setPersona","config.get","config.set","config.apply","config.patch","config.schema","config.schema.lookup","exec.approvals.get","exec.approvals.set","exec.approvals.node.get","exec.approvals.node.set","exec.approval.get","exec.approval.list","exec.approval.request","exec.approval.waitDecision","exec.approval.resolve","plugin.approval.list","plugin.approval.request","plugin.approval.waitDecision","plugin.approval.resolve","plugins.uiDescriptors","plugins.sessionAction","wizard.start","wizard.next","wizard.cancel","wizard.status","talk.catalog","talk.config","talk.client.create","talk.client.toolCall","talk.client.steer","talk.session.create","talk.session.join","talk.session.appendAudio","talk.session.startTurn","talk.session.endTurn","talk.session.cancelTurn","talk.session.cancelOutput","talk.session.submitToolResult","talk.session.steer","talk.session.close","talk.speak","talk.mode","commands.list","models.list","models.authStatus","models.authLogout","tools.catalog","tools.effective","tools.invoke","tasks.list","tasks.get","tasks.cancel","environments.list","environments.status","agents.list","agents.create","agents.update","agents.delete","agents.files.list","agents.files.get","agents.files.set","sessions.files.list","sessions.files.get","artifacts.list","artifacts.get","artifacts.download","skills.status","skills.search","skills.detail","skills.securityVerdicts","skills.skillCard","skills.bins","skills.upload.begin","skills.upload.chunk","skills.upload.commit","skills.install","skills.update","skills.proposals.list","skills.proposals.inspect","skills.proposals.create","skills.proposals.update","skills.proposals.revise","skills.proposals.requestRevision","skills.proposals.apply","skills.proposals.reject","skills.proposals.quarantine","update.status","update.run","voicewake.get","voicewake.set","secrets.reload","secrets.resolve","voicewake.routing.get","voicewake.routing.set","sessions.list","sessions.subscribe","sessions.unsubscribe","sessions.messages.subscribe","sessions.messages.unsubscribe","sessions.preview","sessions.describe","sessions.compaction.list","sessions.compaction.get","sessions.compaction.branch","sessions.compaction.restore","sessions.create","sessions.send","sessions.abort","sessions.patch","sessions.pluginPatch","sessions.cleanup","sessions.reset","sessions.delete","sessions.compact","last-heartbeat","set-heartbeats","wake","node.pair.request","node.pair.list","node.pair.approve","node.pair.reject","node.pair.remove","node.pair.verify","device.pair.list","device.pair.approve","device.pair.reject","device.pair.remove","device.token.rotate","device.token.revoke","node.rename","node.list","node.describe","node.pluginSurface.refresh","node.pending.drain","node.pending.enqueue","node.invoke","node.pending.pull","node.pending.ack","node.invoke.result","node.event","cron.get","cron.list","cron.status","cron.add","cron.update","cron.remove","cron.run","cron.runs","gateway.identity.get","gateway.restart.preflight","gateway.restart.request","system-presence","system-event","message.action","send","agent","agent.identity.get","agent.wait","chat.history","chat.startup","chat.metadata","chat.message.get","chat.abort","chat.send","browser.request","web.login.start","web.login.wait"],"events":["connect.challenge","agent","chat","session.message","session.operation","session.tool","sessions.changed","presence","tick","talk.mode","talk.event","shutdown","health","heartbeat","cron","node.pair.requested","node.pair.resolved","node.invoke.request","device.pair.requested","device.pair.resolved","voicewake.changed","voicewake.routing.changed","exec.approval.requested","exec.approval.resolved","plugin.approval.requested","plugin.approval.resolved","update.available"]},"snapshot":{"presence":[{"host":"mishita_soni","ip":"192.168.56.1","version":"2026.6.10","platform":"windows 10.0.26200","deviceFamily":"Windows","modelIdentifier":"x64","mode":"gateway","reason":"self","instanceId":"85301f58-2481-413a-ae7c-1480b7800b65","text":"Gateway: mishita_soni (192.168.56.1) · app 2026.6.10 · mode gateway · reason self","ts":1784959840465},{"host":"gateway-client","version":"1.0.0","platform":"windows","mode":"backend","roles":["operator"],"reason":"connect","ts":1784959840465,"text":"Node: gateway-client · mode backend"},{"host":"gateway-client","version":"1.0.0","platform":"windows","mode":"backend","roles":["operator"],"reason":"disconnect","ts":1784959837321,"text":"Node: gateway-client · mode backend"}],"health":{"ok":true,"ts":1784959785843,"durationMs":197,"eventLoop":{"degraded":false,"reasons":[],"intervalMs":60000,"delayP99Ms":36.8,"delayMaxMs":65.1,"utilization":0.014,"cpuCoreRatio":0.016},"plugins":{"loaded":["browser","canvas","codex","device-pair","file-transfer","google","memory-core","parallel","phone-control","talk-voice","telegram","whatsapp"],"errors":[]},"modelPricing":{"state":"ok","sources":[]},"channels":{"telegram":{"accountId":"default","enabled":true,"configured":true,"running":true,"lastStartAt":1784956656935,"lastStopAt":1784956656934,"lastError":null,"connected":true,"restartPending":false,"reconnectAttempts":0,"lastConnectedAt":1784959772374,"lastEventAt":1784959772374,"lastTransportActivityAt":1784959772374,"lastInboundAt":null,"lastOutboundAt":null,"tokenSource":"config","tokenStatus":"available","mode":"polling","allowUnmentionedGroups":false,"lastProbeAt":null,"accounts":{"default":{"accountId":"default","enabled":true,"configured":true,"running":true,"lastStartAt":1784956656935,"lastStopAt":1784956656934,"lastError":null,"connected":true,"restartPending":false,"reconnectAttempts":0,"lastConnectedAt":1784959772374,"lastEventAt":1784959772374,"lastTransportActivityAt":1784959772374,"lastInboundAt":null,"lastOutboundAt":null,"tokenSource":"config","tokenStatus":"available","mode":"polling","allowUnmentionedGroups":false,"lastProbeAt":null}}},"whatsapp":{"accountId":"default","enabled":true,"configured":false,"running":false,"lastStartAt":null,"lastStopAt":null,"lastError":"not linked","connected":false,"restartPending":false,"reconnectAttempts":0,"healthState":"not-running","lastInboundAt":null,"lastOutboundAt":null,"statusState":"not-linked","linked":false,"lastConnectedAt":null,"lastDisconnect":null,"lastMessageAt":null,"lastEventAt":null,"dmPolicy":"allowlist","allowFrom":["7982700657","+917982700657"],"authAgeMs":null,"self":{"e164":null,"jid":null,"lid":null},"accounts":{"default":{"accountId":"default","enabled":true,"configured":false,"running":false,"lastStartAt":null,"lastStopAt":null,"lastError":"not linked","connected":false,"restartPending":false,"reconnectAttempts":0,"healthState":"not-running","lastInboundAt":null,"lastOutboundAt":null,"statusState":"not-linked","linked":false,"lastConnectedAt":null,"lastDisconnect":null,"lastMessageAt":null,"lastEventAt":null,"dmPolicy":"allowlist","allowFrom":["7982700657","+917982700657"],"authAgeMs":null,"self":{"e164":null,"jid":null,"lid":null}}}}},"channelOrder":["telegram","whatsapp"],"channelLabels":{"telegram":"Telegram","whatsapp":"WhatsApp"},"heartbeatSeconds":1800,"defaultAgentId":"maya","agents":[{"agentId":"maya","name":"Maya","isDefault":true,"heartbeat":{"enabled":true,"every":"30m","everyMs":1800000,"prompt":"Read HEARTBEAT.md if it exists (workspace context). Follow it strictly. Do not infer or repeat old tasks from prior chats. If nothing needs attention, reply HEARTBEAT_OK.","target":"none","ackMaxChars":300},"sessions":{"path":"C:\\Users\\mishs\\.openclaw\\agents\\maya\\sessions\\sessions.json","count":15,"recent":[{"key":"agent:maya:telegram:direct:1882996585","updatedAt":1784958159987,"age":1625659},{"key":"agent:maya:dashboard:ab0bb3d3-5d2b-4bce-ab2b-89d2f78bc232","updatedAt":1784901210194,"age":58575452},{"key":"agent:maya:dashboard:77dfdfb2-27ae-44bb-86bf-8504c597c339","updatedAt":1784893234550,"age":66551096},{"key":"agent:maya:dashboard:bc35f7e9-7a1a-4902-83b5-7c19dac9f5df","updatedAt":1784875528811,"age":84256835},{"key":"agent:maya:main","updatedAt":1784631558276,"age":328227370}]}}],"sessions":{"path":"C:\\Users\\mishs\\.openclaw\\agents\\maya\\sessions\\sessions.json","count":15,"recent":[{"key":"agent:maya:telegram:direct:1882996585","updatedAt":1784958159987,"age":1625659},{"key":"agent:maya:dashboard:ab0bb3d3-5d2b-4bce-ab2b-89d2f78bc232","updatedAt":1784901210194,"age":58575452},{"key":"agent:maya:dashboard:77dfdfb2-27ae-44bb-86bf-8504c597c339","updatedAt":1784893234550,"age":66551096},{"key":"agent:maya:dashboard:bc35f7e9-7a1a-4902-83b5-7c19dac9f5df","updatedAt":1784875528811,"age":84256835},{"key":"agent:maya:main","updatedAt":1784631558276,"age":328227370}]}},"stateVersion":{"presence":15,"health":96},"uptimeMs":5302030,"sessionDefaults":{"defaultAgentId":"maya","mainKey":"main","mainSessionKey":"agent:maya:main","scope":"per-sender"},"updateAvailable":{"currentVersion":"2026.6.10","latestVersion":"2026.7.1-2","channel":"latest"}},"pluginSurfaceUrls":{"canvas":"http://127.0.0.1:18789/__openclaw__/cap/mj2ef2nk8I_yX_e5l5FFWSJc"},"auth":{"role":"operator","scopes":[]},"policy":{"maxPayload":26214400,"maxBufferedBytes":52428800,"tickIntervalMs":30000}}}
{"type":"res","id":"sub_messages","ok":false,"error":{"code":"INVALID_REQUEST","message":"missing scope: operator.read"}}
{"type":"event","event":"health","payload":{"ok":true,"ts":1784959840715,"durationMs":233,"eventLoop":{"degraded":false,"reasons":[],"intervalMs":54836,"delayP99Ms":36.1,"delayMaxMs":89.9,"utilization":0.016,"cpuCoreRatio":0.017},"plugins":{"loaded":["browser","canvas","codex","device-pair","file-transfer","google","memory-core","parallel","phone-control","talk-voice","telegram","whatsapp"],"errors":[]},"modelPricing":{"state":"ok","sources":[]},"channels":{"telegram":{"accountId":"default","enabled":true,"configured":true,"running":true,"lastStartAt":1784956656935,"lastStopAt":1784956656934,"lastError":null,"connected":true,"restartPending":false,"reconnectAttempts":0,"lastConnectedAt":1784959836214,"lastEventAt":1784959836214,"lastTransportActivityAt":1784959836214,"lastInboundAt":null,"lastOutboundAt":null,"tokenSource":"config","tokenStatus":"available","mode":"polling","allowUnmentionedGroups":false,"lastProbeAt":null,"accounts":{"default":{"accountId":"default","enabled":true,"configured":true,"running":true,"lastStartAt":1784956656935,"lastStopAt":1784956656934,"lastError":null,"connected":true,"restartPending":false,"reconnectAttempts":0,"lastConnectedAt":1784959836214,"lastEventAt":1784959836214,"lastTransportActivityAt":1784959836214,"lastInboundAt":null,"lastOutboundAt":null,"tokenSource":"config","tokenStatus":"available","mode":"polling","allowUnmentionedGroups":false,"lastProbeAt":null}}},"whatsapp":{"accountId":"default","enabled":true,"configured":false,"running":false,"lastStartAt":null,"lastStopAt":null,"lastError":"not linked","connected":false,"restartPending":false,"reconnectAttempts":0,"healthState":"not-running","lastInboundAt":null,"lastOutboundAt":null,"statusState":"not-linked","linked":false,"lastConnectedAt":null,"lastDisconnect":null,"lastMessageAt":null,"lastEventAt":null,"dmPolicy":"allowlist","allowFrom":["7982700657","+917982700657"],"authAgeMs":null,"self":{"e164":null,"jid":null,"lid":null},"accounts":{"default":{"accountId":"default","enabled":true,"configured":false,"running":false,"lastStartAt":null,"lastStopAt":null,"lastError":"not linked","connected":false,"restartPending":false,"reconnectAttempts":0,"healthState":"not-running","lastInboundAt":null,"lastOutboundAt":null,"statusState":"not-linked","linked":false,"lastConnectedAt":null,"lastDisconnect":null,"lastMessageAt":null,"lastEventAt":null,"dmPolicy":"allowlist","allowFrom":["7982700657","+917982700657"],"authAgeMs":null,"self":{"e164":null,"jid":null,"lid":null}}}}},"channelOrder":["telegram","whatsapp"],"channelLabels":{"telegram":"Telegram","whatsapp":"WhatsApp"},"heartbeatSeconds":1800,"defaultAgentId":"maya","agents":[{"agentId":"maya","name":"Maya","isDefault":true,"heartbeat":{"enabled":true,"every":"30m","everyMs":1800000,"prompt":"Read HEARTBEAT.md if it exists (workspace context). Follow it strictly. Do not infer or repeat old tasks from prior chats. If nothing needs attention, reply HEARTBEAT_OK.","target":"none","ackMaxChars":300},"sessions":{"path":"C:\\Users\\mishs\\.openclaw\\agents\\maya\\sessions\\sessions.json","count":15,"recent":[{"key":"agent:maya:telegram:direct:1882996585","updatedAt":1784958159987,"age":1680495},{"key":"agent:maya:dashboard:ab0bb3d3-5d2b-4bce-ab2b-89d2f78bc232","updatedAt":1784901210194,"age":58630288},{"key":"agent:maya:dashboard:77dfdfb2-27ae-44bb-86bf-8504c597c339","updatedAt":1784893234550,"age":66605932},{"key":"agent:maya:dashboard:bc35f7e9-7a1a-4902-83b5-7c19dac9f5df","updatedAt":1784875528811,"age":84311671},{"key":"agent:maya:main","updatedAt":1784631558276,"age":328282206}]}}],"sessions":{"path":"C:\\Users\\mishs\\.openclaw\\agents\\maya\\sessions\\sessions.json","count":15,"recent":[{"key":"agent:maya:telegram:direct:1882996585","updatedAt":1784958159987,"age":1680495},{"key":"agent:maya:dashboard:ab0bb3d3-5d2b-4bce-ab2b-89d2f78bc232","updatedAt":1784901210194,"age":58630288},{"key":"agent:maya:dashboard:77dfdfb2-27ae-44bb-86bf-8504c597c339","updatedAt":1784893234550,"age":66605932},{"key":"agent:maya:dashboard:bc35f7e9-7a1a-4902-83b5-7c19dac9f5df","updatedAt":1784875528811,"age":84311671},{"key":"agent:maya:main","updatedAt":1784631558276,"age":328282206}]}},"seq":1,"stateVersion":{"presence":15,"health":97}}
{"type":"event","event":"health","payload":{"ok":true,"ts":1784959845845,"durationMs":208,"eventLoop":{"degraded":false,"reasons":[],"intervalMs":5168,"delayP99Ms":40.4,"delayMaxMs":42,"utilization":0.057,"cpuCoreRatio":0.054},"plugins":{"loaded":["browser","canvas","codex","device-pair","file-transfer","google","memory-core","parallel","phone-control","talk-voice","telegram","whatsapp"],"errors":[]},"modelPricing":{"state":"ok","sources":[]},"channels":{"telegram":{"accountId":"default","enabled":true,"configured":true,"running":true,"lastStartAt":1784956656935,"lastStopAt":1784956656934,"lastError":null,"connected":true,"restartPending":false,"reconnectAttempts":0,"lastConnectedAt":1784959836214,"lastEventAt":1784959836214,"lastTransportActivityAt":1784959836214,"lastInboundAt":null,"lastOutboundAt":null,"tokenSource":"config","tokenStatus":"available","mode":"polling","allowUnmentionedGroups":false,"lastProbeAt":null,"accounts":{"default":{"accountId":"default","enabled":true,"configured":true,"running":true,"lastStartAt":1784956656935,"lastStopAt":1784956656934,"lastError":null,"connected":true,"restartPending":false,"reconnectAttempts":0,"lastConnectedAt":1784959836214,"lastEventAt":1784959836214,"lastTransportActivityAt":1784959836214,"lastInboundAt":null,"lastOutboundAt":null,"tokenSource":"config","tokenStatus":"available","mode":"polling","allowUnmentionedGroups":false,"lastProbeAt":null}}},"whatsapp":{"accountId":"default","enabled":true,"configured":false,"running":false,"lastStartAt":null,"lastStopAt":null,"lastError":"not linked","connected":false,"restartPending":false,"reconnectAttempts":0,"healthState":"not-running","lastInboundAt":null,"lastOutboundAt":null,"statusState":"not-linked","linked":false,"lastConnectedAt":null,"lastDisconnect":null,"lastMessageAt":null,"lastEventAt":null,"dmPolicy":"allowlist","allowFrom":["7982700657","+917982700657"],"authAgeMs":null,"self":{"e164":null,"jid":null,"lid":null},"accounts":{"default":{"accountId":"default","enabled":true,"configured":false,"running":false,"lastStartAt":null,"lastStopAt":null,"lastError":"not linked","connected":false,"restartPending":false,"reconnectAttempts":0,"healthState":"not-running","lastInboundAt":null,"lastOutboundAt":null,"statusState":"not-linked","linked":false,"lastConnectedAt":null,"lastDisconnect":null,"lastMessageAt":null,"lastEventAt":null,"dmPolicy":"allowlist","allowFrom":["7982700657","+917982700657"],"authAgeMs":null,"self":{"e164":null,"jid":null,"lid":null}}}}},"channelOrder":["telegram","whatsapp"],"channelLabels":{"telegram":"Telegram","whatsapp":"WhatsApp"},"heartbeatSeconds":1800,"defaultAgentId":"maya","agents":[{"agentId":"maya","name":"Maya","isDefault":true,"heartbeat":{"enabled":true,"every":"30m","everyMs":1800000,"prompt":"Read HEARTBEAT.md if it exists (workspace context). Follow it strictly. Do not infer or repeat old tasks from prior chats. If nothing needs attention, reply HEARTBEAT_OK.","target":"none","ackMaxChars":300},"sessions":{"path":"C:\\Users\\mishs\\.openclaw\\agents\\maya\\sessions\\sessions.json","count":15,"recent":[{"key":"agent:maya:telegram:direct:1882996585","updatedAt":1784958159987,"age":1685650},{"key":"agent:maya:dashboard:ab0bb3d3-5d2b-4bce-ab2b-89d2f78bc232","updatedAt":1784901210194,"age":58635443},{"key":"agent:maya:dashboard:77dfdfb2-27ae-44bb-86bf-8504c597c339","updatedAt":1784893234550,"age":66611087},{"key":"agent:maya:dashboard:bc35f7e9-7a1a-4902-83b5-7c19dac9f5df","updatedAt":1784875528811,"age":84316826},{"key":"agent:maya:main","updatedAt":1784631558276,"age":328287361}]}}],"sessions":{"path":"C:\\Users\\mishs\\.openclaw\\agents\\maya\\sessions\\sessions.json","count":15,"recent":[{"key":"agent:maya:telegram:direct:1882996585","updatedAt":1784958159987,"age":1685650},{"key":"agent:maya:dashboard:ab0bb3d3-5d2b-4bce-ab2b-89d2f78bc232","updatedAt":1784901210194,"age":58635443},{"key":"agent:maya:dashboard:77dfdfb2-27ae-44bb-86bf-8504c597c339","updatedAt":1784893234550,"age":66611087},{"key":"agent:maya:dashboard:bc35f7e9-7a1a-4902-83b5-7c19dac9f5df","updatedAt":1784875528811,"age":84316826},{"key":"agent:maya:main","updatedAt":1784631558276,"age":328287361}]}},"seq":2,"stateVersion":{"presence":15,"health":98}}
{"type":"event","event":"tick","payload":{"ts":1784959851774},"seq":3}
{"type":"event","event":"tick","payload":{"ts":1784959881776},"seq":4}
{"type":"event","event":"connect.challenge","payload":{"nonce":"c6636d9a-d783-4d61-a357-520e49cc9cd8","ts":1784959902627}}
{"type":"res","id":"init_connect","ok":true,"payload":{"type":"hello-ok","protocol":4,"server":{"version":"2026.6.10","connId":"d534901f-a2d8-442b-ab5c-4551ff43a49d"},"features":{"methods":["health","diagnostics.stability","doctor.memory.status","doctor.memory.dreamDiary","doctor.memory.backfillDreamDiary","doctor.memory.resetDreamDiary","doctor.memory.resetGroundedShortTerm","doctor.memory.repairDreamingArtifacts","doctor.memory.dedupeDreamDiary","doctor.memory.remHarness","logs.tail","channels.status","channels.start","channels.stop","channels.logout","status","usage.status","usage.cost","tts.status","tts.providers","tts.personas","tts.enable","tts.disable","tts.convert","tts.setProvider","tts.setPersona","config.get","config.set","config.apply","config.patch","config.schema","config.schema.lookup","exec.approvals.get","exec.approvals.set","exec.approvals.node.get","exec.approvals.node.set","exec.approval.get","exec.approval.list","exec.approval.request","exec.approval.waitDecision","exec.approval.resolve","plugin.approval.list","plugin.approval.request","plugin.approval.waitDecision","plugin.approval.resolve","plugins.uiDescriptors","plugins.sessionAction","wizard.start","wizard.next","wizard.cancel","wizard.status","talk.catalog","talk.config","talk.client.create","talk.client.toolCall","talk.client.steer","talk.session.create","talk.session.join","talk.session.appendAudio","talk.session.startTurn","talk.session.endTurn","talk.session.cancelTurn","talk.session.cancelOutput","talk.session.submitToolResult","talk.session.steer","talk.session.close","talk.speak","talk.mode","commands.list","models.list","models.authStatus","models.authLogout","tools.catalog","tools.effective","tools.invoke","tasks.list","tasks.get","tasks.cancel","environments.list","environments.status","agents.list","agents.create","agents.update","agents.delete","agents.files.list","agents.files.get","agents.files.set","sessions.files.list","sessions.files.get","artifacts.list","artifacts.get","artifacts.download","skills.status","skills.search","skills.detail","skills.securityVerdicts","skills.skillCard","skills.bins","skills.upload.begin","skills.upload.chunk","skills.upload.commit","skills.install","skills.update","skills.proposals.list","skills.proposals.inspect","skills.proposals.create","skills.proposals.update","skills.proposals.revise","skills.proposals.requestRevision","skills.proposals.apply","skills.proposals.reject","skills.proposals.quarantine","update.status","update.run","voicewake.get","voicewake.set","secrets.reload","secrets.resolve","voicewake.routing.get","voicewake.routing.set","sessions.list","sessions.subscribe","sessions.unsubscribe","sessions.messages.subscribe","sessions.messages.unsubscribe","sessions.preview","sessions.describe","sessions.compaction.list","sessions.compaction.get","sessions.compaction.branch","sessions.compaction.restore","sessions.create","sessions.send","sessions.abort","sessions.patch","sessions.pluginPatch","sessions.cleanup","sessions.reset","sessions.delete","sessions.compact","last-heartbeat","set-heartbeats","wake","node.pair.request","node.pair.list","node.pair.approve","node.pair.reject","node.pair.remove","node.pair.verify","device.pair.list","device.pair.approve","device.pair.reject","device.pair.remove","device.token.rotate","device.token.revoke","node.rename","node.list","node.describe","node.pluginSurface.refresh","node.pending.drain","node.pending.enqueue","node.invoke","node.pending.pull","node.pending.ack","node.invoke.result","node.event","cron.get","cron.list","cron.status","cron.add","cron.update","cron.remove","cron.run","cron.runs","gateway.identity.get","gateway.restart.preflight","gateway.restart.request","system-presence","system-event","message.action","send","agent","agent.identity.get","agent.wait","chat.history","chat.startup","chat.metadata","chat.message.get","chat.abort","chat.send","browser.request","web.login.start","web.login.wait"],"events":["connect.challenge","agent","chat","session.message","session.operation","session.tool","sessions.changed","presence","tick","talk.mode","talk.event","shutdown","health","heartbeat","cron","node.pair.requested","node.pair.resolved","node.invoke.request","device.pair.requested","device.pair.resolved","voicewake.changed","voicewake.routing.changed","exec.approval.requested","exec.approval.resolved","plugin.approval.requested","plugin.approval.resolved","update.available"]},"snapshot":{"presence":[{"host":"mishita_soni","ip":"192.168.56.1","version":"2026.6.10","platform":"windows 10.0.26200","deviceFamily":"Windows","modelIdentifier":"x64","mode":"gateway","reason":"self","instanceId":"85301f58-2481-413a-ae7c-1480b7800b65","text":"Gateway: mishita_soni (192.168.56.1) · app 2026.6.10 · mode gateway · reason self","ts":1784959902630},{"host":"gateway-client","version":"1.0.0","platform":"windows","mode":"backend","roles":["operator"],"scopes":["operator.read","operator.write"],"reason":"connect","ts":1784959902630,"text":"Node: gateway-client · mode backend"},{"host":"gateway-client","version":"1.0.0","platform":"windows","mode":"backend","roles":["operator"],"reason":"disconnect","ts":1784959899122,"text":"Node: gateway-client · mode backend"},{"host":"gateway-client","version":"1.0.0","platform":"windows","mode":"backend","roles":["operator"],"reason":"disconnect","ts":1784959837321,"text":"Node: gateway-client · mode backend"}],"health":{"ok":true,"ts":1784959845845,"durationMs":208,"eventLoop":{"degraded":false,"reasons":[],"intervalMs":5168,"delayP99Ms":40.4,"delayMaxMs":42,"utilization":0.057,"cpuCoreRatio":0.054},"plugins":{"loaded":["browser","canvas","codex","device-pair","file-transfer","google","memory-core","parallel","phone-control","talk-voice","telegram","whatsapp"],"errors":[]},"modelPricing":{"state":"ok","sources":[]},"channels":{"telegram":{"accountId":"default","enabled":true,"configured":true,"running":true,"lastStartAt":1784956656935,"lastStopAt":1784956656934,"lastError":null,"connected":true,"restartPending":false,"reconnectAttempts":0,"lastConnectedAt":1784959836214,"lastEventAt":1784959836214,"lastTransportActivityAt":1784959836214,"lastInboundAt":null,"lastOutboundAt":null,"tokenSource":"config","tokenStatus":"available","mode":"polling","allowUnmentionedGroups":false,"lastProbeAt":null,"accounts":{"default":{"accountId":"default","enabled":true,"configured":true,"running":true,"lastStartAt":1784956656935,"lastStopAt":1784956656934,"lastError":null,"connected":true,"restartPending":false,"reconnectAttempts":0,"lastConnectedAt":1784959836214,"lastEventAt":1784959836214,"lastTransportActivityAt":1784959836214,"lastInboundAt":null,"lastOutboundAt":null,"tokenSource":"config","tokenStatus":"available","mode":"polling","allowUnmentionedGroups":false,"lastProbeAt":null}}},"whatsapp":{"accountId":"default","enabled":true,"configured":false,"running":false,"lastStartAt":null,"lastStopAt":null,"lastError":"not linked","connected":false,"restartPending":false,"reconnectAttempts":0,"healthState":"not-running","lastInboundAt":null,"lastOutboundAt":null,"statusState":"not-linked","linked":false,"lastConnectedAt":null,"lastDisconnect":null,"lastMessageAt":null,"lastEventAt":null,"dmPolicy":"allowlist","allowFrom":["7982700657","+917982700657"],"authAgeMs":null,"self":{"e164":null,"jid":null,"lid":null},"accounts":{"default":{"accountId":"default","enabled":true,"configured":false,"running":false,"lastStartAt":null,"lastStopAt":null,"lastError":"not linked","connected":false,"restartPending":false,"reconnectAttempts":0,"healthState":"not-running","lastInboundAt":null,"lastOutboundAt":null,"statusState":"not-linked","linked":false,"lastConnectedAt":null,"lastDisconnect":null,"lastMessageAt":null,"lastEventAt":null,"dmPolicy":"allowlist","allowFrom":["7982700657","+917982700657"],"authAgeMs":null,"self":{"e164":null,"jid":null,"lid":null}}}}},"channelOrder":["telegram","whatsapp"],"channelLabels":{"telegram":"Telegram","whatsapp":"WhatsApp"},"heartbeatSeconds":1800,"defaultAgentId":"maya","agents":[{"agentId":"maya","name":"Maya","isDefault":true,"heartbeat":{"enabled":true,"every":"30m","everyMs":1800000,"prompt":"Read HEARTBEAT.md if it exists (workspace context). Follow it strictly. Do not infer or repeat old tasks from prior chats. If nothing needs attention, reply HEARTBEAT_OK.","target":"none","ackMaxChars":300},"sessions":{"path":"C:\\Users\\mishs\\.openclaw\\agents\\maya\\sessions\\sessions.json","count":15,"recent":[{"key":"agent:maya:telegram:direct:1882996585","updatedAt":1784958159987,"age":1685650},{"key":"agent:maya:dashboard:ab0bb3d3-5d2b-4bce-ab2b-89d2f78bc232","updatedAt":1784901210194,"age":58635443},{"key":"agent:maya:dashboard:77dfdfb2-27ae-44bb-86bf-8504c597c339","updatedAt":1784893234550,"age":66611087},{"key":"agent:maya:dashboard:bc35f7e9-7a1a-4902-83b5-7c19dac9f5df","updatedAt":1784875528811,"age":84316826},{"key":"agent:maya:main","updatedAt":1784631558276,"age":328287361}]}}],"sessions":{"path":"C:\\Users\\mishs\\.openclaw\\agents\\maya\\sessions\\sessions.json","count":15,"recent":[{"key":"agent:maya:telegram:direct:1882996585","updatedAt":1784958159987,"age":1685650},{"key":"agent:maya:dashboard:ab0bb3d3-5d2b-4bce-ab2b-89d2f78bc232","updatedAt":1784901210194,"age":58635443},{"key":"agent:maya:dashboard:77dfdfb2-27ae-44bb-86bf-8504c597c339","updatedAt":1784893234550,"age":66611087},{"key":"agent:maya:dashboard:bc35f7e9-7a1a-4902-83b5-7c19dac9f5df","updatedAt":1784875528811,"age":84316826},{"key":"agent:maya:main","updatedAt":1784631558276,"age":328287361}]}},"stateVersion":{"presence":17,"health":98},"uptimeMs":5364198,"sessionDefaults":{"defaultAgentId":"maya","mainKey":"main","mainSessionKey":"agent:maya:main","scope":"per-sender"},"updateAvailable":{"currentVersion":"2026.6.10","latestVersion":"2026.7.1-2","channel":"latest"}},"pluginSurfaceUrls":{"canvas":"http://127.0.0.1:18789/__openclaw__/cap/w9aAxzumqBCDw1nNgyRMxMF2"},"auth":{"role":"operator","scopes":["operator.read","operator.write"]},"policy":{"maxPayload":26214400,"maxBufferedBytes":52428800,"tickIntervalMs":30000}}}
{"type":"res","id":"sub_messages","ok":false,"error":{"code":"INVALID_REQUEST","message":"invalid sessions.messages.subscribe params: must have required property 'key'"}}
{"type":"event","event":"health","payload":{"ok":true,"ts":1784959902918,"durationMs":272,"eventLoop":{"degraded":false,"reasons":[],"intervalMs":56997,"delayP99Ms":37.5,"delayMaxMs":69.5,"utilization":0.014,"cpuCoreRatio":0.016},"plugins":{"loaded":["browser","canvas","codex","device-pair","file-transfer","google","memory-core","parallel","phone-control","talk-voice","telegram","whatsapp"],"errors":[]},"modelPricing":{"state":"ok","sources":[]},"channels":{"telegram":{"accountId":"default","enabled":true,"configured":true,"running":true,"lastStartAt":1784956656935,"lastStopAt":1784956656934,"lastError":null,"connected":true,"restartPending":false,"reconnectAttempts":0,"lastConnectedAt":1784959900532,"lastEventAt":1784959900532,"lastTransportActivityAt":1784959900532,"lastInboundAt":null,"lastOutboundAt":null,"tokenSource":"config","tokenStatus":"available","mode":"polling","allowUnmentionedGroups":false,"lastProbeAt":null,"accounts":{"default":{"accountId":"default","enabled":true,"configured":true,"running":true,"lastStartAt":1784956656935,"lastStopAt":1784956656934,"lastError":null,"connected":true,"restartPending":false,"reconnectAttempts":0,"lastConnectedAt":1784959900532,"lastEventAt":1784959900532,"lastTransportActivityAt":1784959900532,"lastInboundAt":null,"lastOutboundAt":null,"tokenSource":"config","tokenStatus":"available","mode":"polling","allowUnmentionedGroups":false,"lastProbeAt":null}}},"whatsapp":{"accountId":"default","enabled":true,"configured":false,"running":false,"lastStartAt":null,"lastStopAt":null,"lastError":"not linked","connected":false,"restartPending":false,"reconnectAttempts":0,"healthState":"not-running","lastInboundAt":null,"lastOutboundAt":null,"statusState":"not-linked","linked":false,"lastConnectedAt":null,"lastDisconnect":null,"lastMessageAt":null,"lastEventAt":null,"dmPolicy":"allowlist","allowFrom":["7982700657","+917982700657"],"authAgeMs":null,"self":{"e164":null,"jid":null,"lid":null},"accounts":{"default":{"accountId":"default","enabled":true,"configured":false,"running":false,"lastStartAt":null,"lastStopAt":null,"lastError":"not linked","connected":false,"restartPending":false,"reconnectAttempts":0,"healthState":"not-running","lastInboundAt":null,"lastOutboundAt":null,"statusState":"not-linked","linked":false,"lastConnectedAt":null,"lastDisconnect":null,"lastMessageAt":null,"lastEventAt":null,"dmPolicy":"allowlist","allowFrom":["7982700657","+917982700657"],"authAgeMs":null,"self":{"e164":null,"jid":null,"lid":null}}}}},"channelOrder":["telegram","whatsapp"],"channelLabels":{"telegram":"Telegram","whatsapp":"WhatsApp"},"heartbeatSeconds":1800,"defaultAgentId":"maya","agents":[{"agentId":"maya","name":"Maya","isDefault":true,"heartbeat":{"enabled":true,"every":"30m","everyMs":1800000,"prompt":"Read HEARTBEAT.md if it exists (workspace context). Follow it strictly. Do not infer or repeat old tasks from prior chats. If nothing needs attention, reply HEARTBEAT_OK.","target":"none","ackMaxChars":300},"sessions":{"path":"C:\\Users\\mishs\\.openclaw\\agents\\maya\\sessions\\sessions.json","count":15,"recent":[{"key":"agent:maya:telegram:direct:1882996585","updatedAt":1784958159987,"age":1742659},{"key":"agent:maya:dashboard:ab0bb3d3-5d2b-4bce-ab2b-89d2f78bc232","updatedAt":1784901210194,"age":58692452},{"key":"agent:maya:dashboard:77dfdfb2-27ae-44bb-86bf-8504c597c339","updatedAt":1784893234550,"age":66668096},{"key":"agent:maya:dashboard:bc35f7e9-7a1a-4902-83b5-7c19dac9f5df","updatedAt":1784875528811,"age":84373835},{"key":"agent:maya:main","updatedAt":1784631558276,"age":328344370}]}}],"sessions":{"path":"C:\\Users\\mishs\\.openclaw\\agents\\maya\\sessions\\sessions.json","count":15,"recent":[{"key":"agent:maya:telegram:direct:1882996585","updatedAt":1784958159987,"age":1742659},{"key":"agent:maya:dashboard:ab0bb3d3-5d2b-4bce-ab2b-89d2f78bc232","updatedAt":1784901210194,"age":58692452},{"key":"agent:maya:dashboard:77dfdfb2-27ae-44bb-86bf-8504c597c339","updatedAt":1784893234550,"age":66668096},{"key":"agent:maya:dashboard:bc35f7e9-7a1a-4902-83b5-7c19dac9f5df","updatedAt":1784875528811,"age":84373835},{"key":"agent:maya:main","updatedAt":1784631558276,"age":328344370}]}},"seq":1,"stateVersion":{"presence":17,"health":99}}
{"type":"event","event":"health","payload":{"ok":true,"ts":1784959905858,"durationMs":219,"eventLoop":{"degraded":false,"reasons":[],"intervalMs":3004,"delayP99Ms":33.7,"delayMaxMs":34.9,"utilization":0.105,"cpuCoreRatio":0.083},"plugins":{"loaded":["browser","canvas","codex","device-pair","file-transfer","google","memory-core","parallel","phone-control","talk-voice","telegram","whatsapp"],"errors":[]},"modelPricing":{"state":"ok","sources":[]},"channels":{"telegram":{"accountId":"default","enabled":true,"configured":true,"running":true,"lastStartAt":1784956656935,"lastStopAt":1784956656934,"lastError":null,"connected":true,"restartPending":false,"reconnectAttempts":0,"lastConnectedAt":1784959900532,"lastEventAt":1784959900532,"lastTransportActivityAt":1784959900532,"lastInboundAt":null,"lastOutboundAt":null,"tokenSource":"config","tokenStatus":"available","mode":"polling","allowUnmentionedGroups":false,"lastProbeAt":null,"accounts":{"default":{"accountId":"default","enabled":true,"configured":true,"running":true,"lastStartAt":1784956656935,"lastStopAt":1784956656934,"lastError":null,"connected":true,"restartPending":false,"reconnectAttempts":0,"lastConnectedAt":1784959900532,"lastEventAt":1784959900532,"lastTransportActivityAt":1784959900532,"lastInboundAt":null,"lastOutboundAt":null,"tokenSource":"config","tokenStatus":"available","mode":"polling","allowUnmentionedGroups":false,"lastProbeAt":null}}},"whatsapp":{"accountId":"default","enabled":true,"configured":false,"running":false,"lastStartAt":null,"lastStopAt":null,"lastError":"not linked","connected":false,"restartPending":false,"reconnectAttempts":0,"healthState":"not-running","lastInboundAt":null,"lastOutboundAt":null,"statusState":"not-linked","linked":false,"lastConnectedAt":null,"lastDisconnect":null,"lastMessageAt":null,"lastEventAt":null,"dmPolicy":"allowlist","allowFrom":["7982700657","+917982700657"],"authAgeMs":null,"self":{"e164":null,"jid":null,"lid":null},"accounts":{"default":{"accountId":"default","enabled":true,"configured":false,"running":false,"lastStartAt":null,"lastStopAt":null,"lastError":"not linked","connected":false,"restartPending":false,"reconnectAttempts":0,"healthState":"not-running","lastInboundAt":null,"lastOutboundAt":null,"statusState":"not-linked","linked":false,"lastConnectedAt":null,"lastDisconnect":null,"lastMessageAt":null,"lastEventAt":null,"dmPolicy":"allowlist","allowFrom":["7982700657","+917982700657"],"authAgeMs":null,"self":{"e164":null,"jid":null,"lid":null}}}}},"channelOrder":["telegram","whatsapp"],"channelLabels":{"telegram":"Telegram","whatsapp":"WhatsApp"},"heartbeatSeconds":1800,"defaultAgentId":"maya","agents":[{"agentId":"maya","name":"Maya","isDefault":true,"heartbeat":{"enabled":true,"every":"30m","everyMs":1800000,"prompt":"Read HEARTBEAT.md if it exists (workspace context). Follow it strictly. Do not infer or repeat old tasks from prior chats. If nothing needs attention, reply HEARTBEAT_OK.","target":"none","ackMaxChars":300},"sessions":{"path":"C:\\Users\\mishs\\.openclaw\\agents\\maya\\sessions\\sessions.json","count":15,"recent":[{"key":"agent:maya:telegram:direct:1882996585","updatedAt":1784958159987,"age":1745652},{"key":"agent:maya:dashboard:ab0bb3d3-5d2b-4bce-ab2b-89d2f78bc232","updatedAt":1784901210194,"age":58695445},{"key":"agent:maya:dashboard:77dfdfb2-27ae-44bb-86bf-8504c597c339","updatedAt":1784893234550,"age":66671089},{"key":"agent:maya:dashboard:bc35f7e9-7a1a-4902-83b5-7c19dac9f5df","updatedAt":1784875528811,"age":84376828},{"key":"agent:maya:main","updatedAt":1784631558276,"age":328347363}]}}],"sessions":{"path":"C:\\Users\\mishs\\.openclaw\\agents\\maya\\sessions\\sessions.json","count":15,"recent":[{"key":"agent:maya:telegram:direct:1882996585","updatedAt":1784958159987,"age":1745652},{"key":"agent:maya:dashboard:ab0bb3d3-5d2b-4bce-ab2b-89d2f78bc232","updatedAt":1784901210194,"age":58695445},{"key":"agent:maya:dashboard:77dfdfb2-27ae-44bb-86bf-8504c597c339","updatedAt":1784893234550,"age":66671089},{"key":"agent:maya:dashboard:bc35f7e9-7a1a-4902-83b5-7c19dac9f5df","updatedAt":1784875528811,"age":84376828},{"key":"agent:maya:main","updatedAt":1784631558276,"age":328347363}]}},"seq":2,"stateVersion":{"presence":17,"health":100}}
{"type":"event","event":"tick","payload":{"ts":1784959911780},"seq":3}
{"type":"event","event":"connect.challenge","payload":{"nonce":"748759a7-74c5-4146-b7a8-93d006fac8bd","ts":1784959962913}}
{"type":"res","id":"init_connect","ok":true,"payload":{"type":"hello-ok","protocol":4,"server":{"version":"2026.6.10","connId":"de0752b3-3ef1-4da3-9602-47f157478a17"},"features":{"methods":["health","diagnostics.stability","doctor.memory.status","doctor.memory.dreamDiary","doctor.memory.backfillDreamDiary","doctor.memory.resetDreamDiary","doctor.memory.resetGroundedShortTerm","doctor.memory.repairDreamingArtifacts","doctor.memory.dedupeDreamDiary","doctor.memory.remHarness","logs.tail","channels.status","channels.start","channels.stop","channels.logout","status","usage.status","usage.cost","tts.status","tts.providers","tts.personas","tts.enable","tts.disable","tts.convert","tts.setProvider","tts.setPersona","config.get","config.set","config.apply","config.patch","config.schema","config.schema.lookup","exec.approvals.get","exec.approvals.set","exec.approvals.node.get","exec.approvals.node.set","exec.approval.get","exec.approval.list","exec.approval.request","exec.approval.waitDecision","exec.approval.resolve","plugin.approval.list","plugin.approval.request","plugin.approval.waitDecision","plugin.approval.resolve","plugins.uiDescriptors","plugins.sessionAction","wizard.start","wizard.next","wizard.cancel","wizard.status","talk.catalog","talk.config","talk.client.create","talk.client.toolCall","talk.client.steer","talk.session.create","talk.session.join","talk.session.appendAudio","talk.session.startTurn","talk.session.endTurn","talk.session.cancelTurn","talk.session.cancelOutput","talk.session.submitToolResult","talk.session.steer","talk.session.close","talk.speak","talk.mode","commands.list","models.list","models.authStatus","models.authLogout","tools.catalog","tools.effective","tools.invoke","tasks.list","tasks.get","tasks.cancel","environments.list","environments.status","agents.list","agents.create","agents.update","agents.delete","agents.files.list","agents.files.get","agents.files.set","sessions.files.list","sessions.files.get","artifacts.list","artifacts.get","artifacts.download","skills.status","skills.search","skills.detail","skills.securityVerdicts","skills.skillCard","skills.bins","skills.upload.begin","skills.upload.chunk","skills.upload.commit","skills.install","skills.update","skills.proposals.list","skills.proposals.inspect","skills.proposals.create","skills.proposals.update","skills.proposals.revise","skills.proposals.requestRevision","skills.proposals.apply","skills.proposals.reject","skills.proposals.quarantine","update.status","update.run","voicewake.get","voicewake.set","secrets.reload","secrets.resolve","voicewake.routing.get","voicewake.routing.set","sessions.list","sessions.subscribe","sessions.unsubscribe","sessions.messages.subscribe","sessions.messages.unsubscribe","sessions.preview","sessions.describe","sessions.compaction.list","sessions.compaction.get","sessions.compaction.branch","sessions.compaction.restore","sessions.create","sessions.send","sessions.abort","sessions.patch","sessions.pluginPatch","sessions.cleanup","sessions.reset","sessions.delete","sessions.compact","last-heartbeat","set-heartbeats","wake","node.pair.request","node.pair.list","node.pair.approve","node.pair.reject","node.pair.remove","node.pair.verify","device.pair.list","device.pair.approve","device.pair.reject","device.pair.remove","device.token.rotate","device.token.revoke","node.rename","node.list","node.describe","node.pluginSurface.refresh","node.pending.drain","node.pending.enqueue","node.invoke","node.pending.pull","node.pending.ack","node.invoke.result","node.event","cron.get","cron.list","cron.status","cron.add","cron.update","cron.remove","cron.run","cron.runs","gateway.identity.get","gateway.restart.preflight","gateway.restart.request","system-presence","system-event","message.action","send","agent","agent.identity.get","agent.wait","chat.history","chat.startup","chat.metadata","chat.message.get","chat.abort","chat.send","browser.request","web.login.start","web.login.wait"],"events":["connect.challenge","agent","chat","session.message","session.operation","session.tool","sessions.changed","presence","tick","talk.mode","talk.event","shutdown","health","heartbeat","cron","node.pair.requested","node.pair.resolved","node.invoke.request","device.pair.requested","device.pair.resolved","voicewake.changed","voicewake.routing.changed","exec.approval.requested","exec.approval.resolved","plugin.approval.requested","plugin.approval.resolved","update.available"]},"snapshot":{"presence":[{"host":"mishita_soni","ip":"192.168.56.1","version":"2026.6.10","platform":"windows 10.0.26200","deviceFamily":"Windows","modelIdentifier":"x64","mode":"gateway","reason":"self","instanceId":"85301f58-2481-413a-ae7c-1480b7800b65","text":"Gateway: mishita_soni (192.168.56.1) · app 2026.6.10 · mode gateway · reason self","ts":1784959962916},{"host":"gateway-client","version":"1.0.0","platform":"windows","mode":"backend","roles":["operator"],"scopes":["operator.read","operator.write"],"reason":"connect","ts":1784959962916,"text":"Node: gateway-client · mode backend"},{"host":"gateway-client","version":"1.0.0","platform":"windows","mode":"backend","roles":["operator"],"scopes":["operator.read","operator.write"],"reason":"disconnect","ts":1784959931349,"text":"Node: gateway-client · mode backend"},{"host":"gateway-client","version":"1.0.0","platform":"windows","mode":"backend","roles":["operator"],"reason":"disconnect","ts":1784959899122,"text":"Node: gateway-client · mode backend"},{"host":"gateway-client","version":"1.0.0","platform":"windows","mode":"backend","roles":["operator"],"reason":"disconnect","ts":1784959837321,"text":"Node: gateway-client · mode backend"}],"health":{"ok":true,"ts":1784959905858,"durationMs":219,"eventLoop":{"degraded":false,"reasons":[],"intervalMs":3004,"delayP99Ms":33.7,"delayMaxMs":34.9,"utilization":0.105,"cpuCoreRatio":0.083},"plugins":{"loaded":["browser","canvas","codex","device-pair","file-transfer","google","memory-core","parallel","phone-control","talk-voice","telegram","whatsapp"],"errors":[]},"modelPricing":{"state":"ok","sources":[]},"channels":{"telegram":{"accountId":"default","enabled":true,"configured":true,"running":true,"lastStartAt":1784956656935,"lastStopAt":1784956656934,"lastError":null,"connected":true,"restartPending":false,"reconnectAttempts":0,"lastConnectedAt":1784959900532,"lastEventAt":1784959900532,"lastTransportActivityAt":1784959900532,"lastInboundAt":null,"lastOutboundAt":null,"tokenSource":"config","tokenStatus":"available","mode":"polling","allowUnmentionedGroups":false,"lastProbeAt":null,"accounts":{"default":{"accountId":"default","enabled":true,"configured":true,"running":true,"lastStartAt":1784956656935,"lastStopAt":1784956656934,"lastError":null,"connected":true,"restartPending":false,"reconnectAttempts":0,"lastConnectedAt":1784959900532,"lastEventAt":1784959900532,"lastTransportActivityAt":1784959900532,"lastInboundAt":null,"lastOutboundAt":null,"tokenSource":"config","tokenStatus":"available","mode":"polling","allowUnmentionedGroups":false,"lastProbeAt":null}}},"whatsapp":{"accountId":"default","enabled":true,"configured":false,"running":false,"lastStartAt":null,"lastStopAt":null,"lastError":"not linked","connected":false,"restartPending":false,"reconnectAttempts":0,"healthState":"not-running","lastInboundAt":null,"lastOutboundAt":null,"statusState":"not-linked","linked":false,"lastConnectedAt":null,"lastDisconnect":null,"lastMessageAt":null,"lastEventAt":null,"dmPolicy":"allowlist","allowFrom":["7982700657","+917982700657"],"authAgeMs":null,"self":{"e164":null,"jid":null,"lid":null},"accounts":{"default":{"accountId":"default","enabled":true,"configured":false,"running":false,"lastStartAt":null,"lastStopAt":null,"lastError":"not linked","connected":false,"restartPending":false,"reconnectAttempts":0,"healthState":"not-running","lastInboundAt":null,"lastOutboundAt":null,"statusState":"not-linked","linked":false,"lastConnectedAt":null,"lastDisconnect":null,"lastMessageAt":null,"lastEventAt":null,"dmPolicy":"allowlist","allowFrom":["7982700657","+917982700657"],"authAgeMs":null,"self":{"e164":null,"jid":null,"lid":null}}}}},"channelOrder":["telegram","whatsapp"],"channelLabels":{"telegram":"Telegram","whatsapp":"WhatsApp"},"heartbeatSeconds":1800,"defaultAgentId":"maya","agents":[{"agentId":"maya","name":"Maya","isDefault":true,"heartbeat":{"enabled":true,"every":"30m","everyMs":1800000,"prompt":"Read HEARTBEAT.md if it exists (workspace context). Follow it strictly. Do not infer or repeat old tasks from prior chats. If nothing needs attention, reply HEARTBEAT_OK.","target":"none","ackMaxChars":300},"sessions":{"path":"C:\\Users\\mishs\\.openclaw\\agents\\maya\\sessions\\sessions.json","count":15,"recent":[{"key":"agent:maya:telegram:direct:1882996585","updatedAt":1784958159987,"age":1745652},{"key":"agent:maya:dashboard:ab0bb3d3-5d2b-4bce-ab2b-89d2f78bc232","updatedAt":1784901210194,"age":58695445},{"key":"agent:maya:dashboard:77dfdfb2-27ae-44bb-86bf-8504c597c339","updatedAt":1784893234550,"age":66671089},{"key":"agent:maya:dashboard:bc35f7e9-7a1a-4902-83b5-7c19dac9f5df","updatedAt":1784875528811,"age":84376828},{"key":"agent:maya:main","updatedAt":1784631558276,"age":328347363}]}}],"sessions":{"path":"C:\\Users\\mishs\\.openclaw\\agents\\maya\\sessions\\sessions.json","count":15,"recent":[{"key":"agent:maya:telegram:direct:1882996585","updatedAt":1784958159987,"age":1745652},{"key":"agent:maya:dashboard:ab0bb3d3-5d2b-4bce-ab2b-89d2f78bc232","updatedAt":1784901210194,"age":58695445},{"key":"agent:maya:dashboard:77dfdfb2-27ae-44bb-86bf-8504c597c339","updatedAt":1784893234550,"age":66671089},{"key":"agent:maya:dashboard:bc35f7e9-7a1a-4902-83b5-7c19dac9f5df","updatedAt":1784875528811,"age":84376828},{"key":"agent:maya:main","updatedAt":1784631558276,"age":328347363}]}},"stateVersion":{"presence":19,"health":100},"uptimeMs":5424487,"sessionDefaults":{"defaultAgentId":"maya","mainKey":"main","mainSessionKey":"agent:maya:main","scope":"per-sender"},"updateAvailable":{"currentVersion":"2026.6.10","latestVersion":"2026.7.1-2","channel":"latest"}},"pluginSurfaceUrls":{"canvas":"http://127.0.0.1:18789/__openclaw__/cap/U-EZOvecLO4Gu4GPxkp7yDoa"},"auth":{"role":"operator","scopes":["operator.read","operator.write"]},"policy":{"maxPayload":26214400,"maxBufferedBytes":52428800,"tickIntervalMs":30000}}}
{"type":"res","id":"sub_messages","ok":false,"error":{"code":"INVALID_REQUEST","message":"invalid sessions.messages.subscribe params: must have required property 'key'"}}
{"type":"event","event":"health","payload":{"ok":true,"ts":1784959963156,"durationMs":224,"eventLoop":{"degraded":false,"reasons":[],"intervalMs":57282,"delayP99Ms":36.8,"delayMaxMs":105.1,"utilization":0.019,"cpuCoreRatio":0.019},"plugins":{"loaded":["browser","canvas","codex","device-pair","file-transfer","google","memory-core","parallel","phone-control","talk-voice","telegram","whatsapp"],"errors":[]},"modelPricing":{"state":"ok","sources":[]},"channels":{"telegram":{"accountId":"default","enabled":true,"configured":true,"running":true,"lastStartAt":1784956656935,"lastStopAt":1784956656934,"lastError":null,"connected":true,"restartPending":false,"reconnectAttempts":0,"lastConnectedAt":1784959932928,"lastEventAt":1784959932928,"lastTransportActivityAt":1784959932928,"lastInboundAt":null,"lastOutboundAt":null,"tokenSource":"config","tokenStatus":"available","mode":"polling","allowUnmentionedGroups":false,"lastProbeAt":null,"accounts":{"default":{"accountId":"default","enabled":true,"configured":true,"running":true,"lastStartAt":1784956656935,"lastStopAt":1784956656934,"lastError":null,"connected":true,"restartPending":false,"reconnectAttempts":0,"lastConnectedAt":1784959932928,"lastEventAt":1784959932928,"lastTransportActivityAt":1784959932928,"lastInboundAt":null,"lastOutboundAt":null,"tokenSource":"config","tokenStatus":"available","mode":"polling","allowUnmentionedGroups":false,"lastProbeAt":null}}},"whatsapp":{"accountId":"default","enabled":true,"configured":false,"running":false,"lastStartAt":null,"lastStopAt":null,"lastError":"not linked","connected":false,"restartPending":false,"reconnectAttempts":0,"healthState":"not-running","lastInboundAt":null,"lastOutboundAt":null,"statusState":"not-linked","linked":false,"lastConnectedAt":null,"lastDisconnect":null,"lastMessageAt":null,"lastEventAt":null,"dmPolicy":"allowlist","allowFrom":["7982700657","+917982700657"],"authAgeMs":null,"self":{"e164":null,"jid":null,"lid":null},"accounts":{"default":{"accountId":"default","enabled":true,"configured":false,"running":false,"lastStartAt":null,"lastStopAt":null,"lastError":"not linked","connected":false,"restartPending":false,"reconnectAttempts":0,"healthState":"not-running","lastInboundAt":null,"lastOutboundAt":null,"statusState":"not-linked","linked":false,"lastConnectedAt":null,"lastDisconnect":null,"lastMessageAt":null,"lastEventAt":null,"dmPolicy":"allowlist","allowFrom":["7982700657","+917982700657"],"authAgeMs":null,"self":{"e164":null,"jid":null,"lid":null}}}}},"channelOrder":["telegram","whatsapp"],"channelLabels":{"telegram":"Telegram","whatsapp":"WhatsApp"},"heartbeatSeconds":1800,"defaultAgentId":"maya","agents":[{"agentId":"maya","name":"Maya","isDefault":true,"heartbeat":{"enabled":true,"every":"30m","everyMs":1800000,"prompt":"Read HEARTBEAT.md if it exists (workspace context). Follow it strictly. Do not infer or repeat old tasks from prior chats. If nothing needs attention, reply HEARTBEAT_OK.","target":"none","ackMaxChars":300},"sessions":{"path":"C:\\Users\\mishs\\.openclaw\\agents\\maya\\sessions\\sessions.json","count":15,"recent":[{"key":"agent:maya:telegram:direct:1882996585","updatedAt":1784958159987,"age":1802945},{"key":"agent:maya:dashboard:ab0bb3d3-5d2b-4bce-ab2b-89d2f78bc232","updatedAt":1784901210194,"age":58752738},{"key":"agent:maya:dashboard:77dfdfb2-27ae-44bb-86bf-8504c597c339","updatedAt":1784893234550,"age":66728382},{"key":"agent:maya:dashboard:bc35f7e9-7a1a-4902-83b5-7c19dac9f5df","updatedAt":1784875528811,"age":84434121},{"key":"agent:maya:main","updatedAt":1784631558276,"age":328404656}]}}],"sessions":{"path":"C:\\Users\\mishs\\.openclaw\\agents\\maya\\sessions\\sessions.json","count":15,"recent":[{"key":"agent:maya:telegram:direct:1882996585","updatedAt":1784958159987,"age":1802945},{"key":"agent:maya:dashboard:ab0bb3d3-5d2b-4bce-ab2b-89d2f78bc232","updatedAt":1784901210194,"age":58752738},{"key":"agent:maya:dashboard:77dfdfb2-27ae-44bb-86bf-8504c597c339","updatedAt":1784893234550,"age":66728382},{"key":"agent:maya:dashboard:bc35f7e9-7a1a-4902-83b5-7c19dac9f5df","updatedAt":1784875528811,"age":84434121},{"key":"agent:maya:main","updatedAt":1784631558276,"age":328404656}]}},"seq":1,"stateVersion":{"presence":19,"health":101}}
{"type":"event","event":"health","payload":{"ok":true,"ts":1784959965856,"durationMs":215,"eventLoop":{"degraded":false,"reasons":[],"intervalMs":2722,"delayP99Ms":34.7,"delayMaxMs":91,"utilization":0.101,"cpuCoreRatio":0.08},"plugins":{"loaded":["browser","canvas","codex","device-pair","file-transfer","google","memory-core","parallel","phone-control","talk-voice","telegram","whatsapp"],"errors":[]},"modelPricing":{"state":"ok","sources":[]},"channels":{"telegram":{"accountId":"default","enabled":true,"configured":true,"running":true,"lastStartAt":1784956656935,"lastStopAt":1784956656934,"lastError":null,"connected":true,"restartPending":false,"reconnectAttempts":0,"lastConnectedAt":1784959965180,"lastEventAt":1784959965180,"lastTransportActivityAt":1784959965180,"lastInboundAt":null,"lastOutboundAt":null,"tokenSource":"config","tokenStatus":"available","mode":"polling","allowUnmentionedGroups":false,"lastProbeAt":null,"accounts":{"default":{"accountId":"default","enabled":true,"configured":true,"running":true,"lastStartAt":1784956656935,"lastStopAt":1784956656934,"lastError":null,"connected":true,"restartPending":false,"reconnectAttempts":0,"lastConnectedAt":1784959965180,"lastEventAt":1784959965180,"lastTransportActivityAt":1784959965180,"lastInboundAt":null,"lastOutboundAt":null,"tokenSource":"config","tokenStatus":"available","mode":"polling","allowUnmentionedGroups":false,"lastProbeAt":null}}},"whatsapp":{"accountId":"default","enabled":true,"configured":false,"running":false,"lastStartAt":null,"lastStopAt":null,"lastError":"not linked","connected":false,"restartPending":false,"reconnectAttempts":0,"healthState":"not-running","lastInboundAt":null,"lastOutboundAt":null,"statusState":"not-linked","linked":false,"lastConnectedAt":null,"lastDisconnect":null,"lastMessageAt":null,"lastEventAt":null,"dmPolicy":"allowlist","allowFrom":["7982700657","+917982700657"],"authAgeMs":null,"self":{"e164":null,"jid":null,"lid":null},"accounts":{"default":{"accountId":"default","enabled":true,"configured":false,"running":false,"lastStartAt":null,"lastStopAt":null,"lastError":"not linked","connected":false,"restartPending":false,"reconnectAttempts":0,"healthState":"not-running","lastInboundAt":null,"lastOutboundAt":null,"statusState":"not-linked","linked":false,"lastConnectedAt":null,"lastDisconnect":null,"lastMessageAt":null,"lastEventAt":null,"dmPolicy":"allowlist","allowFrom":["7982700657","+917982700657"],"authAgeMs":null,"self":{"e164":null,"jid":null,"lid":null}}}}},"channelOrder":["telegram","whatsapp"],"channelLabels":{"telegram":"Telegram","whatsapp":"WhatsApp"},"heartbeatSeconds":1800,"defaultAgentId":"maya","agents":[{"agentId":"maya","name":"Maya","isDefault":true,"heartbeat":{"enabled":true,"every":"30m","everyMs":1800000,"prompt":"Read HEARTBEAT.md if it exists (workspace context). Follow it strictly. Do not infer or repeat old tasks from prior chats. If nothing needs attention, reply HEARTBEAT_OK.","target":"none","ackMaxChars":300},"sessions":{"path":"C:\\Users\\mishs\\.openclaw\\agents\\maya\\sessions\\sessions.json","count":15,"recent":[{"key":"agent:maya:telegram:direct:1882996585","updatedAt":1784958159987,"age":1805654},{"key":"agent:maya:dashboard:ab0bb3d3-5d2b-4bce-ab2b-89d2f78bc232","updatedAt":1784901210194,"age":58755447},{"key":"agent:maya:dashboard:77dfdfb2-27ae-44bb-86bf-8504c597c339","updatedAt":1784893234550,"age":66731091},{"key":"agent:maya:dashboard:bc35f7e9-7a1a-4902-83b5-7c19dac9f5df","updatedAt":1784875528811,"age":84436830},{"key":"agent:maya:main","updatedAt":1784631558276,"age":328407365}]}}],"sessions":{"path":"C:\\Users\\mishs\\.openclaw\\agents\\maya\\sessions\\sessions.json","count":15,"recent":[{"key":"agent:maya:telegram:direct:1882996585","updatedAt":1784958159987,"age":1805654},{"key":"agent:maya:dashboard:ab0bb3d3-5d2b-4bce-ab2b-89d2f78bc232","updatedAt":1784901210194,"age":58755447},{"key":"agent:maya:dashboard:77dfdfb2-27ae-44bb-86bf-8504c597c339","updatedAt":1784893234550,"age":66731091},{"key":"agent:maya:dashboard:bc35f7e9-7a1a-4902-83b5-7c19dac9f5df","updatedAt":1784875528811,"age":84436830},{"key":"agent:maya:main","updatedAt":1784631558276,"age":328407365}]}},"seq":2,"stateVersion":{"presence":19,"health":102}}
{"type":"event","event":"tick","payload":{"ts":1784959971780},"seq":3}
{"type":"event","event":"tick","payload":{"ts":1784960001790},"seq":4}
{"type":"event","event":"health","payload":{"ok":true,"ts":1784960025948,"durationMs":310,"eventLoop":{"degraded":true,"reasons":["event_loop_delay"],"intervalMs":59995,"delayP99Ms":43.8,"delayMaxMs":9613.3,"utilization":0.258,"cpuCoreRatio":0.269},"plugins":{"loaded":["browser","canvas","codex","device-pair","file-transfer","google","memory-core","parallel","phone-control","talk-voice","telegram","whatsapp"],"errors":[]},"modelPricing":{"state":"ok","sources":[]},"channels":{"telegram":{"accountId":"default","enabled":true,"configured":true,"running":true,"lastStartAt":1784956656935,"lastStopAt":1784956656934,"lastError":null,"connected":true,"restartPending":false,"reconnectAttempts":0,"lastConnectedAt":1784960005102,"lastEventAt":1784960005102,"lastTransportActivityAt":1784960005102,"lastInboundAt":null,"lastOutboundAt":null,"tokenSource":"config","tokenStatus":"available","mode":"polling","allowUnmentionedGroups":false,"lastProbeAt":null,"accounts":{"default":{"accountId":"default","enabled":true,"configured":true,"running":true,"lastStartAt":1784956656935,"lastStopAt":1784956656934,"lastError":null,"connected":true,"restartPending":false,"reconnectAttempts":0,"lastConnectedAt":1784960005102,"lastEventAt":1784960005102,"lastTransportActivityAt":1784960005102,"lastInboundAt":null,"lastOutboundAt":null,"tokenSource":"config","tokenStatus":"available","mode":"polling","allowUnmentionedGroups":false,"lastProbeAt":null}}},"whatsapp":{"accountId":"default","enabled":true,"configured":false,"running":false,"lastStartAt":null,"lastStopAt":null,"lastError":"not linked","connected":false,"restartPending":false,"reconnectAttempts":0,"healthState":"not-running","lastInboundAt":null,"lastOutboundAt":null,"statusState":"not-linked","linked":false,"lastConnectedAt":null,"lastDisconnect":null,"lastMessageAt":null,"lastEventAt":null,"dmPolicy":"allowlist","allowFrom":["7982700657","+917982700657"],"authAgeMs":null,"self":{"e164":null,"jid":null,"lid":null},"accounts":{"default":{"accountId":"default","enabled":true,"configured":false,"running":false,"lastStartAt":null,"lastStopAt":null,"lastError":"not linked","connected":false,"restartPending":false,"reconnectAttempts":0,"healthState":"not-running","lastInboundAt":null,"lastOutboundAt":null,"statusState":"not-linked","linked":false,"lastConnectedAt":null,"lastDisconnect":null,"lastMessageAt":null,"lastEventAt":null,"dmPolicy":"allowlist","allowFrom":["7982700657","+917982700657"],"authAgeMs":null,"self":{"e164":null,"jid":null,"lid":null}}}}},"channelOrder":["telegram","whatsapp"],"channelLabels":{"telegram":"Telegram","whatsapp":"WhatsApp"},"heartbeatSeconds":1800,"defaultAgentId":"maya","agents":[{"agentId":"maya","name":"Maya","isDefault":true,"heartbeat":{"enabled":true,"every":"30m","everyMs":1800000,"prompt":"Read HEARTBEAT.md if it exists (workspace context). Follow it strictly. Do not infer or repeat old tasks from prior chats. If nothing needs attention, reply HEARTBEAT_OK.","target":"none","ackMaxChars":300},"sessions":{"path":"C:\\Users\\mishs\\.openclaw\\agents\\maya\\sessions\\sessions.json","count":15,"recent":[{"key":"agent:maya:telegram:direct:1882996585","updatedAt":1784960022050,"age":3588},{"key":"agent:maya:dashboard:ab0bb3d3-5d2b-4bce-ab2b-89d2f78bc232","updatedAt":1784901210194,"age":58815444},{"key":"agent:maya:dashboard:77dfdfb2-27ae-44bb-86bf-8504c597c339","updatedAt":1784893234550,"age":66791088},{"key":"agent:maya:dashboard:bc35f7e9-7a1a-4902-83b5-7c19dac9f5df","updatedAt":1784875528811,"age":84496827},{"key":"agent:maya:main","updatedAt":1784631558276,"age":328467362}]}}],"sessions":{"path":"C:\\Users\\mishs\\.openclaw\\agents\\maya\\sessions\\sessions.json","count":15,"recent":[{"key":"agent:maya:telegram:direct:1882996585","updatedAt":1784960022050,"age":3588},{"key":"agent:maya:dashboard:ab0bb3d3-5d2b-4bce-ab2b-89d2f78bc232","updatedAt":1784901210194,"age":58815444},{"key":"agent:maya:dashboard:77dfdfb2-27ae-44bb-86bf-8504c597c339","updatedAt":1784893234550,"age":66791088},{"key":"agent:maya:dashboard:bc35f7e9-7a1a-4902-83b5-7c19dac9f5df","updatedAt":1784875528811,"age":84496827},{"key":"agent:maya:main","updatedAt":1784631558276,"age":328467362}]}},"seq":5,"stateVersion":{"presence":19,"health":103}}
{"type":"event","event":"tick","payload":{"ts":1784960031777},"seq":6}
{"type":"event","event":"tick","payload":{"ts":1784960061783},"seq":7}
{"type":"event","event":"health","payload":{"ok":true,"ts":1784960085845,"durationMs":183,"eventLoop":{"degraded":false,"reasons":[],"intervalMs":60014,"delayP99Ms":39,"delayMaxMs":55.3,"utilization":0.025,"cpuCoreRatio":0.041},"plugins":{"loaded":["browser","canvas","codex","device-pair","file-transfer","google","memory-core","parallel","phone-control","talk-voice","telegram","whatsapp"],"errors":[]},"modelPricing":{"state":"ok","sources":[]},"channels":{"telegram":{"accountId":"default","enabled":true,"configured":true,"running":true,"lastStartAt":1784956656935,"lastStopAt":1784956656934,"lastError":null,"connected":true,"restartPending":false,"reconnectAttempts":0,"lastConnectedAt":1784960068363,"lastEventAt":1784960068363,"lastTransportActivityAt":1784960068363,"lastInboundAt":null,"lastOutboundAt":null,"tokenSource":"config","tokenStatus":"available","mode":"polling","allowUnmentionedGroups":false,"lastProbeAt":null,"accounts":{"default":{"accountId":"default","enabled":true,"configured":true,"running":true,"lastStartAt":1784956656935,"lastStopAt":1784956656934,"lastError":null,"connected":true,"restartPending":false,"reconnectAttempts":0,"lastConnectedAt":1784960068363,"lastEventAt":1784960068363,"lastTransportActivityAt":1784960068363,"lastInboundAt":null,"lastOutboundAt":null,"tokenSource":"config","tokenStatus":"available","mode":"polling","allowUnmentionedGroups":false,"lastProbeAt":null}}},"whatsapp":{"accountId":"default","enabled":true,"configured":false,"running":false,"lastStartAt":null,"lastStopAt":null,"lastError":"not linked","connected":false,"restartPending":false,"reconnectAttempts":0,"healthState":"not-running","lastInboundAt":null,"lastOutboundAt":null,"statusState":"not-linked","linked":false,"lastConnectedAt":null,"lastDisconnect":null,"lastMessageAt":null,"lastEventAt":null,"dmPolicy":"allowlist","allowFrom":["7982700657","+917982700657"],"authAgeMs":null,"self":{"e164":null,"jid":null,"lid":null},"accounts":{"default":{"accountId":"default","enabled":true,"configured":false,"running":false,"lastStartAt":null,"lastStopAt":null,"lastError":"not linked","connected":false,"restartPending":false,"reconnectAttempts":0,"healthState":"not-running","lastInboundAt":null,"lastOutboundAt":null,"statusState":"not-linked","linked":false,"lastConnectedAt":null,"lastDisconnect":null,"lastMessageAt":null,"lastEventAt":null,"dmPolicy":"allowlist","allowFrom":["7982700657","+917982700657"],"authAgeMs":null,"self":{"e164":null,"jid":null,"lid":null}}}}},"channelOrder":["telegram","whatsapp"],"channelLabels":{"telegram":"Telegram","whatsapp":"WhatsApp"},"heartbeatSeconds":1800,"defaultAgentId":"maya","agents":[{"agentId":"maya","name":"Maya","isDefault":true,"heartbeat":{"enabled":true,"every":"30m","everyMs":1800000,"prompt":"Read HEARTBEAT.md if it exists (workspace context). Follow it strictly. Do not infer or repeat old tasks from prior chats. If nothing needs attention, reply HEARTBEAT_OK.","target":"none","ackMaxChars":300},"sessions":{"path":"C:\\Users\\mishs\\.openclaw\\agents\\maya\\sessions\\sessions.json","count":15,"recent":[{"key":"agent:maya:telegram:direct:1882996585","updatedAt":1784960027460,"age":58202},{"key":"agent:maya:dashboard:ab0bb3d3-5d2b-4bce-ab2b-89d2f78bc232","updatedAt":1784901210194,"age":58875468},{"key":"agent:maya:dashboard:77dfdfb2-27ae-44bb-86bf-8504c597c339","updatedAt":1784893234550,"age":66851112},{"key":"agent:maya:dashboard:bc35f7e9-7a1a-4902-83b5-7c19dac9f5df","updatedAt":1784875528811,"age":84556851},{"key":"agent:maya:main","updatedAt":1784631558276,"age":328527386}]}}],"sessions":{"path":"C:\\Users\\mishs\\.openclaw\\agents\\maya\\sessions\\sessions.json","count":15,"recent":[{"key":"agent:maya:telegram:direct:1882996585","updatedAt":1784960027460,"age":58202},{"key":"agent:maya:dashboard:ab0bb3d3-5d2b-4bce-ab2b-89d2f78bc232","updatedAt":1784901210194,"age":58875468},{"key":"agent:maya:dashboard:77dfdfb2-27ae-44bb-86bf-8504c597c339","updatedAt":1784893234550,"age":66851112},{"key":"agent:maya:dashboard:bc35f7e9-7a1a-4902-83b5-7c19dac9f5df","updatedAt":1784875528811,"age":84556851},{"key":"agent:maya:main","updatedAt":1784631558276,"age":328527386}]}},"seq":8,"stateVersion":{"presence":19,"health":104}}
{"type":"event","event":"tick","payload":{"ts":1784960091808},"seq":9}
{"type":"event","event":"tick","payload":{"ts":1784960121812},"seq":10}
{"type":"event","event":"health","payload":{"ok":true,"ts":1784960145909,"durationMs":220,"eventLoop":{"degraded":false,"reasons":[],"intervalMs":59997,"delayP99Ms":39.8,"delayMaxMs":57.8,"utilization":0.014,"cpuCoreRatio":0.012},"plugins":{"loaded":["browser","canvas","codex","device-pair","file-transfer","google","memory-core","parallel","phone-control","talk-voice","telegram","whatsapp"],"errors":[]},"modelPricing":{"state":"ok","sources":[]},"channels":{"telegram":{"accountId":"default","enabled":true,"configured":true,"running":true,"lastStartAt":1784956656935,"lastStopAt":1784956656934,"lastError":null,"connected":true,"restartPending":false,"reconnectAttempts":0,"lastConnectedAt":1784960132421,"lastEventAt":1784960132421,"lastTransportActivityAt":1784960132421,"lastInboundAt":null,"lastOutboundAt":null,"tokenSource":"config","tokenStatus":"available","mode":"polling","allowUnmentionedGroups":false,"lastProbeAt":null,"accounts":{"default":{"accountId":"default","enabled":true,"configured":true,"running":true,"lastStartAt":1784956656935,"lastStopAt":1784956656934,"lastError":null,"connected":true,"restartPending":false,"reconnectAttempts":0,"lastConnectedAt":1784960132421,"lastEventAt":1784960132421,"lastTransportActivityAt":1784960132421,"lastInboundAt":null,"lastOutboundAt":null,"tokenSource":"config","tokenStatus":"available","mode":"polling","allowUnmentionedGroups":false,"lastProbeAt":null}}},"whatsapp":{"accountId":"default","enabled":true,"configured":false,"running":false,"lastStartAt":null,"lastStopAt":null,"lastError":"not linked","connected":false,"restartPending":false,"reconnectAttempts":0,"healthState":"not-running","lastInboundAt":null,"lastOutboundAt":null,"statusState":"not-linked","linked":false,"lastConnectedAt":null,"lastDisconnect":null,"lastMessageAt":null,"lastEventAt":null,"dmPolicy":"allowlist","allowFrom":["7982700657","+917982700657"],"authAgeMs":null,"self":{"e164":null,"jid":null,"lid":null},"accounts":{"default":{"accountId":"default","enabled":true,"configured":false,"running":false,"lastStartAt":null,"lastStopAt":null,"lastError":"not linked","connected":false,"restartPending":false,"reconnectAttempts":0,"healthState":"not-running","lastInboundAt":null,"lastOutboundAt":null,"statusState":"not-linked","linked":false,"lastConnectedAt":null,"lastDisconnect":null,"lastMessageAt":null,"lastEventAt":null,"dmPolicy":"allowlist","allowFrom":["7982700657","+917982700657"],"authAgeMs":null,"self":{"e164":null,"jid":null,"lid":null}}}}},"channelOrder":["telegram","whatsapp"],"channelLabels":{"telegram":"Telegram","whatsapp":"WhatsApp"},"heartbeatSeconds":1800,"defaultAgentId":"maya","agents":[{"agentId":"maya","name":"Maya","isDefault":true,"heartbeat":{"enabled":true,"every":"30m","everyMs":1800000,"prompt":"Read HEARTBEAT.md if it exists (workspace context). Follow it strictly. Do not infer or repeat old tasks from prior chats. If nothing needs attention, reply HEARTBEAT_OK.","target":"none","ackMaxChars":300},"sessions":{"path":"C:\\Users\\mishs\\.openclaw\\agents\\maya\\sessions\\sessions.json","count":15,"recent":[{"key":"agent:maya:telegram:direct:1882996585","updatedAt":1784960027460,"age":118229},{"key":"agent:maya:dashboard:ab0bb3d3-5d2b-4bce-ab2b-89d2f78bc232","updatedAt":1784901210194,"age":58935495},{"key":"agent:maya:dashboard:77dfdfb2-27ae-44bb-86bf-8504c597c339","updatedAt":1784893234550,"age":66911139},{"key":"agent:maya:dashboard:bc35f7e9-7a1a-4902-83b5-7c19dac9f5df","updatedAt":1784875528811,"age":84616878},{"key":"agent:maya:main","updatedAt":1784631558276,"age":328587413}]}}],"sessions":{"path":"C:\\Users\\mishs\\.openclaw\\agents\\maya\\sessions\\sessions.json","count":15,"recent":[{"key":"agent:maya:telegram:direct:1882996585","updatedAt":1784960027460,"age":118229},{"key":"agent:maya:dashboard:ab0bb3d3-5d2b-4bce-ab2b-89d2f78bc232","updatedAt":1784901210194,"age":58935495},{"key":"agent:maya:dashboard:77dfdfb2-27ae-44bb-86bf-8504c597c339","updatedAt":1784893234550,"age":66911139},{"key":"agent:maya:dashboard:bc35f7e9-7a1a-4902-83b5-7c19dac9f5df","updatedAt":1784875528811,"age":84616878},{"key":"agent:maya:main","updatedAt":1784631558276,"age":328587413}]}},"seq":11,"stateVersion":{"presence":19,"health":105}}
{"type":"event","event":"tick","payload":{"ts":1784960151810},"seq":12}
{"type":"event","event":"tick","payload":{"ts":1784960181810},"seq":13}
{"type":"event","event":"health","payload":{"ok":true,"ts":1784960205960,"durationMs":264,"eventLoop":{"degraded":false,"reasons":[],"intervalMs":60012,"delayP99Ms":35,"delayMaxMs":53.8,"utilization":0.016,"cpuCoreRatio":0.012},"plugins":{"loaded":["browser","canvas","codex","device-pair","file-transfer","google","memory-core","parallel","phone-control","talk-voice","telegram","whatsapp"],"errors":[]},"modelPricing":{"state":"ok","sources":[]},"channels":{"telegram":{"accountId":"default","enabled":true,"configured":true,"running":true,"lastStartAt":1784956656935,"lastStopAt":1784956656934,"lastError":null,"connected":true,"restartPending":false,"reconnectAttempts":0,"lastConnectedAt":1784960195121,"lastEventAt":1784960195121,"lastTransportActivityAt":1784960195121,"lastInboundAt":null,"lastOutboundAt":null,"tokenSource":"config","tokenStatus":"available","mode":"polling","allowUnmentionedGroups":false,"lastProbeAt":null,"accounts":{"default":{"accountId":"default","enabled":true,"configured":true,"running":true,"lastStartAt":1784956656935,"lastStopAt":1784956656934,"lastError":null,"connected":true,"restartPending":false,"reconnectAttempts":0,"lastConnectedAt":1784960195121,"lastEventAt":1784960195121,"lastTransportActivityAt":1784960195121,"lastInboundAt":null,"lastOutboundAt":null,"tokenSource":"config","tokenStatus":"available","mode":"polling","allowUnmentionedGroups":false,"lastProbeAt":null}}},"whatsapp":{"accountId":"default","enabled":true,"configured":false,"running":false,"lastStartAt":null,"lastStopAt":null,"lastError":"not linked","connected":false,"restartPending":false,"reconnectAttempts":0,"healthState":"not-running","lastInboundAt":null,"lastOutboundAt":null,"statusState":"not-linked","linked":false,"lastConnectedAt":null,"lastDisconnect":null,"lastMessageAt":null,"lastEventAt":null,"dmPolicy":"allowlist","allowFrom":["7982700657","+917982700657"],"authAgeMs":null,"self":{"e164":null,"jid":null,"lid":null},"accounts":{"default":{"accountId":"default","enabled":true,"configured":false,"running":false,"lastStartAt":null,"lastStopAt":null,"lastError":"not linked","connected":false,"restartPending":false,"reconnectAttempts":0,"healthState":"not-running","lastInboundAt":null,"lastOutboundAt":null,"statusState":"not-linked","linked":false,"lastConnectedAt":null,"lastDisconnect":null,"lastMessageAt":null,"lastEventAt":null,"dmPolicy":"allowlist","allowFrom":["7982700657","+917982700657"],"authAgeMs":null,"self":{"e164":null,"jid":null,"lid":null}}}}},"channelOrder":["telegram","whatsapp"],"channelLabels":{"telegram":"Telegram","whatsapp":"WhatsApp"},"heartbeatSeconds":1800,"defaultAgentId":"maya","agents":[{"agentId":"maya","name":"Maya","isDefault":true,"heartbeat":{"enabled":true,"every":"30m","everyMs":1800000,"prompt":"Read HEARTBEAT.md if it exists (workspace context). Follow it strictly. Do not infer or repeat old tasks from prior chats. If nothing needs attention, reply HEARTBEAT_OK.","target":"none","ackMaxChars":300},"sessions":{"path":"C:\\Users\\mishs\\.openclaw\\agents\\maya\\sessions\\sessions.json","count":15,"recent":[{"key":"agent:maya:telegram:direct:1882996585","updatedAt":1784960027460,"age":178236},{"key":"agent:maya:dashboard:ab0bb3d3-5d2b-4bce-ab2b-89d2f78bc232","updatedAt":1784901210194,"age":58995502},{"key":"agent:maya:dashboard:77dfdfb2-27ae-44bb-86bf-8504c597c339","updatedAt":1784893234550,"age":66971146},{"key":"agent:maya:dashboard:bc35f7e9-7a1a-4902-83b5-7c19dac9f5df","updatedAt":1784875528811,"age":84676885},{"key":"agent:maya:main","updatedAt":1784631558276,"age":328647420}]}}],"sessions":{"path":"C:\\Users\\mishs\\.openclaw\\agents\\maya\\sessions\\sessions.json","count":15,"recent":[{"key":"agent:maya:telegram:direct:1882996585","updatedAt":1784960027460,"age":178236},{"key":"agent:maya:dashboard:ab0bb3d3-5d2b-4bce-ab2b-89d2f78bc232","updatedAt":1784901210194,"age":58995502},{"key":"agent:maya:dashboard:77dfdfb2-27ae-44bb-86bf-8504c597c339","updatedAt":1784893234550,"age":66971146},{"key":"agent:maya:dashboard:bc35f7e9-7a1a-4902-83b5-7c19dac9f5df","updatedAt":1784875528811,"age":84676885},{"key":"agent:maya:main","updatedAt":1784631558276,"age":328647420}]}},"seq":14,"stateVersion":{"presence":19,"health":106}}
{"type":"event","event":"tick","payload":{"ts":1784960211822},"seq":15}
{"type":"event","event":"tick","payload":{"ts":1784960241826},"seq":16}
{"type":"event","event":"health","payload":{"ok":true,"ts":1784960265866,"durationMs":186,"eventLoop":{"degraded":false,"reasons":[],"intervalMs":60013,"delayP99Ms":35.4,"delayMaxMs":40.9,"utilization":0.015,"cpuCoreRatio":0.019},"plugins":{"loaded":["browser","canvas","codex","device-pair","file-transfer","google","memory-core","parallel","phone-control","talk-voice","telegram","whatsapp"],"errors":[]},"modelPricing":{"state":"ok","sources":[]},"channels":{"telegram":{"accountId":"default","enabled":true,"configured":true,"running":true,"lastStartAt":1784956656935,"lastStopAt":1784956656934,"lastError":null,"connected":true,"restartPending":false,"reconnectAttempts":0,"lastConnectedAt":1784960259114,"lastEventAt":1784960259114,"lastTransportActivityAt":1784960259114,"lastInboundAt":null,"lastOutboundAt":null,"tokenSource":"config","tokenStatus":"available","mode":"polling","allowUnmentionedGroups":false,"lastProbeAt":null,"accounts":{"default":{"accountId":"default","enabled":true,"configured":true,"running":true,"lastStartAt":1784956656935,"lastStopAt":1784956656934,"lastError":null,"connected":true,"restartPending":false,"reconnectAttempts":0,"lastConnectedAt":1784960259114,"lastEventAt":1784960259114,"lastTransportActivityAt":1784960259114,"lastInboundAt":null,"lastOutboundAt":null,"tokenSource":"config","tokenStatus":"available","mode":"polling","allowUnmentionedGroups":false,"lastProbeAt":null}}},"whatsapp":{"accountId":"default","enabled":true,"configured":false,"running":false,"lastStartAt":null,"lastStopAt":null,"lastError":"not linked","connected":false,"restartPending":false,"reconnectAttempts":0,"healthState":"not-running","lastInboundAt":null,"lastOutboundAt":null,"statusState":"not-linked","linked":false,"lastConnectedAt":null,"lastDisconnect":null,"lastMessageAt":null,"lastEventAt":null,"dmPolicy":"allowlist","allowFrom":["7982700657","+917982700657"],"authAgeMs":null,"self":{"e164":null,"jid":null,"lid":null},"accounts":{"default":{"accountId":"default","enabled":true,"configured":false,"running":false,"lastStartAt":null,"lastStopAt":null,"lastError":"not linked","connected":false,"restartPending":false,"reconnectAttempts":0,"healthState":"not-running","lastInboundAt":null,"lastOutboundAt":null,"statusState":"not-linked","linked":false,"lastConnectedAt":null,"lastDisconnect":null,"lastMessageAt":null,"lastEventAt":null,"dmPolicy":"allowlist","allowFrom":["7982700657","+917982700657"],"authAgeMs":null,"self":{"e164":null,"jid":null,"lid":null}}}}},"channelOrder":["telegram","whatsapp"],"channelLabels":{"telegram":"Telegram","whatsapp":"WhatsApp"},"heartbeatSeconds":1800,"defaultAgentId":"maya","agents":[{"agentId":"maya","name":"Maya","isDefault":true,"heartbeat":{"enabled":true,"every":"30m","everyMs":1800000,"prompt":"Read HEARTBEAT.md if it exists (workspace context). Follow it strictly. Do not infer or repeat old tasks from prior chats. If nothing needs attention, reply HEARTBEAT_OK.","target":"none","ackMaxChars":300},"sessions":{"path":"C:\\Users\\mishs\\.openclaw\\agents\\maya\\sessions\\sessions.json","count":15,"recent":[{"key":"agent:maya:telegram:direct:1882996585","updatedAt":1784960027460,"age":238220},{"key":"agent:maya:dashboard:ab0bb3d3-5d2b-4bce-ab2b-89d2f78bc232","updatedAt":1784901210194,"age":59055486},{"key":"agent:maya:dashboard:77dfdfb2-27ae-44bb-86bf-8504c597c339","updatedAt":1784893234550,"age":67031130},{"key":"agent:maya:dashboard:bc35f7e9-7a1a-4902-83b5-7c19dac9f5df","updatedAt":1784875528811,"age":84736869},{"key":"agent:maya:main","updatedAt":1784631558276,"age":328707404}]}}],"sessions":{"path":"C:\\Users\\mishs\\.openclaw\\agents\\maya\\sessions\\sessions.json","count":15,"recent":[{"key":"agent:maya:telegram:direct:1882996585","updatedAt":1784960027460,"age":238220},{"key":"agent:maya:dashboard:ab0bb3d3-5d2b-4bce-ab2b-89d2f78bc232","updatedAt":1784901210194,"age":59055486},{"key":"agent:maya:dashboard:77dfdfb2-27ae-44bb-86bf-8504c597c339","updatedAt":1784893234550,"age":67031130},{"key":"agent:maya:dashboard:bc35f7e9-7a1a-4902-83b5-7c19dac9f5df","updatedAt":1784875528811,"age":84736869},{"key":"agent:maya:main","updatedAt":1784631558276,"age":328707404}]}},"seq":17,"stateVersion":{"presence":19,"health":107}}
{"type":"event","event":"tick","payload":{"ts":1784960271833},"seq":18}
{"type":"event","event":"heartbeat","payload":{"ts":1784960289302,"status":"skipped","reason":"empty-heartbeat-file","durationMs":22},"seq":19}
{"type":"event","event":"tick","payload":{"ts":1784960301849},"seq":20}
{"type":"event","event":"health","payload":{"ok":true,"ts":1784960325907,"durationMs":221,"eventLoop":{"degraded":false,"reasons":[],"intervalMs":60008,"delayP99Ms":35,"delayMaxMs":42.5,"utilization":0.014,"cpuCoreRatio":0.022},"plugins":{"loaded":["browser","canvas","codex","device-pair","file-transfer","google","memory-core","parallel","phone-control","talk-voice","telegram","whatsapp"],"errors":[]},"modelPricing":{"state":"ok","sources":[]},"channels":{"telegram":{"accountId":"default","enabled":true,"configured":true,"running":true,"lastStartAt":1784956656935,"lastStopAt":1784956656934,"lastError":null,"connected":true,"restartPending":false,"reconnectAttempts":0,"lastConnectedAt":1784960320842,"lastEventAt":1784960320842,"lastTransportActivityAt":1784960320842,"lastInboundAt":null,"lastOutboundAt":null,"tokenSource":"config","tokenStatus":"available","mode":"polling","allowUnmentionedGroups":false,"lastProbeAt":null,"accounts":{"default":{"accountId":"default","enabled":true,"configured":true,"running":true,"lastStartAt":1784956656935,"lastStopAt":1784956656934,"lastError":null,"connected":true,"restartPending":false,"reconnectAttempts":0,"lastConnectedAt":1784960320842,"lastEventAt":1784960320842,"lastTransportActivityAt":1784960320842,"lastInboundAt":null,"lastOutboundAt":null,"tokenSource":"config","tokenStatus":"available","mode":"polling","allowUnmentionedGroups":false,"lastProbeAt":null}}},"whatsapp":{"accountId":"default","enabled":true,"configured":false,"running":false,"lastStartAt":null,"lastStopAt":null,"lastError":"not linked","connected":false,"restartPending":false,"reconnectAttempts":0,"healthState":"not-running","lastInboundAt":null,"lastOutboundAt":null,"statusState":"not-linked","linked":false,"lastConnectedAt":null,"lastDisconnect":null,"lastMessageAt":null,"lastEventAt":null,"dmPolicy":"allowlist","allowFrom":["7982700657","+917982700657"],"authAgeMs":null,"self":{"e164":null,"jid":null,"lid":null},"accounts":{"default":{"accountId":"default","enabled":true,"configured":false,"running":false,"lastStartAt":null,"lastStopAt":null,"lastError":"not linked","connected":false,"restartPending":false,"reconnectAttempts":0,"healthState":"not-running","lastInboundAt":null,"lastOutboundAt":null,"statusState":"not-linked","linked":false,"lastConnectedAt":null,"lastDisconnect":null,"lastMessageAt":null,"lastEventAt":null,"dmPolicy":"allowlist","allowFrom":["7982700657","+917982700657"],"authAgeMs":null,"self":{"e164":null,"jid":null,"lid":null}}}}},"channelOrder":["telegram","whatsapp"],"channelLabels":{"telegram":"Telegram","whatsapp":"WhatsApp"},"heartbeatSeconds":1800,"defaultAgentId":"maya","agents":[{"agentId":"maya","name":"Maya","isDefault":true,"heartbeat":{"enabled":true,"every":"30m","everyMs":1800000,"prompt":"Read HEARTBEAT.md if it exists (workspace context). Follow it strictly. Do not infer or repeat old tasks from prior chats. If nothing needs attention, reply HEARTBEAT_OK.","target":"none","ackMaxChars":300},"sessions":{"path":"C:\\Users\\mishs\\.openclaw\\agents\\maya\\sessions\\sessions.json","count":15,"recent":[{"key":"agent:maya:telegram:direct:1882996585","updatedAt":1784960027460,"age":298226},{"key":"agent:maya:dashboard:ab0bb3d3-5d2b-4bce-ab2b-89d2f78bc232","updatedAt":1784901210194,"age":59115492},{"key":"agent:maya:dashboard:77dfdfb2-27ae-44bb-86bf-8504c597c339","updatedAt":1784893234550,"age":67091136},{"key":"agent:maya:dashboard:bc35f7e9-7a1a-4902-83b5-7c19dac9f5df","updatedAt":1784875528811,"age":84796875},{"key":"agent:maya:main","updatedAt":1784631558276,"age":328767410}]}}],"sessions":{"path":"C:\\Users\\mishs\\.openclaw\\agents\\maya\\sessions\\sessions.json","count":15,"recent":[{"key":"agent:maya:telegram:direct:1882996585","updatedAt":1784960027460,"age":298226},{"key":"agent:maya:dashboard:ab0bb3d3-5d2b-4bce-ab2b-89d2f78bc232","updatedAt":1784901210194,"age":59115492},{"key":"agent:maya:dashboard:77dfdfb2-27ae-44bb-86bf-8504c597c339","updatedAt":1784893234550,"age":67091136},{"key":"agent:maya:dashboard:bc35f7e9-7a1a-4902-83b5-7c19dac9f5df","updatedAt":1784875528811,"age":84796875},{"key":"agent:maya:main","updatedAt":1784631558276,"age":328767410}]}},"seq":21,"stateVersion":{"presence":19,"health":108}}
{"type":"event","event":"tick","payload":{"ts":1784960331860},"seq":22}
{"type":"event","event":"tick","payload":{"ts":1784960361866},"seq":23}
{"type":"event","event":"health","payload":{"ok":true,"ts":1784960385907,"durationMs":216,"eventLoop":{"degraded":false,"reasons":[],"intervalMs":60003,"delayP99Ms":37,"delayMaxMs":129,"utilization":0.015,"cpuCoreRatio":0.013},"plugins":{"loaded":["browser","canvas","codex","device-pair","file-transfer","google","memory-core","parallel","phone-control","talk-voice","telegram","whatsapp"],"errors":[]},"modelPricing":{"state":"ok","sources":[]},"channels":{"telegram":{"accountId":"default","enabled":true,"configured":true,"running":true,"lastStartAt":1784956656935,"lastStopAt":1784956656934,"lastError":null,"connected":true,"restartPending":false,"reconnectAttempts":0,"lastConnectedAt":1784960383306,"lastEventAt":1784960383306,"lastTransportActivityAt":1784960383306,"lastInboundAt":null,"lastOutboundAt":null,"tokenSource":"config","tokenStatus":"available","mode":"polling","allowUnmentionedGroups":false,"lastProbeAt":null,"accounts":{"default":{"accountId":"default","enabled":true,"configured":true,"running":true,"lastStartAt":1784956656935,"lastStopAt":1784956656934,"lastError":null,"connected":true,"restartPending":false,"reconnectAttempts":0,"lastConnectedAt":1784960383306,"lastEventAt":1784960383306,"lastTransportActivityAt":1784960383306,"lastInboundAt":null,"lastOutboundAt":null,"tokenSource":"config","tokenStatus":"available","mode":"polling","allowUnmentionedGroups":false,"lastProbeAt":null}}},"whatsapp":{"accountId":"default","enabled":true,"configured":false,"running":false,"lastStartAt":null,"lastStopAt":null,"lastError":"not linked","connected":false,"restartPending":false,"reconnectAttempts":0,"healthState":"not-running","lastInboundAt":null,"lastOutboundAt":null,"statusState":"not-linked","linked":false,"lastConnectedAt":null,"lastDisconnect":null,"lastMessageAt":null,"lastEventAt":null,"dmPolicy":"allowlist","allowFrom":["7982700657","+917982700657"],"authAgeMs":null,"self":{"e164":null,"jid":null,"lid":null},"accounts":{"default":{"accountId":"default","enabled":true,"configured":false,"running":false,"lastStartAt":null,"lastStopAt":null,"lastError":"not linked","connected":false,"restartPending":false,"reconnectAttempts":0,"healthState":"not-running","lastInboundAt":null,"lastOutboundAt":null,"statusState":"not-linked","linked":false,"lastConnectedAt":null,"lastDisconnect":null,"lastMessageAt":null,"lastEventAt":null,"dmPolicy":"allowlist","allowFrom":["7982700657","+917982700657"],"authAgeMs":null,"self":{"e164":null,"jid":null,"lid":null}}}}},"channelOrder":["telegram","whatsapp"],"channelLabels":{"telegram":"Telegram","whatsapp":"WhatsApp"},"heartbeatSeconds":1800,"defaultAgentId":"maya","agents":[{"agentId":"maya","name":"Maya","isDefault":true,"heartbeat":{"enabled":true,"every":"30m","everyMs":1800000,"prompt":"Read HEARTBEAT.md if it exists (workspace context). Follow it strictly. Do not infer or repeat old tasks from prior chats. If nothing needs attention, reply HEARTBEAT_OK.","target":"none","ackMaxChars":300},"sessions":{"path":"C:\\Users\\mishs\\.openclaw\\agents\\maya\\sessions\\sessions.json","count":15,"recent":[{"key":"agent:maya:telegram:direct:1882996585","updatedAt":1784960027460,"age":358231},{"key":"agent:maya:dashboard:ab0bb3d3-5d2b-4bce-ab2b-89d2f78bc232","updatedAt":1784901210194,"age":59175497},{"key":"agent:maya:dashboard:77dfdfb2-27ae-44bb-86bf-8504c597c339","updatedAt":1784893234550,"age":67151141},{"key":"agent:maya:dashboard:bc35f7e9-7a1a-4902-83b5-7c19dac9f5df","updatedAt":1784875528811,"age":84856880},{"key":"agent:maya:main","updatedAt":1784631558276,"age":328827415}]}}],"sessions":{"path":"C:\\Users\\mishs\\.openclaw\\agents\\maya\\sessions\\sessions.json","count":15,"recent":[{"key":"agent:maya:telegram:direct:1882996585","updatedAt":1784960027460,"age":358231},{"key":"agent:maya:dashboard:ab0bb3d3-5d2b-4bce-ab2b-89d2f78bc232","updatedAt":1784901210194,"age":59175497},{"key":"agent:maya:dashboard:77dfdfb2-27ae-44bb-86bf-8504c597c339","updatedAt":1784893234550,"age":67151141},{"key":"agent:maya:dashboard:bc35f7e9-7a1a-4902-83b5-7c19dac9f5df","updatedAt":1784875528811,"age":84856880},{"key":"agent:maya:main","updatedAt":1784631558276,"age":328827415}]}},"seq":24,"stateVersion":{"presence":19,"health":109}}
{"type":"event","event":"tick","payload":{"ts":1784960391874},"seq":25}
{"type":"event","event":"tick","payload":{"ts":1784960421883},"seq":26}
{"type":"event","event":"health","payload":{"ok":true,"ts":1784960445867,"durationMs":168,"eventLoop":{"degraded":false,"reasons":[],"intervalMs":60010,"delayP99Ms":36.5,"delayMaxMs":72.5,"utilization":0.014,"cpuCoreRatio":0.017},"plugins":{"loaded":["browser","canvas","codex","device-pair","file-transfer","google","memory-core","parallel","phone-control","talk-voice","telegram","whatsapp"],"errors":[]},"modelPricing":{"state":"ok","sources":[]},"channels":{"telegram":{"accountId":"default","enabled":true,"configured":true,"running":true,"lastStartAt":1784956656935,"lastStopAt":1784956656934,"lastError":null,"connected":true,"restartPending":false,"reconnectAttempts":0,"lastConnectedAt":1784960414990,"lastEventAt":1784960414990,"lastTransportActivityAt":1784960414990,"lastInboundAt":null,"lastOutboundAt":null,"tokenSource":"config","tokenStatus":"available","mode":"polling","allowUnmentionedGroups":false,"lastProbeAt":null,"accounts":{"default":{"accountId":"default","enabled":true,"configured":true,"running":true,"lastStartAt":1784956656935,"lastStopAt":1784956656934,"lastError":null,"connected":true,"restartPending":false,"reconnectAttempts":0,"lastConnectedAt":1784960414990,"lastEventAt":1784960414990,"lastTransportActivityAt":1784960414990,"lastInboundAt":null,"lastOutboundAt":null,"tokenSource":"config","tokenStatus":"available","mode":"polling","allowUnmentionedGroups":false,"lastProbeAt":null}}},"whatsapp":{"accountId":"default","enabled":true,"configured":false,"running":false,"lastStartAt":null,"lastStopAt":null,"lastError":"not linked","connected":false,"restartPending":false,"reconnectAttempts":0,"healthState":"not-running","lastInboundAt":null,"lastOutboundAt":null,"statusState":"not-linked","linked":false,"lastConnectedAt":null,"lastDisconnect":null,"lastMessageAt":null,"lastEventAt":null,"dmPolicy":"allowlist","allowFrom":["7982700657","+917982700657"],"authAgeMs":null,"self":{"e164":null,"jid":null,"lid":null},"accounts":{"default":{"accountId":"default","enabled":true,"configured":false,"running":false,"lastStartAt":null,"lastStopAt":null,"lastError":"not linked","connected":false,"restartPending":false,"reconnectAttempts":0,"healthState":"not-running","lastInboundAt":null,"lastOutboundAt":null,"statusState":"not-linked","linked":false,"lastConnectedAt":null,"lastDisconnect":null,"lastMessageAt":null,"lastEventAt":null,"dmPolicy":"allowlist","allowFrom":["7982700657","+917982700657"],"authAgeMs":null,"self":{"e164":null,"jid":null,"lid":null}}}}},"channelOrder":["telegram","whatsapp"],"channelLabels":{"telegram":"Telegram","whatsapp":"WhatsApp"},"heartbeatSeconds":1800,"defaultAgentId":"maya","agents":[{"agentId":"maya","name":"Maya","isDefault":true,"heartbeat":{"enabled":true,"every":"30m","everyMs":1800000,"prompt":"Read HEARTBEAT.md if it exists (workspace context). Follow it strictly. Do not infer or repeat old tasks from prior chats. If nothing needs attention, reply HEARTBEAT_OK.","target":"none","ackMaxChars":300},"sessions":{"path":"C:\\Users\\mishs\\.openclaw\\agents\\maya\\sessions\\sessions.json","count":15,"recent":[{"key":"agent:maya:telegram:direct:1882996585","updatedAt":1784960027460,"age":418239},{"key":"agent:maya:dashboard:ab0bb3d3-5d2b-4bce-ab2b-89d2f78bc232","updatedAt":1784901210194,"age":59235505},{"key":"agent:maya:dashboard:77dfdfb2-27ae-44bb-86bf-8504c597c339","updatedAt":1784893234550,"age":67211149},{"key":"agent:maya:dashboard:bc35f7e9-7a1a-4902-83b5-7c19dac9f5df","updatedAt":1784875528811,"age":84916888},{"key":"agent:maya:main","updatedAt":1784631558276,"age":328887423}]}}],"sessions":{"path":"C:\\Users\\mishs\\.openclaw\\agents\\maya\\sessions\\sessions.json","count":15,"recent":[{"key":"agent:maya:telegram:direct:1882996585","updatedAt":1784960027460,"age":418239},{"key":"agent:maya:dashboard:ab0bb3d3-5d2b-4bce-ab2b-89d2f78bc232","updatedAt":1784901210194,"age":59235505},{"key":"agent:maya:dashboard:77dfdfb2-27ae-44bb-86bf-8504c597c339","updatedAt":1784893234550,"age":67211149},{"key":"agent:maya:dashboard:bc35f7e9-7a1a-4902-83b5-7c19dac9f5df","updatedAt":1784875528811,"age":84916888},{"key":"agent:maya:main","updatedAt":1784631558276,"age":328887423}]}},"seq":27,"stateVersion":{"presence":19,"health":110}}
{"type":"event","event":"tick","payload":{"ts":1784960451895},"seq":28}
{"type":"event","event":"tick","payload":{"ts":1784960481902},"seq":29}
{"type":"event","event":"health","payload":{"ok":true,"ts":1784960505764,"durationMs":59,"eventLoop":{"degraded":false,"reasons":[],"intervalMs":60009,"delayP99Ms":42.5,"delayMaxMs":76.1,"utilization":0.01,"cpuCoreRatio":0.009},"plugins":{"loaded":["browser","canvas","codex","device-pair","file-transfer","google","memory-core","parallel","phone-control","talk-voice","telegram","whatsapp"],"errors":[]},"modelPricing":{"state":"ok","sources":[]},"channels":{"telegram":{"accountId":"default","enabled":true,"configured":true,"running":true,"lastStartAt":1784956656935,"lastStopAt":1784956656934,"lastError":null,"connected":true,"restartPending":false,"reconnectAttempts":0,"lastConnectedAt":1784960477518,"lastEventAt":1784960477518,"lastTransportActivityAt":1784960477518,"lastInboundAt":null,"lastOutboundAt":null,"tokenSource":"config","tokenStatus":"available","mode":"polling","allowUnmentionedGroups":false,"lastProbeAt":null,"accounts":{"default":{"accountId":"default","enabled":true,"configured":true,"running":true,"lastStartAt":1784956656935,"lastStopAt":1784956656934,"lastError":null,"connected":true,"restartPending":false,"reconnectAttempts":0,"lastConnectedAt":1784960477518,"lastEventAt":1784960477518,"lastTransportActivityAt":1784960477518,"lastInboundAt":null,"lastOutboundAt":null,"tokenSource":"config","tokenStatus":"available","mode":"polling","allowUnmentionedGroups":false,"lastProbeAt":null}}},"whatsapp":{"accountId":"default","enabled":true,"configured":false,"running":false,"lastStartAt":null,"lastStopAt":null,"lastError":"not linked","connected":false,"restartPending":false,"reconnectAttempts":0,"healthState":"not-running","lastInboundAt":null,"lastOutboundAt":null,"statusState":"not-linked","linked":false,"lastConnectedAt":null,"lastDisconnect":null,"lastMessageAt":null,"lastEventAt":null,"dmPolicy":"allowlist","allowFrom":["7982700657","+917982700657"],"authAgeMs":null,"self":{"e164":null,"jid":null,"lid":null},"accounts":{"default":{"accountId":"default","enabled":true,"configured":false,"running":false,"lastStartAt":null,"lastStopAt":null,"lastError":"not linked","connected":false,"restartPending":false,"reconnectAttempts":0,"healthState":"not-running","lastInboundAt":null,"lastOutboundAt":null,"statusState":"not-linked","linked":false,"lastConnectedAt":null,"lastDisconnect":null,"lastMessageAt":null,"lastEventAt":null,"dmPolicy":"allowlist","allowFrom":["7982700657","+917982700657"],"authAgeMs":null,"self":{"e164":null,"jid":null,"lid":null}}}}},"channelOrder":["telegram","whatsapp"],"channelLabels":{"telegram":"Telegram","whatsapp":"WhatsApp"},"heartbeatSeconds":1800,"defaultAgentId":"maya","agents":[{"agentId":"maya","name":"Maya","isDefault":true,"heartbeat":{"enabled":true,"every":"30m","everyMs":1800000,"prompt":"Read HEARTBEAT.md if it exists (workspace context). Follow it strictly. Do not infer or repeat old tasks from prior chats. If nothing needs attention, reply HEARTBEAT_OK.","target":"none","ackMaxChars":300},"sessions":{"path":"C:\\Users\\mishs\\.openclaw\\agents\\maya\\sessions\\sessions.json","count":15,"recent":[{"key":"agent:maya:telegram:direct:1882996585","updatedAt":1784960027460,"age":478245},{"key":"agent:maya:dashboard:ab0bb3d3-5d2b-4bce-ab2b-89d2f78bc232","updatedAt":1784901210194,"age":59295511},{"key":"agent:maya:dashboard:77dfdfb2-27ae-44bb-86bf-8504c597c339","updatedAt":1784893234550,"age":67271155},{"key":"agent:maya:dashboard:bc35f7e9-7a1a-4902-83b5-7c19dac9f5df","updatedAt":1784875528811,"age":84976894},{"key":"agent:maya:main","updatedAt":1784631558276,"age":328947429}]}}],"sessions":{"path":"C:\\Users\\mishs\\.openclaw\\agents\\maya\\sessions\\sessions.json","count":15,"recent":[{"key":"agent:maya:telegram:direct:1882996585","updatedAt":1784960027460,"age":478245},{"key":"agent:maya:dashboard:ab0bb3d3-5d2b-4bce-ab2b-89d2f78bc232","updatedAt":1784901210194,"age":59295511},{"key":"agent:maya:dashboard:77dfdfb2-27ae-44bb-86bf-8504c597c339","updatedAt":1784893234550,"age":67271155},{"key":"agent:maya:dashboard:bc35f7e9-7a1a-4902-83b5-7c19dac9f5df","updatedAt":1784875528811,"age":84976894},{"key":"agent:maya:main","updatedAt":1784631558276,"age":328947429}]}},"seq":30,"stateVersion":{"presence":19,"health":111}}
{"type":"event","event":"tick","payload":{"ts":1784960511909},"seq":31}
{"type":"event","event":"tick","payload":{"ts":1784960541917},"seq":32}
{"type":"event","event":"health","payload":{"ok":true,"ts":1784960565784,"durationMs":66,"eventLoop":{"degraded":false,"reasons":[],"intervalMs":60011,"delayP99Ms":36.5,"delayMaxMs":47.3,"utilization":0.006,"cpuCoreRatio":0.01},"plugins":{"loaded":["browser","canvas","codex","device-pair","file-transfer","google","memory-core","parallel","phone-control","talk-voice","telegram","whatsapp"],"errors":[]},"modelPricing":{"state":"ok","sources":[]},"channels":{"telegram":{"accountId":"default","enabled":true,"configured":true,"running":true,"lastStartAt":1784956656935,"lastStopAt":1784956656934,"lastError":null,"connected":true,"restartPending":false,"reconnectAttempts":0,"lastConnectedAt":1784960541360,"lastEventAt":1784960541360,"lastTransportActivityAt":1784960541360,"lastInboundAt":null,"lastOutboundAt":null,"tokenSource":"config","tokenStatus":"available","mode":"polling","allowUnmentionedGroups":false,"lastProbeAt":null,"accounts":{"default":{"accountId":"default","enabled":true,"configured":true,"running":true,"lastStartAt":1784956656935,"lastStopAt":1784956656934,"lastError":null,"connected":true,"restartPending":false,"reconnectAttempts":0,"lastConnectedAt":1784960541360,"lastEventAt":1784960541360,"lastTransportActivityAt":1784960541360,"lastInboundAt":null,"lastOutboundAt":null,"tokenSource":"config","tokenStatus":"available","mode":"polling","allowUnmentionedGroups":false,"lastProbeAt":null}}},"whatsapp":{"accountId":"default","enabled":true,"configured":false,"running":false,"lastStartAt":null,"lastStopAt":null,"lastError":"not linked","connected":false,"restartPending":false,"reconnectAttempts":0,"healthState":"not-running","lastInboundAt":null,"lastOutboundAt":null,"statusState":"not-linked","linked":false,"lastConnectedAt":null,"lastDisconnect":null,"lastMessageAt":null,"lastEventAt":null,"dmPolicy":"allowlist","allowFrom":["7982700657","+917982700657"],"authAgeMs":null,"self":{"e164":null,"jid":null,"lid":null},"accounts":{"default":{"accountId":"default","enabled":true,"configured":false,"running":false,"lastStartAt":null,"lastStopAt":null,"lastError":"not linked","connected":false,"restartPending":false,"reconnectAttempts":0,"healthState":"not-running","lastInboundAt":null,"lastOutboundAt":null,"statusState":"not-linked","linked":false,"lastConnectedAt":null,"lastDisconnect":null,"lastMessageAt":null,"lastEventAt":null,"dmPolicy":"allowlist","allowFrom":["7982700657","+917982700657"],"authAgeMs":null,"self":{"e164":null,"jid":null,"lid":null}}}}},"channelOrder":["telegram","whatsapp"],"channelLabels":{"telegram":"Telegram","whatsapp":"WhatsApp"},"heartbeatSeconds":1800,"defaultAgentId":"maya","agents":[{"agentId":"maya","name":"Maya","isDefault":true,"heartbeat":{"enabled":true,"every":"30m","everyMs":1800000,"prompt":"Read HEARTBEAT.md if it exists (workspace context). Follow it strictly. Do not infer or repeat old tasks from prior chats. If nothing needs attention, reply HEARTBEAT_OK.","target":"none","ackMaxChars":300},"sessions":{"path":"C:\\Users\\mishs\\.openclaw\\agents\\maya\\sessions\\sessions.json","count":15,"recent":[{"key":"agent:maya:telegram:direct:1882996585","updatedAt":1784960027460,"age":538258},{"key":"agent:maya:dashboard:ab0bb3d3-5d2b-4bce-ab2b-89d2f78bc232","updatedAt":1784901210194,"age":59355524},{"key":"agent:maya:dashboard:77dfdfb2-27ae-44bb-86bf-8504c597c339","updatedAt":1784893234550,"age":67331168},{"key":"agent:maya:dashboard:bc35f7e9-7a1a-4902-83b5-7c19dac9f5df","updatedAt":1784875528811,"age":85036907},{"key":"agent:maya:main","updatedAt":1784631558276,"age":329007442}]}}],"sessions":{"path":"C:\\Users\\mishs\\.openclaw\\agents\\maya\\sessions\\sessions.json","count":15,"recent":[{"key":"agent:maya:telegram:direct:1882996585","updatedAt":1784960027460,"age":538258},{"key":"agent:maya:dashboard:ab0bb3d3-5d2b-4bce-ab2b-89d2f78bc232","updatedAt":1784901210194,"age":59355524},{"key":"agent:maya:dashboard:77dfdfb2-27ae-44bb-86bf-8504c597c339","updatedAt":1784893234550,"age":67331168},{"key":"agent:maya:dashboard:bc35f7e9-7a1a-4902-83b5-7c19dac9f5df","updatedAt":1784875528811,"age":85036907},{"key":"agent:maya:main","updatedAt":1784631558276,"age":329007442}]}},"seq":33,"stateVersion":{"presence":19,"health":112}}
{"type":"event","event":"tick","payload":{"ts":1784960571924},"seq":34}
{"type":"event","event":"tick","payload":{"ts":1784960601924},"seq":35}
{"type":"event","event":"health","payload":{"ok":true,"ts":1784960625780,"durationMs":59,"eventLoop":{"degraded":false,"reasons":[],"intervalMs":60006,"delayP99Ms":45.2,"delayMaxMs":47.1,"utilization":0.006,"cpuCoreRatio":0.007},"plugins":{"loaded":["browser","canvas","codex","device-pair","file-transfer","google","memory-core","parallel","phone-control","talk-voice","telegram","whatsapp"],"errors":[]},"modelPricing":{"state":"ok","sources":[]},"channels":{"telegram":{"accountId":"default","enabled":true,"configured":true,"running":true,"lastStartAt":1784956656935,"lastStopAt":1784956656934,"lastError":null,"connected":true,"restartPending":false,"reconnectAttempts":0,"lastConnectedAt":1784960611268,"lastEventAt":1784960611268,"lastTransportActivityAt":1784960611268,"lastInboundAt":null,"lastOutboundAt":null,"tokenSource":"config","tokenStatus":"available","mode":"polling","allowUnmentionedGroups":false,"lastProbeAt":null,"accounts":{"default":{"accountId":"default","enabled":true,"configured":true,"running":true,"lastStartAt":1784956656935,"lastStopAt":1784956656934,"lastError":null,"connected":true,"restartPending":false,"reconnectAttempts":0,"lastConnectedAt":1784960611268,"lastEventAt":1784960611268,"lastTransportActivityAt":1784960611268,"lastInboundAt":null,"lastOutboundAt":null,"tokenSource":"config","tokenStatus":"available","mode":"polling","allowUnmentionedGroups":false,"lastProbeAt":null}}},"whatsapp":{"accountId":"default","enabled":true,"configured":false,"running":false,"lastStartAt":null,"lastStopAt":null,"lastError":"not linked","connected":false,"restartPending":false,"reconnectAttempts":0,"healthState":"not-running","lastInboundAt":null,"lastOutboundAt":null,"statusState":"not-linked","linked":false,"lastConnectedAt":null,"lastDisconnect":null,"lastMessageAt":null,"lastEventAt":null,"dmPolicy":"allowlist","allowFrom":["7982700657","+917982700657"],"authAgeMs":null,"self":{"e164":null,"jid":null,"lid":null},"accounts":{"default":{"accountId":"default","enabled":true,"configured":false,"running":false,"lastStartAt":null,"lastStopAt":null,"lastError":"not linked","connected":false,"restartPending":false,"reconnectAttempts":0,"healthState":"not-running","lastInboundAt":null,"lastOutboundAt":null,"statusState":"not-linked","linked":false,"lastConnectedAt":null,"lastDisconnect":null,"lastMessageAt":null,"lastEventAt":null,"dmPolicy":"allowlist","allowFrom":["7982700657","+917982700657"],"authAgeMs":null,"self":{"e164":null,"jid":null,"lid":null}}}}},"channelOrder":["telegram","whatsapp"],"channelLabels":{"telegram":"Telegram","whatsapp":"WhatsApp"},"heartbeatSeconds":1800,"defaultAgentId":"maya","agents":[{"agentId":"maya","name":"Maya","isDefault":true,"heartbeat":{"enabled":true,"every":"30m","everyMs":1800000,"prompt":"Read HEARTBEAT.md if it exists (workspace context). Follow it strictly. Do not infer or repeat old tasks from prior chats. If nothing needs attention, reply HEARTBEAT_OK.","target":"none","ackMaxChars":300},"sessions":{"path":"C:\\Users\\mishs\\.openclaw\\agents\\maya\\sessions\\sessions.json","count":15,"recent":[{"key":"agent:maya:telegram:direct:1882996585","updatedAt":1784960027460,"age":598261},{"key":"agent:maya:dashboard:ab0bb3d3-5d2b-4bce-ab2b-89d2f78bc232","updatedAt":1784901210194,"age":59415527},{"key":"agent:maya:dashboard:77dfdfb2-27ae-44bb-86bf-8504c597c339","updatedAt":1784893234550,"age":67391171},{"key":"agent:maya:dashboard:bc35f7e9-7a1a-4902-83b5-7c19dac9f5df","updatedAt":1784875528811,"age":85096910},{"key":"agent:maya:main","updatedAt":1784631558276,"age":329067445}]}}],"sessions":{"path":"C:\\Users\\mishs\\.openclaw\\agents\\maya\\sessions\\sessions.json","count":15,"recent":[{"key":"agent:maya:telegram:direct:1882996585","updatedAt":1784960027460,"age":598261},{"key":"agent:maya:dashboard:ab0bb3d3-5d2b-4bce-ab2b-89d2f78bc232","updatedAt":1784901210194,"age":59415527},{"key":"agent:maya:dashboard:77dfdfb2-27ae-44bb-86bf-8504c597c339","updatedAt":1784893234550,"age":67391171},{"key":"agent:maya:dashboard:bc35f7e9-7a1a-4902-83b5-7c19dac9f5df","updatedAt":1784875528811,"age":85096910},{"key":"agent:maya:main","updatedAt":1784631558276,"age":329067445}]}},"seq":36,"stateVersion":{"presence":19,"health":113}}
{"type":"event","event":"tick","payload":{"ts":1784960631934},"seq":37}
{"type":"event","event":"tick","payload":{"ts":1784960661943},"seq":38}
{"type":"event","event":"health","payload":{"ok":true,"ts":1784960685794,"durationMs":63,"eventLoop":{"degraded":false,"reasons":[],"intervalMs":60008,"delayP99Ms":38.4,"delayMaxMs":46.4,"utilization":0.007,"cpuCoreRatio":0.009},"plugins":{"loaded":["browser","canvas","codex","device-pair","file-transfer","google","memory-core","parallel","phone-control","talk-voice","telegram","whatsapp"],"errors":[]},"modelPricing":{"state":"ok","sources":[]},"channels":{"telegram":{"accountId":"default","enabled":true,"configured":true,"running":true,"lastStartAt":1784956656935,"lastStopAt":1784956656934,"lastError":null,"connected":true,"restartPending":false,"reconnectAttempts":0,"lastConnectedAt":1784960679502,"lastEventAt":1784960679502,"lastTransportActivityAt":1784960679502,"lastInboundAt":null,"lastOutboundAt":null,"tokenSource":"config","tokenStatus":"available","mode":"polling","allowUnmentionedGroups":false,"lastProbeAt":null,"accounts":{"default":{"accountId":"default","enabled":true,"configured":true,"running":true,"lastStartAt":1784956656935,"lastStopAt":1784956656934,"lastError":null,"connected":true,"restartPending":false,"reconnectAttempts":0,"lastConnectedAt":1784960679502,"lastEventAt":1784960679502,"lastTransportActivityAt":1784960679502,"lastInboundAt":null,"lastOutboundAt":null,"tokenSource":"config","tokenStatus":"available","mode":"polling","allowUnmentionedGroups":false,"lastProbeAt":null}}},"whatsapp":{"accountId":"default","enabled":true,"configured":false,"running":false,"lastStartAt":null,"lastStopAt":null,"lastError":"not linked","connected":false,"restartPending":false,"reconnectAttempts":0,"healthState":"not-running","lastInboundAt":null,"lastOutboundAt":null,"statusState":"not-linked","linked":false,"lastConnectedAt":null,"lastDisconnect":null,"lastMessageAt":null,"lastEventAt":null,"dmPolicy":"allowlist","allowFrom":["7982700657","+917982700657"],"authAgeMs":null,"self":{"e164":null,"jid":null,"lid":null},"accounts":{"default":{"accountId":"default","enabled":true,"configured":false,"running":false,"lastStartAt":null,"lastStopAt":null,"lastError":"not linked","connected":false,"restartPending":false,"reconnectAttempts":0,"healthState":"not-running","lastInboundAt":null,"lastOutboundAt":null,"statusState":"not-linked","linked":false,"lastConnectedAt":null,"lastDisconnect":null,"lastMessageAt":null,"lastEventAt":null,"dmPolicy":"allowlist","allowFrom":["7982700657","+917982700657"],"authAgeMs":null,"self":{"e164":null,"jid":null,"lid":null}}}}},"channelOrder":["telegram","whatsapp"],"channelLabels":{"telegram":"Telegram","whatsapp":"WhatsApp"},"heartbeatSeconds":1800,"defaultAgentId":"maya","agents":[{"agentId":"maya","name":"Maya","isDefault":true,"heartbeat":{"enabled":true,"every":"30m","everyMs":1800000,"prompt":"Read HEARTBEAT.md if it exists (workspace context). Follow it strictly. Do not infer or repeat old tasks from prior chats. If nothing needs attention, reply HEARTBEAT_OK.","target":"none","ackMaxChars":300},"sessions":{"path":"C:\\Users\\mishs\\.openclaw\\agents\\maya\\sessions\\sessions.json","count":15,"recent":[{"key":"agent:maya:telegram:direct:1882996585","updatedAt":1784960027460,"age":658271},{"key":"agent:maya:dashboard:ab0bb3d3-5d2b-4bce-ab2b-89d2f78bc232","updatedAt":1784901210194,"age":59475537},{"key":"agent:maya:dashboard:77dfdfb2-27ae-44bb-86bf-8504c597c339","updatedAt":1784893234550,"age":67451181},{"key":"agent:maya:dashboard:bc35f7e9-7a1a-4902-83b5-7c19dac9f5df","updatedAt":1784875528811,"age":85156920},{"key":"agent:maya:main","updatedAt":1784631558276,"age":329127455}]}}],"sessions":{"path":"C:\\Users\\mishs\\.openclaw\\agents\\maya\\sessions\\sessions.json","count":15,"recent":[{"key":"agent:maya:telegram:direct:1882996585","updatedAt":1784960027460,"age":658271},{"key":"agent:maya:dashboard:ab0bb3d3-5d2b-4bce-ab2b-89d2f78bc232","updatedAt":1784901210194,"age":59475537},{"key":"agent:maya:dashboard:77dfdfb2-27ae-44bb-86bf-8504c597c339","updatedAt":1784893234550,"age":67451181},{"key":"agent:maya:dashboard:bc35f7e9-7a1a-4902-83b5-7c19dac9f5df","updatedAt":1784875528811,"age":85156920},{"key":"agent:maya:main","updatedAt":1784631558276,"age":329127455}]}},"seq":39,"stateVersion":{"presence":19,"health":114}}
{"type":"event","event":"tick","payload":{"ts":1784960691952},"seq":40}
{"type":"event","event":"tick","payload":{"ts":1784960721965},"seq":41}
{"type":"event","event":"health","payload":{"ok":true,"ts":1784960745796,"durationMs":60,"eventLoop":{"degraded":false,"reasons":[],"intervalMs":60006,"delayP99Ms":42.1,"delayMaxMs":47.9,"utilization":0.006,"cpuCoreRatio":0.005},"plugins":{"loaded":["browser","canvas","codex","device-pair","file-transfer","google","memory-core","parallel","phone-control","talk-voice","telegram","whatsapp"],"errors":[]},"modelPricing":{"state":"ok","sources":[]},"channels":{"telegram":{"accountId":"default","enabled":true,"configured":true,"running":true,"lastStartAt":1784956656935,"lastStopAt":1784956656934,"lastError":null,"connected":true,"restartPending":false,"reconnectAttempts":0,"lastConnectedAt":1784960743297,"lastEventAt":1784960743297,"lastTransportActivityAt":1784960743297,"lastInboundAt":null,"lastOutboundAt":null,"tokenSource":"config","tokenStatus":"available","mode":"polling","allowUnmentionedGroups":false,"lastProbeAt":null,"accounts":{"default":{"accountId":"default","enabled":true,"configured":true,"running":true,"lastStartAt":1784956656935,"lastStopAt":1784956656934,"lastError":null,"connected":true,"restartPending":false,"reconnectAttempts":0,"lastConnectedAt":1784960743297,"lastEventAt":1784960743297,"lastTransportActivityAt":1784960743297,"lastInboundAt":null,"lastOutboundAt":null,"tokenSource":"config","tokenStatus":"available","mode":"polling","allowUnmentionedGroups":false,"lastProbeAt":null}}},"whatsapp":{"accountId":"default","enabled":true,"configured":false,"running":false,"lastStartAt":null,"lastStopAt":null,"lastError":"not linked","connected":false,"restartPending":false,"reconnectAttempts":0,"healthState":"not-running","lastInboundAt":null,"lastOutboundAt":null,"statusState":"not-linked","linked":false,"lastConnectedAt":null,"lastDisconnect":null,"lastMessageAt":null,"lastEventAt":null,"dmPolicy":"allowlist","allowFrom":["7982700657","+917982700657"],"authAgeMs":null,"self":{"e164":null,"jid":null,"lid":null},"accounts":{"default":{"accountId":"default","enabled":true,"configured":false,"running":false,"lastStartAt":null,"lastStopAt":null,"lastError":"not linked","connected":false,"restartPending":false,"reconnectAttempts":0,"healthState":"not-running","lastInboundAt":null,"lastOutboundAt":null,"statusState":"not-linked","linked":false,"lastConnectedAt":null,"lastDisconnect":null,"lastMessageAt":null,"lastEventAt":null,"dmPolicy":"allowlist","allowFrom":["7982700657","+917982700657"],"authAgeMs":null,"self":{"e164":null,"jid":null,"lid":null}}}}},"channelOrder":["telegram","whatsapp"],"channelLabels":{"telegram":"Telegram","whatsapp":"WhatsApp"},"heartbeatSeconds":1800,"defaultAgentId":"maya","agents":[{"agentId":"maya","name":"Maya","isDefault":true,"heartbeat":{"enabled":true,"every":"30m","everyMs":1800000,"prompt":"Read HEARTBEAT.md if it exists (workspace context). Follow it strictly. Do not infer or repeat old tasks from prior chats. If nothing needs attention, reply HEARTBEAT_OK.","target":"none","ackMaxChars":300},"sessions":{"path":"C:\\Users\\mishs\\.openclaw\\agents\\maya\\sessions\\sessions.json","count":15,"recent":[{"key":"agent:maya:telegram:direct:1882996585","updatedAt":1784960027460,"age":718276},{"key":"agent:maya:dashboard:ab0bb3d3-5d2b-4bce-ab2b-89d2f78bc232","updatedAt":1784901210194,"age":59535542},{"key":"agent:maya:dashboard:77dfdfb2-27ae-44bb-86bf-8504c597c339","updatedAt":1784893234550,"age":67511186},{"key":"agent:maya:dashboard:bc35f7e9-7a1a-4902-83b5-7c19dac9f5df","updatedAt":1784875528811,"age":85216925},{"key":"agent:maya:main","updatedAt":1784631558276,"age":329187460}]}}],"sessions":{"path":"C:\\Users\\mishs\\.openclaw\\agents\\maya\\sessions\\sessions.json","count":15,"recent":[{"key":"agent:maya:telegram:direct:1882996585","updatedAt":1784960027460,"age":718276},{"key":"agent:maya:dashboard:ab0bb3d3-5d2b-4bce-ab2b-89d2f78bc232","updatedAt":1784901210194,"age":59535542},{"key":"agent:maya:dashboard:77dfdfb2-27ae-44bb-86bf-8504c597c339","updatedAt":1784893234550,"age":67511186},{"key":"agent:maya:dashboard:bc35f7e9-7a1a-4902-83b5-7c19dac9f5df","updatedAt":1784875528811,"age":85216925},{"key":"agent:maya:main","updatedAt":1784631558276,"age":329187460}]}},"seq":42,"stateVersion":{"presence":19,"health":115}}
{"type":"event","event":"tick","payload":{"ts":1784960751969},"seq":43}
{"type":"event","event":"tick","payload":{"ts":1784960781970},"seq":44}
{"type":"event","event":"connect.challenge","payload":{"nonce":"b6ac4bf0-66ad-43eb-aa30-21c05f13c07e","ts":1784960804730}}
{"type":"res","id":"init_connect","ok":true,"payload":{"type":"hello-ok","protocol":4,"server":{"version":"2026.6.10","connId":"6899d356-ab34-4dd3-9e9d-0600b2947fab"},"features":{"methods":["health","diagnostics.stability","doctor.memory.status","doctor.memory.dreamDiary","doctor.memory.backfillDreamDiary","doctor.memory.resetDreamDiary","doctor.memory.resetGroundedShortTerm","doctor.memory.repairDreamingArtifacts","doctor.memory.dedupeDreamDiary","doctor.memory.remHarness","logs.tail","channels.status","channels.start","channels.stop","channels.logout","status","usage.status","usage.cost","tts.status","tts.providers","tts.personas","tts.enable","tts.disable","tts.convert","tts.setProvider","tts.setPersona","config.get","config.set","config.apply","config.patch","config.schema","config.schema.lookup","exec.approvals.get","exec.approvals.set","exec.approvals.node.get","exec.approvals.node.set","exec.approval.get","exec.approval.list","exec.approval.request","exec.approval.waitDecision","exec.approval.resolve","plugin.approval.list","plugin.approval.request","plugin.approval.waitDecision","plugin.approval.resolve","plugins.uiDescriptors","plugins.sessionAction","wizard.start","wizard.next","wizard.cancel","wizard.status","talk.catalog","talk.config","talk.client.create","talk.client.toolCall","talk.client.steer","talk.session.create","talk.session.join","talk.session.appendAudio","talk.session.startTurn","talk.session.endTurn","talk.session.cancelTurn","talk.session.cancelOutput","talk.session.submitToolResult","talk.session.steer","talk.session.close","talk.speak","talk.mode","commands.list","models.list","models.authStatus","models.authLogout","tools.catalog","tools.effective","tools.invoke","tasks.list","tasks.get","tasks.cancel","environments.list","environments.status","agents.list","agents.create","agents.update","agents.delete","agents.files.list","agents.files.get","agents.files.set","sessions.files.list","sessions.files.get","artifacts.list","artifacts.get","artifacts.download","skills.status","skills.search","skills.detail","skills.securityVerdicts","skills.skillCard","skills.bins","skills.upload.begin","skills.upload.chunk","skills.upload.commit","skills.install","skills.update","skills.proposals.list","skills.proposals.inspect","skills.proposals.create","skills.proposals.update","skills.proposals.revise","skills.proposals.requestRevision","skills.proposals.apply","skills.proposals.reject","skills.proposals.quarantine","update.status","update.run","voicewake.get","voicewake.set","secrets.reload","secrets.resolve","voicewake.routing.get","voicewake.routing.set","sessions.list","sessions.subscribe","sessions.unsubscribe","sessions.messages.subscribe","sessions.messages.unsubscribe","sessions.preview","sessions.describe","sessions.compaction.list","sessions.compaction.get","sessions.compaction.branch","sessions.compaction.restore","sessions.create","sessions.send","sessions.abort","sessions.patch","sessions.pluginPatch","sessions.cleanup","sessions.reset","sessions.delete","sessions.compact","last-heartbeat","set-heartbeats","wake","node.pair.request","node.pair.list","node.pair.approve","node.pair.reject","node.pair.remove","node.pair.verify","device.pair.list","device.pair.approve","device.pair.reject","device.pair.remove","device.token.rotate","device.token.revoke","node.rename","node.list","node.describe","node.pluginSurface.refresh","node.pending.drain","node.pending.enqueue","node.invoke","node.pending.pull","node.pending.ack","node.invoke.result","node.event","cron.get","cron.list","cron.status","cron.add","cron.update","cron.remove","cron.run","cron.runs","gateway.identity.get","gateway.restart.preflight","gateway.restart.request","system-presence","system-event","message.action","send","agent","agent.identity.get","agent.wait","chat.history","chat.startup","chat.metadata","chat.message.get","chat.abort","chat.send","browser.request","web.login.start","web.login.wait"],"events":["connect.challenge","agent","chat","session.message","session.operation","session.tool","sessions.changed","presence","tick","talk.mode","talk.event","shutdown","health","heartbeat","cron","node.pair.requested","node.pair.resolved","node.invoke.request","device.pair.requested","device.pair.resolved","voicewake.changed","voicewake.routing.changed","exec.approval.requested","exec.approval.resolved","plugin.approval.requested","plugin.approval.resolved","update.available"]},"snapshot":{"presence":[{"host":"mishita_soni","ip":"192.168.56.1","version":"2026.6.10","platform":"windows 10.0.26200","deviceFamily":"Windows","modelIdentifier":"x64","mode":"gateway","reason":"self","instanceId":"85301f58-2481-413a-ae7c-1480b7800b65","text":"Gateway: mishita_soni (192.168.56.1) · app 2026.6.10 · mode gateway · reason self","ts":1784960804732},{"host":"gateway-client","version":"1.0.0","platform":"windows","mode":"backend","roles":["operator"],"scopes":["operator.read","operator.write"],"reason":"connect","ts":1784960804732,"text":"Node: gateway-client · mode backend"},{"host":"gateway-client","version":"1.0.0","platform":"windows","mode":"backend","roles":["operator"],"scopes":["operator.read","operator.write"],"reason":"disconnect","ts":1784960803351,"text":"Node: gateway-client · mode backend"}],"health":{"ok":true,"ts":1784960745796,"durationMs":60,"eventLoop":{"degraded":false,"reasons":[],"intervalMs":60006,"delayP99Ms":42.1,"delayMaxMs":47.9,"utilization":0.006,"cpuCoreRatio":0.005},"plugins":{"loaded":["browser","canvas","codex","device-pair","file-transfer","google","memory-core","parallel","phone-control","talk-voice","telegram","whatsapp"],"errors":[]},"modelPricing":{"state":"ok","sources":[]},"channels":{"telegram":{"accountId":"default","enabled":true,"configured":true,"running":true,"lastStartAt":1784956656935,"lastStopAt":1784956656934,"lastError":null,"connected":true,"restartPending":false,"reconnectAttempts":0,"lastConnectedAt":1784960743297,"lastEventAt":1784960743297,"lastTransportActivityAt":1784960743297,"lastInboundAt":null,"lastOutboundAt":null,"tokenSource":"config","tokenStatus":"available","mode":"polling","allowUnmentionedGroups":false,"lastProbeAt":null,"accounts":{"default":{"accountId":"default","enabled":true,"configured":true,"running":true,"lastStartAt":1784956656935,"lastStopAt":1784956656934,"lastError":null,"connected":true,"restartPending":false,"reconnectAttempts":0,"lastConnectedAt":1784960743297,"lastEventAt":1784960743297,"lastTransportActivityAt":1784960743297,"lastInboundAt":null,"lastOutboundAt":null,"tokenSource":"config","tokenStatus":"available","mode":"polling","allowUnmentionedGroups":false,"lastProbeAt":null}}},"whatsapp":{"accountId":"default","enabled":true,"configured":false,"running":false,"lastStartAt":null,"lastStopAt":null,"lastError":"not linked","connected":false,"restartPending":false,"reconnectAttempts":0,"healthState":"not-running","lastInboundAt":null,"lastOutboundAt":null,"statusState":"not-linked","linked":false,"lastConnectedAt":null,"lastDisconnect":null,"lastMessageAt":null,"lastEventAt":null,"dmPolicy":"allowlist","allowFrom":["7982700657","+917982700657"],"authAgeMs":null,"self":{"e164":null,"jid":null,"lid":null},"accounts":{"default":{"accountId":"default","enabled":true,"configured":false,"running":false,"lastStartAt":null,"lastStopAt":null,"lastError":"not linked","connected":false,"restartPending":false,"reconnectAttempts":0,"healthState":"not-running","lastInboundAt":null,"lastOutboundAt":null,"statusState":"not-linked","linked":false,"lastConnectedAt":null,"lastDisconnect":null,"lastMessageAt":null,"lastEventAt":null,"dmPolicy":"allowlist","allowFrom":["7982700657","+917982700657"],"authAgeMs":null,"self":{"e164":null,"jid":null,"lid":null}}}}},"channelOrder":["telegram","whatsapp"],"channelLabels":{"telegram":"Telegram","whatsapp":"WhatsApp"},"heartbeatSeconds":1800,"defaultAgentId":"maya","agents":[{"agentId":"maya","name":"Maya","isDefault":true,"heartbeat":{"enabled":true,"every":"30m","everyMs":1800000,"prompt":"Read HEARTBEAT.md if it exists (workspace context). Follow it strictly. Do not infer or repeat old tasks from prior chats. If nothing needs attention, reply HEARTBEAT_OK.","target":"none","ackMaxChars":300},"sessions":{"path":"C:\\Users\\mishs\\.openclaw\\agents\\maya\\sessions\\sessions.json","count":15,"recent":[{"key":"agent:maya:telegram:direct:1882996585","updatedAt":1784960027460,"age":718276},{"key":"agent:maya:dashboard:ab0bb3d3-5d2b-4bce-ab2b-89d2f78bc232","updatedAt":1784901210194,"age":59535542},{"key":"agent:maya:dashboard:77dfdfb2-27ae-44bb-86bf-8504c597c339","updatedAt":1784893234550,"age":67511186},{"key":"agent:maya:dashboard:bc35f7e9-7a1a-4902-83b5-7c19dac9f5df","updatedAt":1784875528811,"age":85216925},{"key":"agent:maya:main","updatedAt":1784631558276,"age":329187460}]}}],"sessions":{"path":"C:\\Users\\mishs\\.openclaw\\agents\\maya\\sessions\\sessions.json","count":15,"recent":[{"key":"agent:maya:telegram:direct:1882996585","updatedAt":1784960027460,"age":718276},{"key":"agent:maya:dashboard:ab0bb3d3-5d2b-4bce-ab2b-89d2f78bc232","updatedAt":1784901210194,"age":59535542},{"key":"agent:maya:dashboard:77dfdfb2-27ae-44bb-86bf-8504c597c339","updatedAt":1784893234550,"age":67511186},{"key":"agent:maya:dashboard:bc35f7e9-7a1a-4902-83b5-7c19dac9f5df","updatedAt":1784875528811,"age":85216925},{"key":"agent:maya:main","updatedAt":1784631558276,"age":329187460}]}},"stateVersion":{"presence":21,"health":115},"uptimeMs":6266339,"sessionDefaults":{"defaultAgentId":"maya","mainKey":"main","mainSessionKey":"agent:maya:main","scope":"per-sender"},"updateAvailable":{"currentVersion":"2026.6.10","latestVersion":"2026.7.1-2","channel":"latest"}},"pluginSurfaceUrls":{"canvas":"http://127.0.0.1:18789/__openclaw__/cap/S6G0-1EKT4y9xgNnCc7KbVtg"},"auth":{"role":"operator","scopes":["operator.read","operator.write"]},"policy":{"maxPayload":26214400,"maxBufferedBytes":52428800,"tickIntervalMs":30000}}}
{"type":"res","id":"sub_messages","ok":false,"error":{"code":"INVALID_REQUEST","message":"invalid sessions.messages.subscribe params: must have required property 'key'"}}
{"type":"event","event":"health","payload":{"ok":true,"ts":1784960804816,"durationMs":78,"eventLoop":{"degraded":false,"reasons":[],"intervalMs":59001,"delayP99Ms":42,"delayMaxMs":45.9,"utilization":0.007,"cpuCoreRatio":0.008},"plugins":{"loaded":["browser","canvas","codex","device-pair","file-transfer","google","memory-core","parallel","phone-control","talk-voice","telegram","whatsapp"],"errors":[]},"modelPricing":{"state":"ok","sources":[]},"channels":{"telegram":{"accountId":"default","enabled":true,"configured":true,"running":true,"lastStartAt":1784956656935,"lastStopAt":1784956656934,"lastError":null,"connected":true,"restartPending":false,"reconnectAttempts":0,"lastConnectedAt":1784960776416,"lastEventAt":1784960776416,"lastTransportActivityAt":1784960776416,"lastInboundAt":null,"lastOutboundAt":null,"tokenSource":"config","tokenStatus":"available","mode":"polling","allowUnmentionedGroups":false,"lastProbeAt":null,"accounts":{"default":{"accountId":"default","enabled":true,"configured":true,"running":true,"lastStartAt":1784956656935,"lastStopAt":1784956656934,"lastError":null,"connected":true,"restartPending":false,"reconnectAttempts":0,"lastConnectedAt":1784960776416,"lastEventAt":1784960776416,"lastTransportActivityAt":1784960776416,"lastInboundAt":null,"lastOutboundAt":null,"tokenSource":"config","tokenStatus":"available","mode":"polling","allowUnmentionedGroups":false,"lastProbeAt":null}}},"whatsapp":{"accountId":"default","enabled":true,"configured":false,"running":false,"lastStartAt":null,"lastStopAt":null,"lastError":"not linked","connected":false,"restartPending":false,"reconnectAttempts":0,"healthState":"not-running","lastInboundAt":null,"lastOutboundAt":null,"statusState":"not-linked","linked":false,"lastConnectedAt":null,"lastDisconnect":null,"lastMessageAt":null,"lastEventAt":null,"dmPolicy":"allowlist","allowFrom":["7982700657","+917982700657"],"authAgeMs":null,"self":{"e164":null,"jid":null,"lid":null},"accounts":{"default":{"accountId":"default","enabled":true,"configured":false,"running":false,"lastStartAt":null,"lastStopAt":null,"lastError":"not linked","connected":false,"restartPending":false,"reconnectAttempts":0,"healthState":"not-running","lastInboundAt":null,"lastOutboundAt":null,"statusState":"not-linked","linked":false,"lastConnectedAt":null,"lastDisconnect":null,"lastMessageAt":null,"lastEventAt":null,"dmPolicy":"allowlist","allowFrom":["7982700657","+917982700657"],"authAgeMs":null,"self":{"e164":null,"jid":null,"lid":null}}}}},"channelOrder":["telegram","whatsapp"],"channelLabels":{"telegram":"Telegram","whatsapp":"WhatsApp"},"heartbeatSeconds":1800,"defaultAgentId":"maya","agents":[{"agentId":"maya","name":"Maya","isDefault":true,"heartbeat":{"enabled":true,"every":"30m","everyMs":1800000,"prompt":"Read HEARTBEAT.md if it exists (workspace context). Follow it strictly. Do not infer or repeat old tasks from prior chats. If nothing needs attention, reply HEARTBEAT_OK.","target":"none","ackMaxChars":300},"sessions":{"path":"C:\\Users\\mishs\\.openclaw\\agents\\maya\\sessions\\sessions.json","count":15,"recent":[{"key":"agent:maya:telegram:direct:1882996585","updatedAt":1784960027460,"age":777278},{"key":"agent:maya:dashboard:ab0bb3d3-5d2b-4bce-ab2b-89d2f78bc232","updatedAt":1784901210194,"age":59594544},{"key":"agent:maya:dashboard:77dfdfb2-27ae-44bb-86bf-8504c597c339","updatedAt":1784893234550,"age":67570188},{"key":"agent:maya:dashboard:bc35f7e9-7a1a-4902-83b5-7c19dac9f5df","updatedAt":1784875528811,"age":85275927},{"key":"agent:maya:main","updatedAt":1784631558276,"age":329246462}]}}],"sessions":{"path":"C:\\Users\\mishs\\.openclaw\\agents\\maya\\sessions\\sessions.json","count":15,"recent":[{"key":"agent:maya:telegram:direct:1882996585","updatedAt":1784960027460,"age":777278},{"key":"agent:maya:dashboard:ab0bb3d3-5d2b-4bce-ab2b-89d2f78bc232","updatedAt":1784901210194,"age":59594544},{"key":"agent:maya:dashboard:77dfdfb2-27ae-44bb-86bf-8504c597c339","updatedAt":1784893234550,"age":67570188},{"key":"agent:maya:dashboard:bc35f7e9-7a1a-4902-83b5-7c19dac9f5df","updatedAt":1784875528811,"age":85275927},{"key":"agent:maya:main","updatedAt":1784631558276,"age":329246462}]}},"seq":1,"stateVersion":{"presence":21,"health":116}}
{"type":"event","event":"health","payload":{"ok":true,"ts":1784960805821,"durationMs":85,"eventLoop":{"degraded":false,"reasons":[],"intervalMs":1002,"delayP99Ms":44.9,"delayMaxMs":44.9,"utilization":0.088,"cpuCoreRatio":0.062},"plugins":{"loaded":["browser","canvas","codex","device-pair","file-transfer","google","memory-core","parallel","phone-control","talk-voice","telegram","whatsapp"],"errors":[]},"modelPricing":{"state":"ok","sources":[]},"channels":{"telegram":{"accountId":"default","enabled":true,"configured":true,"running":true,"lastStartAt":1784956656935,"lastStopAt":1784956656934,"lastError":null,"connected":true,"restartPending":false,"reconnectAttempts":0,"lastConnectedAt":1784960776416,"lastEventAt":1784960776416,"lastTransportActivityAt":1784960776416,"lastInboundAt":null,"lastOutboundAt":null,"tokenSource":"config","tokenStatus":"available","mode":"polling","allowUnmentionedGroups":false,"lastProbeAt":null,"accounts":{"default":{"accountId":"default","enabled":true,"configured":true,"running":true,"lastStartAt":1784956656935,"lastStopAt":1784956656934,"lastError":null,"connected":true,"restartPending":false,"reconnectAttempts":0,"lastConnectedAt":1784960776416,"lastEventAt":1784960776416,"lastTransportActivityAt":1784960776416,"lastInboundAt":null,"lastOutboundAt":null,"tokenSource":"config","tokenStatus":"available","mode":"polling","allowUnmentionedGroups":false,"lastProbeAt":null}}},"whatsapp":{"accountId":"default","enabled":true,"configured":false,"running":false,"lastStartAt":null,"lastStopAt":null,"lastError":"not linked","connected":false,"restartPending":false,"reconnectAttempts":0,"healthState":"not-running","lastInboundAt":null,"lastOutboundAt":null,"statusState":"not-linked","linked":false,"lastConnectedAt":null,"lastDisconnect":null,"lastMessageAt":null,"lastEventAt":null,"dmPolicy":"allowlist","allowFrom":["7982700657","+917982700657"],"authAgeMs":null,"self":{"e164":null,"jid":null,"lid":null},"accounts":{"default":{"accountId":"default","enabled":true,"configured":false,"running":false,"lastStartAt":null,"lastStopAt":null,"lastError":"not linked","connected":false,"restartPending":false,"reconnectAttempts":0,"healthState":"not-running","lastInboundAt":null,"lastOutboundAt":null,"statusState":"not-linked","linked":false,"lastConnectedAt":null,"lastDisconnect":null,"lastMessageAt":null,"lastEventAt":null,"dmPolicy":"allowlist","allowFrom":["7982700657","+917982700657"],"authAgeMs":null,"self":{"e164":null,"jid":null,"lid":null}}}}},"channelOrder":["telegram","whatsapp"],"channelLabels":{"telegram":"Telegram","whatsapp":"WhatsApp"},"heartbeatSeconds":1800,"defaultAgentId":"maya","agents":[{"agentId":"maya","name":"Maya","isDefault":true,"heartbeat":{"enabled":true,"every":"30m","everyMs":1800000,"prompt":"Read HEARTBEAT.md if it exists (workspace context). Follow it strictly. Do not infer or repeat old tasks from prior chats. If nothing needs attention, reply HEARTBEAT_OK.","target":"none","ackMaxChars":300},"sessions":{"path":"C:\\Users\\mishs\\.openclaw\\agents\\maya\\sessions\\sessions.json","count":15,"recent":[{"key":"agent:maya:telegram:direct:1882996585","updatedAt":1784960027460,"age":778276},{"key":"agent:maya:dashboard:ab0bb3d3-5d2b-4bce-ab2b-89d2f78bc232","updatedAt":1784901210194,"age":59595542},{"key":"agent:maya:dashboard:77dfdfb2-27ae-44bb-86bf-8504c597c339","updatedAt":1784893234550,"age":67571186},{"key":"agent:maya:dashboard:bc35f7e9-7a1a-4902-83b5-7c19dac9f5df","updatedAt":1784875528811,"age":85276925},{"key":"agent:maya:main","updatedAt":1784631558276,"age":329247460}]}}],"sessions":{"path":"C:\\Users\\mishs\\.openclaw\\agents\\maya\\sessions\\sessions.json","count":15,"recent":[{"key":"agent:maya:telegram:direct:1882996585","updatedAt":1784960027460,"age":778276},{"key":"agent:maya:dashboard:ab0bb3d3-5d2b-4bce-ab2b-89d2f78bc232","updatedAt":1784901210194,"age":59595542},{"key":"agent:maya:dashboard:77dfdfb2-27ae-44bb-86bf-8504c597c339","updatedAt":1784893234550,"age":67571186},{"key":"agent:maya:dashboard:bc35f7e9-7a1a-4902-83b5-7c19dac9f5df","updatedAt":1784875528811,"age":85276925},{"key":"agent:maya:main","updatedAt":1784631558276,"age":329247460}]}},"seq":2,"stateVersion":{"presence":21,"health":117}}
{"type":"event","event":"tick","payload":{"ts":1784960811970},"seq":3}
{"type":"event","event":"tick","payload":{"ts":1784960841970},"seq":4}
{"type":"event","event":"health","payload":{"ok":true,"ts":1784960865806,"durationMs":63,"eventLoop":{"degraded":false,"reasons":[],"intervalMs":60004,"delayP99Ms":42.4,"delayMaxMs":46.5,"utilization":0.007,"cpuCoreRatio":0.013},"plugins":{"loaded":["browser","canvas","codex","device-pair","file-transfer","google","memory-core","parallel","phone-control","talk-voice","telegram","whatsapp"],"errors":[]},"modelPricing":{"state":"ok","sources":[]},"channels":{"telegram":{"accountId":"default","enabled":true,"configured":true,"running":true,"lastStartAt":1784956656935,"lastStopAt":1784956656934,"lastError":null,"connected":true,"restartPending":false,"reconnectAttempts":0,"lastConnectedAt":1784960852155,"lastEventAt":1784960852155,"lastTransportActivityAt":1784960852155,"lastInboundAt":null,"lastOutboundAt":null,"tokenSource":"config","tokenStatus":"available","mode":"polling","allowUnmentionedGroups":false,"lastProbeAt":null,"accounts":{"default":{"accountId":"default","enabled":true,"configured":true,"running":true,"lastStartAt":1784956656935,"lastStopAt":1784956656934,"lastError":null,"connected":true,"restartPending":false,"reconnectAttempts":0,"lastConnectedAt":1784960852155,"lastEventAt":1784960852155,"lastTransportActivityAt":1784960852155,"lastInboundAt":null,"lastOutboundAt":null,"tokenSource":"config","tokenStatus":"available","mode":"polling","allowUnmentionedGroups":false,"lastProbeAt":null}}},"whatsapp":{"accountId":"default","enabled":true,"configured":false,"running":false,"lastStartAt":null,"lastStopAt":null,"lastError":"not linked","connected":false,"restartPending":false,"reconnectAttempts":0,"healthState":"not-running","lastInboundAt":null,"lastOutboundAt":null,"statusState":"not-linked","linked":false,"lastConnectedAt":null,"lastDisconnect":null,"lastMessageAt":null,"lastEventAt":null,"dmPolicy":"allowlist","allowFrom":["7982700657","+917982700657"],"authAgeMs":null,"self":{"e164":null,"jid":null,"lid":null},"accounts":{"default":{"accountId":"default","enabled":true,"configured":false,"running":false,"lastStartAt":null,"lastStopAt":null,"lastError":"not linked","connected":false,"restartPending":false,"reconnectAttempts":0,"healthState":"not-running","lastInboundAt":null,"lastOutboundAt":null,"statusState":"not-linked","linked":false,"lastConnectedAt":null,"lastDisconnect":null,"lastMessageAt":null,"lastEventAt":null,"dmPolicy":"allowlist","allowFrom":["7982700657","+917982700657"],"authAgeMs":null,"self":{"e164":null,"jid":null,"lid":null}}}}},"channelOrder":["telegram","whatsapp"],"channelLabels":{"telegram":"Telegram","whatsapp":"WhatsApp"},"heartbeatSeconds":1800,"defaultAgentId":"maya","agents":[{"agentId":"maya","name":"Maya","isDefault":true,"heartbeat":{"enabled":true,"every":"30m","everyMs":1800000,"prompt":"Read HEARTBEAT.md if it exists (workspace context). Follow it strictly. Do not infer or repeat old tasks from prior chats. If nothing needs attention, reply HEARTBEAT_OK.","target":"none","ackMaxChars":300},"sessions":{"path":"C:\\Users\\mishs\\.openclaw\\agents\\maya\\sessions\\sessions.json","count":15,"recent":[{"key":"agent:maya:telegram:direct:1882996585","updatedAt":1784960027460,"age":838283},{"key":"agent:maya:dashboard:ab0bb3d3-5d2b-4bce-ab2b-89d2f78bc232","updatedAt":1784901210194,"age":59655549},{"key":"agent:maya:dashboard:77dfdfb2-27ae-44bb-86bf-8504c597c339","updatedAt":1784893234550,"age":67631193},{"key":"agent:maya:dashboard:bc35f7e9-7a1a-4902-83b5-7c19dac9f5df","updatedAt":1784875528811,"age":85336932},{"key":"agent:maya:main","updatedAt":1784631558276,"age":329307467}]}}],"sessions":{"path":"C:\\Users\\mishs\\.openclaw\\agents\\maya\\sessions\\sessions.json","count":15,"recent":[{"key":"agent:maya:telegram:direct:1882996585","updatedAt":1784960027460,"age":838283},{"key":"agent:maya:dashboard:ab0bb3d3-5d2b-4bce-ab2b-89d2f78bc232","updatedAt":1784901210194,"age":59655549},{"key":"agent:maya:dashboard:77dfdfb2-27ae-44bb-86bf-8504c597c339","updatedAt":1784893234550,"age":67631193},{"key":"agent:maya:dashboard:bc35f7e9-7a1a-4902-83b5-7c19dac9f5df","updatedAt":1784875528811,"age":85336932},{"key":"agent:maya:main","updatedAt":1784631558276,"age":329307467}]}},"seq":5,"stateVersion":{"presence":21,"health":118}}
{"type":"event","event":"tick","payload":{"ts":1784960871978},"seq":6}
{"type":"event","event":"tick","payload":{"ts":1784960901980},"seq":7}
{"type":"event","event":"health","payload":{"ok":true,"ts":1784960925811,"durationMs":62,"eventLoop":{"degraded":false,"reasons":[],"intervalMs":60007,"delayP99Ms":38.1,"delayMaxMs":46.1,"utilization":0.006,"cpuCoreRatio":0.008},"plugins":{"loaded":["browser","canvas","codex","device-pair","file-transfer","google","memory-core","parallel","phone-control","talk-voice","telegram","whatsapp"],"errors":[]},"modelPricing":{"state":"ok","sources":[]},"channels":{"telegram":{"accountId":"default","enabled":true,"configured":true,"running":true,"lastStartAt":1784956656935,"lastStopAt":1784956656934,"lastError":null,"connected":true,"restartPending":false,"reconnectAttempts":0,"lastConnectedAt":1784960852155,"lastEventAt":1784960852155,"lastTransportActivityAt":1784960852155,"lastInboundAt":null,"lastOutboundAt":null,"tokenSource":"config","tokenStatus":"available","mode":"polling","allowUnmentionedGroups":false,"lastProbeAt":null,"accounts":{"default":{"accountId":"default","enabled":true,"configured":true,"running":true,"lastStartAt":1784956656935,"lastStopAt":1784956656934,"lastError":null,"connected":true,"restartPending":false,"reconnectAttempts":0,"lastConnectedAt":1784960852155,"lastEventAt":1784960852155,"lastTransportActivityAt":1784960852155,"lastInboundAt":null,"lastOutboundAt":null,"tokenSource":"config","tokenStatus":"available","mode":"polling","allowUnmentionedGroups":false,"lastProbeAt":null}}},"whatsapp":{"accountId":"default","enabled":true,"configured":false,"running":false,"lastStartAt":null,"lastStopAt":null,"lastError":"not linked","connected":false,"restartPending":false,"reconnectAttempts":0,"healthState":"not-running","lastInboundAt":null,"lastOutboundAt":null,"statusState":"not-linked","linked":false,"lastConnectedAt":null,"lastDisconnect":null,"lastMessageAt":null,"lastEventAt":null,"dmPolicy":"allowlist","allowFrom":["7982700657","+917982700657"],"authAgeMs":null,"self":{"e164":null,"jid":null,"lid":null},"accounts":{"default":{"accountId":"default","enabled":true,"configured":false,"running":false,"lastStartAt":null,"lastStopAt":null,"lastError":"not linked","connected":false,"restartPending":false,"reconnectAttempts":0,"healthState":"not-running","lastInboundAt":null,"lastOutboundAt":null,"statusState":"not-linked","linked":false,"lastConnectedAt":null,"lastDisconnect":null,"lastMessageAt":null,"lastEventAt":null,"dmPolicy":"allowlist","allowFrom":["7982700657","+917982700657"],"authAgeMs":null,"self":{"e164":null,"jid":null,"lid":null}}}}},"channelOrder":["telegram","whatsapp"],"channelLabels":{"telegram":"Telegram","whatsapp":"WhatsApp"},"heartbeatSeconds":1800,"defaultAgentId":"maya","agents":[{"agentId":"maya","name":"Maya","isDefault":true,"heartbeat":{"enabled":true,"every":"30m","everyMs":1800000,"prompt":"Read HEARTBEAT.md if it exists (workspace context). Follow it strictly. Do not infer or repeat old tasks from prior chats. If nothing needs attention, reply HEARTBEAT_OK.","target":"none","ackMaxChars":300},"sessions":{"path":"C:\\Users\\mishs\\.openclaw\\agents\\maya\\sessions\\sessions.json","count":15,"recent":[{"key":"agent:maya:telegram:direct:1882996585","updatedAt":1784960027460,"age":898289},{"key":"agent:maya:dashboard:ab0bb3d3-5d2b-4bce-ab2b-89d2f78bc232","updatedAt":1784901210194,"age":59715555},{"key":"agent:maya:dashboard:77dfdfb2-27ae-44bb-86bf-8504c597c339","updatedAt":1784893234550,"age":67691199},{"key":"agent:maya:dashboard:bc35f7e9-7a1a-4902-83b5-7c19dac9f5df","updatedAt":1784875528811,"age":85396938},{"key":"agent:maya:main","updatedAt":1784631558276,"age":329367473}]}}],"sessions":{"path":"C:\\Users\\mishs\\.openclaw\\agents\\maya\\sessions\\sessions.json","count":15,"recent":[{"key":"agent:maya:telegram:direct:1882996585","updatedAt":1784960027460,"age":898289},{"key":"agent:maya:dashboard:ab0bb3d3-5d2b-4bce-ab2b-89d2f78bc232","updatedAt":1784901210194,"age":59715555},{"key":"agent:maya:dashboard:77dfdfb2-27ae-44bb-86bf-8504c597c339","updatedAt":1784893234550,"age":67691199},{"key":"agent:maya:dashboard:bc35f7e9-7a1a-4902-83b5-7c19dac9f5df","updatedAt":1784875528811,"age":85396938},{"key":"agent:maya:main","updatedAt":1784631558276,"age":329367473}]}},"seq":8,"stateVersion":{"presence":21,"health":119}}
{"type":"event","event":"tick","payload":{"ts":1784960931984},"seq":9}
{"type":"event","event":"tick","payload":{"ts":1784960961997},"seq":10}
{"type":"event","event":"health","payload":{"ok":true,"ts":1784960985829,"durationMs":64,"eventLoop":{"degraded":false,"reasons":[],"intervalMs":60013,"delayP99Ms":45.2,"delayMaxMs":47.4,"utilization":0.006,"cpuCoreRatio":0.006},"plugins":{"loaded":["browser","canvas","codex","device-pair","file-transfer","google","memory-core","parallel","phone-control","talk-voice","telegram","whatsapp"],"errors":[]},"modelPricing":{"state":"ok","sources":[]},"channels":{"telegram":{"accountId":"default","enabled":true,"configured":true,"running":true,"lastStartAt":1784956656935,"lastStopAt":1784956656934,"lastError":null,"connected":true,"restartPending":false,"reconnectAttempts":0,"lastConnectedAt":1784960973482,"lastEventAt":1784960973482,"lastTransportActivityAt":1784960973482,"lastInboundAt":null,"lastOutboundAt":null,"tokenSource":"config","tokenStatus":"available","mode":"polling","allowUnmentionedGroups":false,"lastProbeAt":null,"accounts":{"default":{"accountId":"default","enabled":true,"configured":true,"running":true,"lastStartAt":1784956656935,"lastStopAt":1784956656934,"lastError":null,"connected":true,"restartPending":false,"reconnectAttempts":0,"lastConnectedAt":1784960973482,"lastEventAt":1784960973482,"lastTransportActivityAt":1784960973482,"lastInboundAt":null,"lastOutboundAt":null,"tokenSource":"config","tokenStatus":"available","mode":"polling","allowUnmentionedGroups":false,"lastProbeAt":null}}},"whatsapp":{"accountId":"default","enabled":true,"configured":false,"running":false,"lastStartAt":null,"lastStopAt":null,"lastError":"not linked","connected":false,"restartPending":false,"reconnectAttempts":0,"healthState":"not-running","lastInboundAt":null,"lastOutboundAt":null,"statusState":"not-linked","linked":false,"lastConnectedAt":null,"lastDisconnect":null,"lastMessageAt":null,"lastEventAt":null,"dmPolicy":"allowlist","allowFrom":["7982700657","+917982700657"],"authAgeMs":null,"self":{"e164":null,"jid":null,"lid":null},"accounts":{"default":{"accountId":"default","enabled":true,"configured":false,"running":false,"lastStartAt":null,"lastStopAt":null,"lastError":"not linked","connected":false,"restartPending":false,"reconnectAttempts":0,"healthState":"not-running","lastInboundAt":null,"lastOutboundAt":null,"statusState":"not-linked","linked":false,"lastConnectedAt":null,"lastDisconnect":null,"lastMessageAt":null,"lastEventAt":null,"dmPolicy":"allowlist","allowFrom":["7982700657","+917982700657"],"authAgeMs":null,"self":{"e164":null,"jid":null,"lid":null}}}}},"channelOrder":["telegram","whatsapp"],"channelLabels":{"telegram":"Telegram","whatsapp":"WhatsApp"},"heartbeatSeconds":1800,"defaultAgentId":"maya","agents":[{"agentId":"maya","name":"Maya","isDefault":true,"heartbeat":{"enabled":true,"every":"30m","everyMs":1800000,"prompt":"Read HEARTBEAT.md if it exists (workspace context). Follow it strictly. Do not infer or repeat old tasks from prior chats. If nothing needs attention, reply HEARTBEAT_OK.","target":"none","ackMaxChars":300},"sessions":{"path":"C:\\Users\\mishs\\.openclaw\\agents\\maya\\sessions\\sessions.json","count":15,"recent":[{"key":"agent:maya:telegram:direct:1882996585","updatedAt":1784960027460,"age":958305},{"key":"agent:maya:dashboard:ab0bb3d3-5d2b-4bce-ab2b-89d2f78bc232","updatedAt":1784901210194,"age":59775571},{"key":"agent:maya:dashboard:77dfdfb2-27ae-44bb-86bf-8504c597c339","updatedAt":1784893234550,"age":67751215},{"key":"agent:maya:dashboard:bc35f7e9-7a1a-4902-83b5-7c19dac9f5df","updatedAt":1784875528811,"age":85456954},{"key":"agent:maya:main","updatedAt":1784631558276,"age":329427489}]}}],"sessions":{"path":"C:\\Users\\mishs\\.openclaw\\agents\\maya\\sessions\\sessions.json","count":15,"recent":[{"key":"agent:maya:telegram:direct:1882996585","updatedAt":1784960027460,"age":958305},{"key":"agent:maya:dashboard:ab0bb3d3-5d2b-4bce-ab2b-89d2f78bc232","updatedAt":1784901210194,"age":59775571},{"key":"agent:maya:dashboard:77dfdfb2-27ae-44bb-86bf-8504c597c339","updatedAt":1784893234550,"age":67751215},{"key":"agent:maya:dashboard:bc35f7e9-7a1a-4902-83b5-7c19dac9f5df","updatedAt":1784875528811,"age":85456954},{"key":"agent:maya:main","updatedAt":1784631558276,"age":329427489}]}},"seq":11,"stateVersion":{"presence":21,"health":120}}
{"type":"event","event":"tick","payload":{"ts":1784960992003},"seq":12}
{"type":"event","event":"tick","payload":{"ts":1784961022012},"seq":13}
{"type":"event","event":"health","payload":{"ok":true,"ts":1784961045913,"durationMs":146,"eventLoop":{"degraded":false,"reasons":[],"intervalMs":59999,"delayP99Ms":45.8,"delayMaxMs":274.5,"utilization":0.007,"cpuCoreRatio":0.01},"plugins":{"loaded":["browser","canvas","codex","device-pair","file-transfer","google","memory-core","parallel","phone-control","talk-voice","telegram","whatsapp"],"errors":[]},"modelPricing":{"state":"ok","sources":[]},"channels":{"telegram":{"accountId":"default","enabled":true,"configured":true,"running":true,"lastStartAt":1784956656935,"lastStopAt":1784956656934,"lastError":null,"connected":true,"restartPending":false,"reconnectAttempts":0,"lastConnectedAt":1784960973482,"lastEventAt":1784960973482,"lastTransportActivityAt":1784960973482,"lastInboundAt":null,"lastOutboundAt":null,"tokenSource":"config","tokenStatus":"available","mode":"polling","allowUnmentionedGroups":false,"lastProbeAt":null,"accounts":{"default":{"accountId":"default","enabled":true,"configured":true,"running":true,"lastStartAt":1784956656935,"lastStopAt":1784956656934,"lastError":null,"connected":true,"restartPending":false,"reconnectAttempts":0,"lastConnectedAt":1784960973482,"lastEventAt":1784960973482,"lastTransportActivityAt":1784960973482,"lastInboundAt":null,"lastOutboundAt":null,"tokenSource":"config","tokenStatus":"available","mode":"polling","allowUnmentionedGroups":false,"lastProbeAt":null}}},"whatsapp":{"accountId":"default","enabled":true,"configured":false,"running":false,"lastStartAt":null,"lastStopAt":null,"lastError":"not linked","connected":false,"restartPending":false,"reconnectAttempts":0,"healthState":"not-running","lastInboundAt":null,"lastOutboundAt":null,"statusState":"not-linked","linked":false,"lastConnectedAt":null,"lastDisconnect":null,"lastMessageAt":null,"lastEventAt":null,"dmPolicy":"allowlist","allowFrom":["7982700657","+917982700657"],"authAgeMs":null,"self":{"e164":null,"jid":null,"lid":null},"accounts":{"default":{"accountId":"default","enabled":true,"configured":false,"running":false,"lastStartAt":null,"lastStopAt":null,"lastError":"not linked","connected":false,"restartPending":false,"reconnectAttempts":0,"healthState":"not-running","lastInboundAt":null,"lastOutboundAt":null,"statusState":"not-linked","linked":false,"lastConnectedAt":null,"lastDisconnect":null,"lastMessageAt":null,"lastEventAt":null,"dmPolicy":"allowlist","allowFrom":["7982700657","+917982700657"],"authAgeMs":null,"self":{"e164":null,"jid":null,"lid":null}}}}},"channelOrder":["telegram","whatsapp"],"channelLabels":{"telegram":"Telegram","whatsapp":"WhatsApp"},"heartbeatSeconds":1800,"defaultAgentId":"maya","agents":[{"agentId":"maya","name":"Maya","isDefault":true,"heartbeat":{"enabled":true,"every":"30m","everyMs":1800000,"prompt":"Read HEARTBEAT.md if it exists (workspace context). Follow it strictly. Do not infer or repeat old tasks from prior chats. If nothing needs attention, reply HEARTBEAT_OK.","target":"none","ackMaxChars":300},"sessions":{"path":"C:\\Users\\mishs\\.openclaw\\agents\\maya\\sessions\\sessions.json","count":15,"recent":[{"key":"agent:maya:telegram:direct:1882996585","updatedAt":1784960027460,"age":1018307},{"key":"agent:maya:dashboard:ab0bb3d3-5d2b-4bce-ab2b-89d2f78bc232","updatedAt":1784901210194,"age":59835573},{"key":"agent:maya:dashboard:77dfdfb2-27ae-44bb-86bf-8504c597c339","updatedAt":1784893234550,"age":67811217},{"key":"agent:maya:dashboard:bc35f7e9-7a1a-4902-83b5-7c19dac9f5df","updatedAt":1784875528811,"age":85516956},{"key":"agent:maya:main","updatedAt":1784631558276,"age":329487491}]}}],"sessions":{"path":"C:\\Users\\mishs\\.openclaw\\agents\\maya\\sessions\\sessions.json","count":15,"recent":[{"key":"agent:maya:telegram:direct:1882996585","updatedAt":1784960027460,"age":1018307},{"key":"agent:maya:dashboard:ab0bb3d3-5d2b-4bce-ab2b-89d2f78bc232","updatedAt":1784901210194,"age":59835573},{"key":"agent:maya:dashboard:77dfdfb2-27ae-44bb-86bf-8504c597c339","updatedAt":1784893234550,"age":67811217},{"key":"agent:maya:dashboard:bc35f7e9-7a1a-4902-83b5-7c19dac9f5df","updatedAt":1784875528811,"age":85516956},{"key":"agent:maya:main","updatedAt":1784631558276,"age":329487491}]}},"seq":14,"stateVersion":{"presence":21,"health":121}}
{"type":"event","event":"tick","payload":{"ts":1784961052014},"seq":15}
{"type":"event","event":"tick","payload":{"ts":1784961082016},"seq":16}
{"type":"event","event":"health","payload":{"ok":true,"ts":1784961105931,"durationMs":158,"eventLoop":{"degraded":false,"reasons":[],"intervalMs":60008,"delayP99Ms":45.6,"delayMaxMs":595.1,"utilization":0.009,"cpuCoreRatio":0.01},"plugins":{"loaded":["browser","canvas","codex","device-pair","file-transfer","google","memory-core","parallel","phone-control","talk-voice","telegram","whatsapp"],"errors":[]},"modelPricing":{"state":"ok","sources":[]},"channels":{"telegram":{"accountId":"default","enabled":true,"configured":true,"running":true,"lastStartAt":1784956656935,"lastStopAt":1784956656934,"lastError":null,"connected":true,"restartPending":false,"reconnectAttempts":0,"lastConnectedAt":1784960973482,"lastEventAt":1784960973482,"lastTransportActivityAt":1784960973482,"lastInboundAt":null,"lastOutboundAt":null,"tokenSource":"config","tokenStatus":"available","mode":"polling","allowUnmentionedGroups":false,"lastProbeAt":null,"accounts":{"default":{"accountId":"default","enabled":true,"configured":true,"running":true,"lastStartAt":1784956656935,"lastStopAt":1784956656934,"lastError":null,"connected":true,"restartPending":false,"reconnectAttempts":0,"lastConnectedAt":1784960973482,"lastEventAt":1784960973482,"lastTransportActivityAt":1784960973482,"lastInboundAt":null,"lastOutboundAt":null,"tokenSource":"config","tokenStatus":"available","mode":"polling","allowUnmentionedGroups":false,"lastProbeAt":null}}},"whatsapp":{"accountId":"default","enabled":true,"configured":false,"running":false,"lastStartAt":null,"lastStopAt":null,"lastError":"not linked","connected":false,"restartPending":false,"reconnectAttempts":0,"healthState":"not-running","lastInboundAt":null,"lastOutboundAt":null,"statusState":"not-linked","linked":false,"lastConnectedAt":null,"lastDisconnect":null,"lastMessageAt":null,"lastEventAt":null,"dmPolicy":"allowlist","allowFrom":["7982700657","+917982700657"],"authAgeMs":null,"self":{"e164":null,"jid":null,"lid":null},"accounts":{"default":{"accountId":"default","enabled":true,"configured":false,"running":false,"lastStartAt":null,"lastStopAt":null,"lastError":"not linked","connected":false,"restartPending":false,"reconnectAttempts":0,"healthState":"not-running","lastInboundAt":null,"lastOutboundAt":null,"statusState":"not-linked","linked":false,"lastConnectedAt":null,"lastDisconnect":null,"lastMessageAt":null,"lastEventAt":null,"dmPolicy":"allowlist","allowFrom":["7982700657","+917982700657"],"authAgeMs":null,"self":{"e164":null,"jid":null,"lid":null}}}}},"channelOrder":["telegram","whatsapp"],"channelLabels":{"telegram":"Telegram","whatsapp":"WhatsApp"},"heartbeatSeconds":1800,"defaultAgentId":"maya","agents":[{"agentId":"maya","name":"Maya","isDefault":true,"heartbeat":{"enabled":true,"every":"30m","everyMs":1800000,"prompt":"Read HEARTBEAT.md if it exists (workspace context). Follow it strictly. Do not infer or repeat old tasks from prior chats. If nothing needs attention, reply HEARTBEAT_OK.","target":"none","ackMaxChars":300},"sessions":{"path":"C:\\Users\\mishs\\.openclaw\\agents\\maya\\sessions\\sessions.json","count":15,"recent":[{"key":"agent:maya:telegram:direct:1882996585","updatedAt":1784960027460,"age":1078313},{"key":"agent:maya:dashboard:ab0bb3d3-5d2b-4bce-ab2b-89d2f78bc232","updatedAt":1784901210194,"age":59895579},{"key":"agent:maya:dashboard:77dfdfb2-27ae-44bb-86bf-8504c597c339","updatedAt":1784893234550,"age":67871223},{"key":"agent:maya:dashboard:bc35f7e9-7a1a-4902-83b5-7c19dac9f5df","updatedAt":1784875528811,"age":85576962},{"key":"agent:maya:main","updatedAt":1784631558276,"age":329547497}]}}],"sessions":{"path":"C:\\Users\\mishs\\.openclaw\\agents\\maya\\sessions\\sessions.json","count":15,"recent":[{"key":"agent:maya:telegram:direct:1882996585","updatedAt":1784960027460,"age":1078313},{"key":"agent:maya:dashboard:ab0bb3d3-5d2b-4bce-ab2b-89d2f78bc232","updatedAt":1784901210194,"age":59895579},{"key":"agent:maya:dashboard:77dfdfb2-27ae-44bb-86bf-8504c597c339","updatedAt":1784893234550,"age":67871223},{"key":"agent:maya:dashboard:bc35f7e9-7a1a-4902-83b5-7c19dac9f5df","updatedAt":1784875528811,"age":85576962},{"key":"agent:maya:main","updatedAt":1784631558276,"age":329547497}]}},"seq":17,"stateVersion":{"presence":21,"health":122}}
{"type":"event","event":"tick","payload":{"ts":1784961112025},"seq":18}
{"type":"event","event":"tick","payload":{"ts":1784961142034},"seq":19}
{"type":"event","event":"connect.challenge","payload":{"nonce":"4b89cef3-4b07-48fc-8b04-5413499512e0","ts":1784961264216}}
{"type":"res","id":"init_connect","ok":true,"payload":{"type":"hello-ok","protocol":4,"server":{"version":"2026.6.10","connId":"08120700-ceaf-47e8-b061-e088a170ee0b"},"features":{"methods":["health","diagnostics.stability","doctor.memory.status","doctor.memory.dreamDiary","doctor.memory.backfillDreamDiary","doctor.memory.resetDreamDiary","doctor.memory.resetGroundedShortTerm","doctor.memory.repairDreamingArtifacts","doctor.memory.dedupeDreamDiary","doctor.memory.remHarness","logs.tail","channels.status","channels.start","channels.stop","channels.logout","status","usage.status","usage.cost","tts.status","tts.providers","tts.personas","tts.enable","tts.disable","tts.convert","tts.setProvider","tts.setPersona","config.get","config.set","config.apply","config.patch","config.schema","config.schema.lookup","exec.approvals.get","exec.approvals.set","exec.approvals.node.get","exec.approvals.node.set","exec.approval.get","exec.approval.list","exec.approval.request","exec.approval.waitDecision","exec.approval.resolve","plugin.approval.list","plugin.approval.request","plugin.approval.waitDecision","plugin.approval.resolve","plugins.uiDescriptors","plugins.sessionAction","wizard.start","wizard.next","wizard.cancel","wizard.status","talk.catalog","talk.config","talk.client.create","talk.client.toolCall","talk.client.steer","talk.session.create","talk.session.join","talk.session.appendAudio","talk.session.startTurn","talk.session.endTurn","talk.session.cancelTurn","talk.session.cancelOutput","talk.session.submitToolResult","talk.session.steer","talk.session.close","talk.speak","talk.mode","commands.list","models.list","models.authStatus","models.authLogout","tools.catalog","tools.effective","tools.invoke","tasks.list","tasks.get","tasks.cancel","environments.list","environments.status","agents.list","agents.create","agents.update","agents.delete","agents.files.list","agents.files.get","agents.files.set","sessions.files.list","sessions.files.get","artifacts.list","artifacts.get","artifacts.download","skills.status","skills.search","skills.detail","skills.securityVerdicts","skills.skillCard","skills.bins","skills.upload.begin","skills.upload.chunk","skills.upload.commit","skills.install","skills.update","skills.proposals.list","skills.proposals.inspect","skills.proposals.create","skills.proposals.update","skills.proposals.revise","skills.proposals.requestRevision","skills.proposals.apply","skills.proposals.reject","skills.proposals.quarantine","update.status","update.run","voicewake.get","voicewake.set","secrets.reload","secrets.resolve","voicewake.routing.get","voicewake.routing.set","sessions.list","sessions.subscribe","sessions.unsubscribe","sessions.messages.subscribe","sessions.messages.unsubscribe","sessions.preview","sessions.describe","sessions.compaction.list","sessions.compaction.get","sessions.compaction.branch","sessions.compaction.restore","sessions.create","sessions.send","sessions.abort","sessions.patch","sessions.pluginPatch","sessions.cleanup","sessions.reset","sessions.delete","sessions.compact","last-heartbeat","set-heartbeats","wake","node.pair.request","node.pair.list","node.pair.approve","node.pair.reject","node.pair.remove","node.pair.verify","device.pair.list","device.pair.approve","device.pair.reject","device.pair.remove","device.token.rotate","device.token.revoke","node.rename","node.list","node.describe","node.pluginSurface.refresh","node.pending.drain","node.pending.enqueue","node.invoke","node.pending.pull","node.pending.ack","node.invoke.result","node.event","cron.get","cron.list","cron.status","cron.add","cron.update","cron.remove","cron.run","cron.runs","gateway.identity.get","gateway.restart.preflight","gateway.restart.request","system-presence","system-event","message.action","send","agent","agent.identity.get","agent.wait","chat.history","chat.startup","chat.metadata","chat.message.get","chat.abort","chat.send","browser.request","web.login.start","web.login.wait"],"events":["connect.challenge","agent","chat","session.message","session.operation","session.tool","sessions.changed","presence","tick","talk.mode","talk.event","shutdown","health","heartbeat","cron","node.pair.requested","node.pair.resolved","node.invoke.request","device.pair.requested","device.pair.resolved","voicewake.changed","voicewake.routing.changed","exec.approval.requested","exec.approval.resolved","plugin.approval.requested","plugin.approval.resolved","update.available"]},"snapshot":{"presence":[{"host":"mishita_soni","ip":"192.168.56.1","version":"2026.6.10","platform":"windows 10.0.26200","deviceFamily":"Windows","modelIdentifier":"x64","mode":"gateway","reason":"self","instanceId":"b1902188-42f1-4d15-80bb-9f40d1a643f6","text":"Gateway: mishita_soni (192.168.56.1) · app 2026.6.10 · mode gateway · reason self","ts":1784961264248},{"host":"gateway-client","version":"1.0.0","platform":"windows","mode":"backend","roles":["operator"],"scopes":["operator.read","operator.write"],"reason":"connect","ts":1784961264247,"text":"Node: gateway-client · mode backend"}],"health":{},"stateVersion":{"presence":2,"health":1},"uptimeMs":19091,"sessionDefaults":{"defaultAgentId":"maya","mainKey":"main","mainSessionKey":"agent:maya:main","scope":"per-sender"},"updateAvailable":{"currentVersion":"2026.6.10","latestVersion":"2026.7.1-2","channel":"latest"}},"pluginSurfaceUrls":{"canvas":"http://127.0.0.1:18789/__openclaw__/cap/iHjlYH7lN6TDWTuOu8iDtSo2"},"auth":{"role":"operator","scopes":["operator.read","operator.write"]},"policy":{"maxPayload":26214400,"maxBufferedBytes":52428800,"tickIntervalMs":30000}}}
{"type":"res","id":"sub_messages","ok":false,"error":{"code":"INVALID_REQUEST","message":"invalid sessions.messages.subscribe params: must have required property 'key'"}}
{"type":"event","event":"health","payload":{"ok":true,"ts":1784961264525,"durationMs":267,"eventLoop":{"degraded":true,"reasons":["event_loop_delay","event_loop_utilization","cpu"],"intervalMs":3717,"delayP99Ms":1050.7,"delayMaxMs":1050.7,"utilization":0.999,"cpuCoreRatio":1.207},"plugins":{"loaded":["browser","canvas","codex","device-pair","file-transfer","google","memory-core","parallel","phone-control","talk-voice","telegram","whatsapp"],"errors":[]},"modelPricing":{"state":"ok","sources":[]},"channels":{"telegram":{"accountId":"default","enabled":true,"configured":true,"running":true,"lastStartAt":1784961263690,"lastStopAt":null,"lastError":null,"restartPending":false,"reconnectAttempts":0,"lastInboundAt":null,"lastOutboundAt":null,"tokenSource":"config","tokenStatus":"available","mode":"polling","allowUnmentionedGroups":false,"lastProbeAt":null,"accounts":{"default":{"accountId":"default","enabled":true,"configured":true,"running":true,"lastStartAt":1784961263690,"lastStopAt":null,"lastError":null,"restartPending":false,"reconnectAttempts":0,"lastInboundAt":null,"lastOutboundAt":null,"tokenSource":"config","tokenStatus":"available","mode":"polling","allowUnmentionedGroups":false,"lastProbeAt":null}}},"whatsapp":{"accountId":"default","enabled":true,"configured":false,"running":false,"lastStartAt":null,"lastStopAt":null,"lastError":"not linked","connected":false,"restartPending":false,"reconnectAttempts":0,"healthState":"not-running","lastInboundAt":null,"lastOutboundAt":null,"statusState":"not-linked","linked":false,"lastConnectedAt":null,"lastDisconnect":null,"lastMessageAt":null,"lastEventAt":null,"dmPolicy":"allowlist","allowFrom":["7982700657","+917982700657"],"authAgeMs":null,"self":{"e164":null,"jid":null,"lid":null},"accounts":{"default":{"accountId":"default","enabled":true,"configured":false,"running":false,"lastStartAt":null,"lastStopAt":null,"lastError":"not linked","connected":false,"restartPending":false,"reconnectAttempts":0,"healthState":"not-running","lastInboundAt":null,"lastOutboundAt":null,"statusState":"not-linked","linked":false,"lastConnectedAt":null,"lastDisconnect":null,"lastMessageAt":null,"lastEventAt":null,"dmPolicy":"allowlist","allowFrom":["7982700657","+917982700657"],"authAgeMs":null,"self":{"e164":null,"jid":null,"lid":null}}}}},"channelOrder":["telegram","whatsapp"],"channelLabels":{"telegram":"Telegram","whatsapp":"WhatsApp"},"heartbeatSeconds":1800,"defaultAgentId":"maya","agents":[{"agentId":"maya","name":"Maya","isDefault":true,"heartbeat":{"enabled":true,"every":"30m","everyMs":1800000,"prompt":"Read HEARTBEAT.md if it exists (workspace context). Follow it strictly. Do not infer or repeat old tasks from prior chats. If nothing needs attention, reply HEARTBEAT_OK.","target":"none","ackMaxChars":300},"sessions":{"path":"C:\\Users\\mishs\\.openclaw\\agents\\maya\\sessions\\sessions.json","count":15,"recent":[{"key":"agent:maya:telegram:direct:1882996585","updatedAt":1784961262841,"age":1417},{"key":"agent:maya:dashboard:ab0bb3d3-5d2b-4bce-ab2b-89d2f78bc232","updatedAt":1784901210194,"age":60054064},{"key":"agent:maya:dashboard:77dfdfb2-27ae-44bb-86bf-8504c597c339","updatedAt":1784893234550,"age":68029708},{"key":"agent:maya:dashboard:bc35f7e9-7a1a-4902-83b5-7c19dac9f5df","updatedAt":1784875528811,"age":85735447},{"key":"agent:maya:main","updatedAt":1784631558276,"age":329705982}]}}],"sessions":{"path":"C:\\Users\\mishs\\.openclaw\\agents\\maya\\sessions\\sessions.json","count":15,"recent":[{"key":"agent:maya:telegram:direct:1882996585","updatedAt":1784961262841,"age":1417},{"key":"agent:maya:dashboard:ab0bb3d3-5d2b-4bce-ab2b-89d2f78bc232","updatedAt":1784901210194,"age":60054064},{"key":"agent:maya:dashboard:77dfdfb2-27ae-44bb-86bf-8504c597c339","updatedAt":1784893234550,"age":68029708},{"key":"agent:maya:dashboard:bc35f7e9-7a1a-4902-83b5-7c19dac9f5df","updatedAt":1784875528811,"age":85735447},{"key":"agent:maya:main","updatedAt":1784631558276,"age":329705982}]}},"seq":1,"stateVersion":{"presence":2,"health":2}}
{"type":"event","event":"health","payload":{"ok":true,"ts":1784961269151,"durationMs":124,"eventLoop":{"degraded":true,"reasons":["event_loop_delay"],"intervalMs":4776,"delayP99Ms":307.2,"delayMaxMs":1011.9,"utilization":0.369,"cpuCoreRatio":0.422},"plugins":{"loaded":["browser","canvas","codex","device-pair","file-transfer","google","memory-core","parallel","phone-control","talk-voice","telegram","whatsapp"],"errors":[]},"modelPricing":{"state":"ok","sources":[]},"channels":{"telegram":{"accountId":"default","enabled":true,"configured":true,"running":true,"lastStartAt":1784961263690,"lastStopAt":null,"lastError":null,"connected":false,"restartPending":false,"reconnectAttempts":0,"lastInboundAt":null,"lastOutboundAt":null,"tokenSource":"config","tokenStatus":"available","mode":"polling","allowUnmentionedGroups":false,"lastProbeAt":null,"accounts":{"default":{"accountId":"default","enabled":true,"configured":true,"running":true,"lastStartAt":1784961263690,"lastStopAt":null,"lastError":null,"connected":false,"restartPending":false,"reconnectAttempts":0,"lastInboundAt":null,"lastOutboundAt":null,"tokenSource":"config","tokenStatus":"available","mode":"polling","allowUnmentionedGroups":false,"lastProbeAt":null}}},"whatsapp":{"accountId":"default","enabled":true,"configured":false,"running":false,"lastStartAt":null,"lastStopAt":null,"lastError":"not linked","connected":false,"restartPending":false,"reconnectAttempts":0,"healthState":"not-running","lastInboundAt":null,"lastOutboundAt":null,"statusState":"not-linked","linked":false,"lastConnectedAt":null,"lastDisconnect":null,"lastMessageAt":null,"lastEventAt":null,"dmPolicy":"allowlist","allowFrom":["7982700657","+917982700657"],"authAgeMs":null,"self":{"e164":null,"jid":null,"lid":null},"accounts":{"default":{"accountId":"default","enabled":true,"configured":false,"running":false,"lastStartAt":null,"lastStopAt":null,"lastError":"not linked","connected":false,"restartPending":false,"reconnectAttempts":0,"healthState":"not-running","lastInboundAt":null,"lastOutboundAt":null,"statusState":"not-linked","linked":false,"lastConnectedAt":null,"lastDisconnect":null,"lastMessageAt":null,"lastEventAt":null,"dmPolicy":"allowlist","allowFrom":["7982700657","+917982700657"],"authAgeMs":null,"self":{"e164":null,"jid":null,"lid":null}}}}},"channelOrder":["telegram","whatsapp"],"channelLabels":{"telegram":"Telegram","whatsapp":"WhatsApp"},"heartbeatSeconds":1800,"defaultAgentId":"maya","agents":[{"agentId":"maya","name":"Maya","isDefault":true,"heartbeat":{"enabled":true,"every":"30m","everyMs":1800000,"prompt":"Read HEARTBEAT.md if it exists (workspace context). Follow it strictly. Do not infer or repeat old tasks from prior chats. If nothing needs attention, reply HEARTBEAT_OK.","target":"none","ackMaxChars":300},"sessions":{"path":"C:\\Users\\mishs\\.openclaw\\agents\\maya\\sessions\\sessions.json","count":15,"recent":[{"key":"agent:maya:telegram:direct:1882996585","updatedAt":1784961262841,"age":6186},{"key":"agent:maya:dashboard:ab0bb3d3-5d2b-4bce-ab2b-89d2f78bc232","updatedAt":1784901210194,"age":60058833},{"key":"agent:maya:dashboard:77dfdfb2-27ae-44bb-86bf-8504c597c339","updatedAt":1784893234550,"age":68034477},{"key":"agent:maya:dashboard:bc35f7e9-7a1a-4902-83b5-7c19dac9f5df","updatedAt":1784875528811,"age":85740216},{"key":"agent:maya:main","updatedAt":1784631558276,"age":329710751}]}}],"sessions":{"path":"C:\\Users\\mishs\\.openclaw\\agents\\maya\\sessions\\sessions.json","count":15,"recent":[{"key":"agent:maya:telegram:direct:1882996585","updatedAt":1784961262841,"age":6186},{"key":"agent:maya:dashboard:ab0bb3d3-5d2b-4bce-ab2b-89d2f78bc232","updatedAt":1784901210194,"age":60058833},{"key":"agent:maya:dashboard:77dfdfb2-27ae-44bb-86bf-8504c597c339","updatedAt":1784893234550,"age":68034477},{"key":"agent:maya:dashboard:bc35f7e9-7a1a-4902-83b5-7c19dac9f5df","updatedAt":1784875528811,"age":85740216},{"key":"agent:maya:main","updatedAt":1784631558276,"age":329710751}]}},"seq":2,"stateVersion":{"presence":3,"health":3}}
{"type":"event","event":"presence","payload":{"presence":[{"host":"mishita_soni","ip":"192.168.56.1","version":"2026.6.10","platform":"windows 10.0.26200","deviceFamily":"Windows","modelIdentifier":"x64","mode":"gateway","reason":"self","instanceId":"b1902188-42f1-4d15-80bb-9f40d1a643f6","text":"Gateway: mishita_soni (192.168.56.1) · app 2026.6.10 · mode gateway · reason self","ts":1784961269170},{"host":"gateway:agent","version":"2026.6.10","platform":"win32","mode":"backend","roles":["operator"],"scopes":["operator.write"],"instanceId":"1de04d8b-ce81-4ca3-bc91-16a7353cc971","reason":"disconnect","ts":1784961269169,"text":"Node: gateway:agent · mode backend"},{"host":"gateway-client","version":"1.0.0","platform":"windows","mode":"backend","roles":["operator"],"scopes":["operator.read","operator.write"],"reason":"connect","ts":1784961264247,"text":"Node: gateway-client · mode backend"}]},"seq":3,"stateVersion":{"presence":4,"health":3}}
{"type":"event","event":"presence","payload":{"presence":[{"host":"mishita_soni","ip":"192.168.56.1","version":"2026.6.10","platform":"windows 10.0.26200","deviceFamily":"Windows","modelIdentifier":"x64","mode":"gateway","reason":"self","instanceId":"b1902188-42f1-4d15-80bb-9f40d1a643f6","text":"Gateway: mishita_soni (192.168.56.1) · app 2026.6.10 · mode gateway · reason self","ts":1784961273146},{"host":"cli","version":"dev","platform":"win32","mode":"probe","deviceId":"24cec093fb6ab0f51af18adeb89ba0aa62b967bbc01c922e9d367bf79dcec5b4","roles":["operator"],"scopes":["operator.read"],"instanceId":"24cec093fb6ab0f51af18adeb89ba0aa62b967bbc01c922e9d367bf79dcec5b4","reason":"disconnect","ts":1784961273146,"text":"Node: cli · mode probe"},{"host":"gateway:agent","version":"2026.6.10","platform":"win32","mode":"backend","roles":["operator"],"scopes":["operator.write"],"instanceId":"1de04d8b-ce81-4ca3-bc91-16a7353cc971","reason":"disconnect","ts":1784961269169,"text":"Node: gateway:agent · mode backend"},{"host":"gateway-client","version":"1.0.0","platform":"windows","mode":"backend","roles":["operator"],"scopes":["operator.read","operator.write"],"reason":"connect","ts":1784961264247,"text":"Node: gateway-client · mode backend"}]},"seq":4,"stateVersion":{"presence":6,"health":3}}
{"type":"event","event":"health","payload":{"ok":true,"ts":1784961273152,"durationMs":79,"eventLoop":{"degraded":true,"reasons":["cpu"],"intervalMs":4046,"delayP99Ms":857.7,"delayMaxMs":994.1,"utilization":0.721,"cpuCoreRatio":2.174},"plugins":{"loaded":["browser","canvas","codex","device-pair","file-transfer","google","memory-core","parallel","phone-control","talk-voice","telegram","whatsapp"],"errors":[]},"modelPricing":{"state":"ok","sources":[]},"channels":{"telegram":{"accountId":"default","enabled":true,"configured":true,"running":true,"lastStartAt":1784961263690,"lastStopAt":null,"lastError":null,"connected":true,"restartPending":false,"reconnectAttempts":0,"lastConnectedAt":1784961272589,"lastEventAt":1784961272589,"lastTransportActivityAt":1784961272589,"lastInboundAt":null,"lastOutboundAt":null,"tokenSource":"config","tokenStatus":"available","mode":"polling","allowUnmentionedGroups":false,"lastProbeAt":null,"accounts":{"default":{"accountId":"default","enabled":true,"configured":true,"running":true,"lastStartAt":1784961263690,"lastStopAt":null,"lastError":null,"connected":true,"restartPending":false,"reconnectAttempts":0,"lastConnectedAt":1784961272589,"lastEventAt":1784961272589,"lastTransportActivityAt":1784961272589,"lastInboundAt":null,"lastOutboundAt":null,"tokenSource":"config","tokenStatus":"available","mode":"polling","allowUnmentionedGroups":false,"lastProbeAt":null}}},"whatsapp":{"accountId":"default","enabled":true,"configured":false,"running":false,"lastStartAt":null,"lastStopAt":null,"lastError":"not linked","connected":false,"restartPending":false,"reconnectAttempts":0,"healthState":"not-running","lastInboundAt":null,"lastOutboundAt":null,"statusState":"not-linked","linked":false,"lastConnectedAt":null,"lastDisconnect":null,"lastMessageAt":null,"lastEventAt":null,"dmPolicy":"allowlist","allowFrom":["7982700657","+917982700657"],"authAgeMs":null,"self":{"e164":null,"jid":null,"lid":null},"accounts":{"default":{"accountId":"default","enabled":true,"configured":false,"running":false,"lastStartAt":null,"lastStopAt":null,"lastError":"not linked","connected":false,"restartPending":false,"reconnectAttempts":0,"healthState":"not-running","lastInboundAt":null,"lastOutboundAt":null,"statusState":"not-linked","linked":false,"lastConnectedAt":null,"lastDisconnect":null,"lastMessageAt":null,"lastEventAt":null,"dmPolicy":"allowlist","allowFrom":["7982700657","+917982700657"],"authAgeMs":null,"self":{"e164":null,"jid":null,"lid":null}}}}},"channelOrder":["telegram","whatsapp"],"channelLabels":{"telegram":"Telegram","whatsapp":"WhatsApp"},"heartbeatSeconds":1800,"defaultAgentId":"maya","agents":[{"agentId":"maya","name":"Maya","isDefault":true,"heartbeat":{"enabled":true,"every":"30m","everyMs":1800000,"prompt":"Read HEARTBEAT.md if it exists (workspace context). Follow it strictly. Do not infer or repeat old tasks from prior chats. If nothing needs attention, reply HEARTBEAT_OK.","target":"none","ackMaxChars":300},"sessions":{"path":"C:\\Users\\mishs\\.openclaw\\agents\\maya\\sessions\\sessions.json","count":15,"recent":[{"key":"agent:maya:telegram:direct:1882996585","updatedAt":1784961271805,"age":1268},{"key":"agent:maya:dashboard:ab0bb3d3-5d2b-4bce-ab2b-89d2f78bc232","updatedAt":1784901210194,"age":60062879},{"key":"agent:maya:dashboard:77dfdfb2-27ae-44bb-86bf-8504c597c339","updatedAt":1784893234550,"age":68038523},{"key":"agent:maya:dashboard:bc35f7e9-7a1a-4902-83b5-7c19dac9f5df","updatedAt":1784875528811,"age":85744262},{"key":"agent:maya:main","updatedAt":1784631558276,"age":329714797}]}}],"sessions":{"path":"C:\\Users\\mishs\\.openclaw\\agents\\maya\\sessions\\sessions.json","count":15,"recent":[{"key":"agent:maya:telegram:direct:1882996585","updatedAt":1784961271805,"age":1268},{"key":"agent:maya:dashboard:ab0bb3d3-5d2b-4bce-ab2b-89d2f78bc232","updatedAt":1784901210194,"age":60062879},{"key":"agent:maya:dashboard:77dfdfb2-27ae-44bb-86bf-8504c597c339","updatedAt":1784893234550,"age":68038523},{"key":"agent:maya:dashboard:bc35f7e9-7a1a-4902-83b5-7c19dac9f5df","updatedAt":1784875528811,"age":85744262},{"key":"agent:maya:main","updatedAt":1784631558276,"age":329714797}]}},"seq":5,"stateVersion":{"presence":6,"health":4}}
{"type":"event","event":"agent","payload":{"runId":"4f264d5b-c8fe-4072-bfc0-96b7248c3da0","sessionKey":"agent:maya:telegram:direct:1882996585","sessionId":"32f60efd-eb4e-47a9-b0ca-042ebca16ba8","agentId":"maya","stream":"lifecycle","data":{"phase":"start","startedAt":1784961281915},"seq":1,"ts":1784961281915},"seq":6}
{"type":"event","event":"agent","payload":{"runId":"4f264d5b-c8fe-4072-bfc0-96b7248c3da0","stream":"assistant","data":{"text":"**Machine Learning (ML)** is the \"engine\" that powers modern AI.\n\nWhile traditional computer programs are built on","delta":"**Machine Learning (ML)** is the \"engine\" that powers modern AI.\n\nWhile traditional computer programs are built on"},"sessionKey":"agent:maya:telegram:direct:1882996585","seq":2,"ts":1784961284583},"seq":7}
{"type":"event","event":"chat","payload":{"runId":"4f264d5b-c8fe-4072-bfc0-96b7248c3da0","sessionKey":"agent:maya:telegram:direct:1882996585","seq":2,"state":"delta","deltaText":"**Machine Learning (ML)** is the \"engine\" that powers modern AI.\n\nWhile traditional computer programs are built on","message":{"role":"assistant","content":[{"type":"text","text":"**Machine Learning (ML)** is the \"engine\" that powers modern AI.\n\nWhile traditional computer programs are built on"}],"timestamp":1784961284599}},"seq":8}
{"type":"event","event":"agent","payload":{"runId":"4f264d5b-c8fe-4072-bfc0-96b7248c3da0","stream":"assistant","data":{"text":"**Machine Learning (ML)** is the \"engine\" that powers modern AI.\n\nWhile traditional computer programs are built on explicit instructions—like telling a computer, \"If you see *this*, do *that*\"—Machine Learning works differently","delta":" explicit instructions—like telling a computer, \"If you see *this*, do *that*\"—Machine Learning works differently"},"sessionKey":"agent:maya:telegram:direct:1882996585","seq":3,"ts":1784961284758},"seq":9}
{"type":"event","event":"chat","payload":{"runId":"4f264d5b-c8fe-4072-bfc0-96b7248c3da0","sessionKey":"agent:maya:telegram:direct:1882996585","seq":3,"state":"delta","deltaText":" explicit instructions—like telling a computer, \"If you see *this*, do *that*\"—Machine Learning works differently","message":{"role":"assistant","content":[{"type":"text","text":"**Machine Learning (ML)** is the \"engine\" that powers modern AI.\n\nWhile traditional computer programs are built on explicit instructions—like telling a computer, \"If you see *this*, do *that*\"—Machine Learning works differently"}],"timestamp":1784961284760}},"seq":10}
{"type":"event","event":"agent","payload":{"runId":"4f264d5b-c8fe-4072-bfc0-96b7248c3da0","stream":"assistant","data":{"text":"**Machine Learning (ML)** is the \"engine\" that powers modern AI.\n\nWhile traditional computer programs are built on explicit instructions—like telling a computer, \"If you see *this*, do *that*\"—Machine Learning works differently. With ML, we give the computer large amounts of data and let it \"learn\" the patterns itself, essentially teaching it to","delta":". With ML, we give the computer large amounts of data and let it \"learn\" the patterns itself, essentially teaching it to"},"sessionKey":"agent:maya:telegram:direct:1882996585","seq":4,"ts":1784961284888},"seq":11}
{"type":"event","event":"agent","payload":{"runId":"4f264d5b-c8fe-4072-bfc0-96b7248c3da0","stream":"assistant","data":{"text":"**Machine Learning (ML)** is the \"engine\" that powers modern AI.\n\nWhile traditional computer programs are built on explicit instructions—like telling a computer, \"If you see *this*, do *that*\"—Machine Learning works differently. With ML, we give the computer large amounts of data and let it \"learn\" the patterns itself, essentially teaching it to improve at a task through experience rather than manual programming.\n\nThink of it like learning to ride a bike: instead of reading","delta":" improve at a task through experience rather than manual programming.\n\nThink of it like learning to ride a bike: instead of reading"},"sessionKey":"agent:maya:telegram:direct:1882996585","seq":5,"ts":1784961284947},"seq":12}
{"type":"event","event":"chat","payload":{"runId":"4f264d5b-c8fe-4072-bfc0-96b7248c3da0","sessionKey":"agent:maya:telegram:direct:1882996585","seq":5,"state":"delta","deltaText":". With ML, we give the computer large amounts of data and let it \"learn\" the patterns itself, essentially teaching it to improve at a task through experience rather than manual programming.\n\nThink of it like learning to ride a bike: instead of reading","message":{"role":"assistant","content":[{"type":"text","text":"**Machine Learning (ML)** is the \"engine\" that powers modern AI.\n\nWhile traditional computer programs are built on explicit instructions—like telling a computer, \"If you see *this*, do *that*\"—Machine Learning works differently. With ML, we give the computer large amounts of data and let it \"learn\" the patterns itself, essentially teaching it to improve at a task through experience rather than manual programming.\n\nThink of it like learning to ride a bike: instead of reading"}],"timestamp":1784961284950}},"seq":13}
{"type":"event","event":"agent","payload":{"runId":"4f264d5b-c8fe-4072-bfc0-96b7248c3da0","stream":"assistant","data":{"text":"**Machine Learning (ML)** is the \"engine\" that powers modern AI.\n\nWhile traditional computer programs are built on explicit instructions—like telling a computer, \"If you see *this*, do *that*\"—Machine Learning works differently. With ML, we give the computer large amounts of data and let it \"learn\" the patterns itself, essentially teaching it to improve at a task through experience rather than manual programming.\n\nThink of it like learning to ride a bike: instead of reading a manual on physics and balance, you get on the bike, wobble a bit, and your brain adjusts until you get it","delta":" a manual on physics and balance, you get on the bike, wobble a bit, and your brain adjusts until you get it"},"sessionKey":"agent:maya:telegram:direct:1882996585","seq":6,"ts":1784961285034},"seq":14}
{"type":"event","event":"agent","payload":{"runId":"4f264d5b-c8fe-4072-bfc0-96b7248c3da0","stream":"assistant","data":{"text":"**Machine Learning (ML)** is the \"engine\" that powers modern AI.\n\nWhile traditional computer programs are built on explicit instructions—like telling a computer, \"If you see *this*, do *that*\"—Machine Learning works differently. With ML, we give the computer large amounts of data and let it \"learn\" the patterns itself, essentially teaching it to improve at a task through experience rather than manual programming.\n\nThink of it like learning to ride a bike: instead of reading a manual on physics and balance, you get on the bike, wobble a bit, and your brain adjusts until you get it right. ML is how we train systems to recognize photos, predict stock trends, or even power an LLM's language","delta":" right. ML is how we train systems to recognize photos, predict stock trends, or even power an LLM's language"},"sessionKey":"agent:maya:telegram:direct:1882996585","seq":7,"ts":1784961285198},"seq":15}
{"type":"event","event":"chat","payload":{"runId":"4f264d5b-c8fe-4072-bfc0-96b7248c3da0","sessionKey":"agent:maya:telegram:direct:1882996585","seq":7,"state":"delta","deltaText":" a manual on physics and balance, you get on the bike, wobble a bit, and your brain adjusts until you get it right. ML is how we train systems to recognize photos, predict stock trends, or even power an LLM's language","message":{"role":"assistant","content":[{"type":"text","text":"**Machine Learning (ML)** is the \"engine\" that powers modern AI.\n\nWhile traditional computer programs are built on explicit instructions—like telling a computer, \"If you see *this*, do *that*\"—Machine Learning works differently. With ML, we give the computer large amounts of data and let it \"learn\" the patterns itself, essentially teaching it to improve at a task through experience rather than manual programming.\n\nThink of it like learning to ride a bike: instead of reading a manual on physics and balance, you get on the bike, wobble a bit, and your brain adjusts until you get it right. ML is how we train systems to recognize photos, predict stock trends, or even power an LLM's language"}],"timestamp":1784961285201}},"seq":16}
{"type":"event","event":"agent","payload":{"runId":"4f264d5b-c8fe-4072-bfc0-96b7248c3da0","stream":"assistant","data":{"text":"**Machine Learning (ML)** is the \"engine\" that powers modern AI.\n\nWhile traditional computer programs are built on explicit instructions—like telling a computer, \"If you see *this*, do *that*\"—Machine Learning works differently. With ML, we give the computer large amounts of data and let it \"learn\" the patterns itself, essentially teaching it to improve at a task through experience rather than manual programming.\n\nThink of it like learning to ride a bike: instead of reading a manual on physics and balance, you get on the bike, wobble a bit, and your brain adjusts until you get it right. ML is how we train systems to recognize photos, predict stock trends, or even power an LLM's language skills.\n\nDoes it make sense how ML serves as the foundation for the AI we were just discussing, or were you curious about how","delta":" skills.\n\nDoes it make sense how ML serves as the foundation for the AI we were just discussing, or were you curious about how"},"sessionKey":"agent:maya:telegram:direct:1882996585","seq":8,"ts":1784961285316},"seq":17}
{"type":"event","event":"agent","payload":{"runId":"4f264d5b-c8fe-4072-bfc0-96b7248c3da0","stream":"assistant","data":{"text":"**Machine Learning (ML)** is the \"engine\" that powers modern AI.\n\nWhile traditional computer programs are built on explicit instructions—like telling a computer, \"If you see *this*, do *that*\"—Machine Learning works differently. With ML, we give the computer large amounts of data and let it \"learn\" the patterns itself, essentially teaching it to improve at a task through experience rather than manual programming.\n\nThink of it like learning to ride a bike: instead of reading a manual on physics and balance, you get on the bike, wobble a bit, and your brain adjusts until you get it right. ML is how we train systems to recognize photos, predict stock trends, or even power an LLM's language skills.\n\nDoes it make sense how ML serves as the foundation for the AI we were just discussing, or were you curious about how it's actually applied in real-world projects?","delta":" it's actually applied in real-world projects?"},"sessionKey":"agent:maya:telegram:direct:1882996585","seq":9,"ts":1784961285384},"seq":18}
{"type":"event","event":"chat","payload":{"runId":"4f264d5b-c8fe-4072-bfc0-96b7248c3da0","sessionKey":"agent:maya:telegram:direct:1882996585","seq":9,"state":"delta","deltaText":" skills.\n\nDoes it make sense how ML serves as the foundation for the AI we were just discussing, or were you curious about how it's actually applied in real-world projects?","message":{"role":"assistant","content":[{"type":"text","text":"**Machine Learning (ML)** is the \"engine\" that powers modern AI.\n\nWhile traditional computer programs are built on explicit instructions—like telling a computer, \"If you see *this*, do *that*\"—Machine Learning works differently. With ML, we give the computer large amounts of data and let it \"learn\" the patterns itself, essentially teaching it to improve at a task through experience rather than manual programming.\n\nThink of it like learning to ride a bike: instead of reading a manual on physics and balance, you get on the bike, wobble a bit, and your brain adjusts until you get it right. ML is how we train systems to recognize photos, predict stock trends, or even power an LLM's language skills.\n\nDoes it make sense how ML serves as the foundation for the AI we were just discussing, or were you curious about how it's actually applied in real-world projects?"}],"timestamp":1784961285388}},"seq":19}
{"type":"event","event":"agent","payload":{"runId":"4f264d5b-c8fe-4072-bfc0-96b7248c3da0","sessionKey":"agent:maya:telegram:direct:1882996585","sessionId":"32f60efd-eb4e-47a9-b0ca-042ebca16ba8","agentId":"maya","stream":"lifecycle","data":{"phase":"finishing","stopReason":"stop","aborted":false,"livenessState":"working","endedAt":1784961285418},"seq":10,"ts":1784961285418},"seq":20}
{"type":"event","event":"agent","payload":{"runId":"4f264d5b-c8fe-4072-bfc0-96b7248c3da0","stream":"lifecycle","data":{"phase":"end","startedAt":1784961269723,"endedAt":1784961290279,"aborted":false,"stopReason":"stop"},"sessionKey":"agent:maya:telegram:direct:1882996585","sessionId":"32f60efd-eb4e-47a9-b0ca-042ebca16ba8","seq":11,"ts":1784961290279},"seq":21}
{"type":"event","event":"chat","payload":{"runId":"4f264d5b-c8fe-4072-bfc0-96b7248c3da0","sessionKey":"agent:maya:telegram:direct:1882996585","seq":11,"state":"final","stopReason":"stop","message":{"role":"assistant","content":[{"type":"text","text":"**Machine Learning (ML)** is the \"engine\" that powers modern AI.\n\nWhile traditional computer programs are built on explicit instructions—like telling a computer, \"If you see *this*, do *that*\"—Machine Learning works differently. With ML, we give the computer large amounts of data and let it \"learn\" the patterns itself, essentially teaching it to improve at a task through experience rather than manual programming.\n\nThink of it like learning to ride a bike: instead of reading a manual on physics and balance, you get on the bike, wobble a bit, and your brain adjusts until you get it right. ML is how we train systems to recognize photos, predict stock trends, or even power an LLM's language skills.\n\nDoes it make sense how ML serves as the foundation for the AI we were just discussing, or were you curious about how it's actually applied in real-world projects?"}],"timestamp":1784961290282}},"seq":22}
{"type":"event","event":"tick","payload":{"ts":1784961296272},"seq":23}
{"type":"event","event":"health","payload":{"ok":true,"ts":1784961324657,"durationMs":132,"eventLoop":{"degraded":true,"reasons":["event_loop_delay"],"intervalMs":51451,"delayP99Ms":299.9,"delayMaxMs":4861.2,"utilization":0.493,"cpuCoreRatio":0.594},"plugins":{"loaded":["browser","canvas","codex","device-pair","file-transfer","google","memory-core","parallel","phone-control","talk-voice","telegram","whatsapp"],"errors":[]},"modelPricing":{"state":"ok","sources":[]},"channels":{"telegram":{"accountId":"default","enabled":true,"configured":true,"running":true,"lastStartAt":1784961263690,"lastStopAt":null,"lastError":null,"connected":true,"restartPending":false,"reconnectAttempts":0,"lastConnectedAt":1784961302904,"lastEventAt":1784961302904,"lastTransportActivityAt":1784961302904,"lastInboundAt":null,"lastOutboundAt":null,"tokenSource":"config","tokenStatus":"available","mode":"polling","allowUnmentionedGroups":false,"lastProbeAt":null,"accounts":{"default":{"accountId":"default","enabled":true,"configured":true,"running":true,"lastStartAt":1784961263690,"lastStopAt":null,"lastError":null,"connected":true,"restartPending":false,"reconnectAttempts":0,"lastConnectedAt":1784961302904,"lastEventAt":1784961302904,"lastTransportActivityAt":1784961302904,"lastInboundAt":null,"lastOutboundAt":null,"tokenSource":"config","tokenStatus":"available","mode":"polling","allowUnmentionedGroups":false,"lastProbeAt":null}}},"whatsapp":{"accountId":"default","enabled":true,"configured":false,"running":false,"lastStartAt":null,"lastStopAt":null,"lastError":"not linked","connected":false,"restartPending":false,"reconnectAttempts":0,"healthState":"not-running","lastInboundAt":null,"lastOutboundAt":null,"statusState":"not-linked","linked":false,"lastConnectedAt":null,"lastDisconnect":null,"lastMessageAt":null,"lastEventAt":null,"dmPolicy":"allowlist","allowFrom":["7982700657","+917982700657"],"authAgeMs":null,"self":{"e164":null,"jid":null,"lid":null},"accounts":{"default":{"accountId":"default","enabled":true,"configured":false,"running":false,"lastStartAt":null,"lastStopAt":null,"lastError":"not linked","connected":false,"restartPending":false,"reconnectAttempts":0,"healthState":"not-running","lastInboundAt":null,"lastOutboundAt":null,"statusState":"not-linked","linked":false,"lastConnectedAt":null,"lastDisconnect":null,"lastMessageAt":null,"lastEventAt":null,"dmPolicy":"allowlist","allowFrom":["7982700657","+917982700657"],"authAgeMs":null,"self":{"e164":null,"jid":null,"lid":null}}}}},"channelOrder":["telegram","whatsapp"],"channelLabels":{"telegram":"Telegram","whatsapp":"WhatsApp"},"heartbeatSeconds":1800,"defaultAgentId":"maya","agents":[{"agentId":"maya","name":"Maya","isDefault":true,"heartbeat":{"enabled":true,"every":"30m","everyMs":1800000,"prompt":"Read HEARTBEAT.md if it exists (workspace context). Follow it strictly. Do not infer or repeat old tasks from prior chats. If nothing needs attention, reply HEARTBEAT_OK.","target":"none","ackMaxChars":300},"sessions":{"path":"C:\\Users\\mishs\\.openclaw\\agents\\maya\\sessions\\sessions.json","count":15,"recent":[{"key":"agent:maya:telegram:direct:1882996585","updatedAt":1784961312862,"age":11663},{"key":"agent:maya:dashboard:ab0bb3d3-5d2b-4bce-ab2b-89d2f78bc232","updatedAt":1784901210194,"age":60114331},{"key":"agent:maya:dashboard:77dfdfb2-27ae-44bb-86bf-8504c597c339","updatedAt":1784893234550,"age":68089975},{"key":"agent:maya:dashboard:bc35f7e9-7a1a-4902-83b5-7c19dac9f5df","updatedAt":1784875528811,"age":85795714},{"key":"agent:maya:main","updatedAt":1784631558276,"age":329766249}]}}],"sessions":{"path":"C:\\Users\\mishs\\.openclaw\\agents\\maya\\sessions\\sessions.json","count":15,"recent":[{"key":"agent:maya:telegram:direct:1882996585","updatedAt":1784961312862,"age":11663},{"key":"agent:maya:dashboard:ab0bb3d3-5d2b-4bce-ab2b-89d2f78bc232","updatedAt":1784901210194,"age":60114331},{"key":"agent:maya:dashboard:77dfdfb2-27ae-44bb-86bf-8504c597c339","updatedAt":1784893234550,"age":68089975},{"key":"agent:maya:dashboard:bc35f7e9-7a1a-4902-83b5-7c19dac9f5df","updatedAt":1784875528811,"age":85795714},{"key":"agent:maya:main","updatedAt":1784631558276,"age":329766249}]}},"seq":24,"stateVersion":{"presence":6,"health":5}}
{"type":"event","event":"tick","payload":{"ts":1784961326281},"seq":25}
{"type":"event","event":"tick","payload":{"ts":1784961356280},"seq":26}
{"type":"event","event":"health","payload":{"ok":true,"ts":1784961384636,"durationMs":101,"eventLoop":{"degraded":false,"reasons":[],"intervalMs":60007,"delayP99Ms":46.1,"delayMaxMs":46.9,"utilization":0.011,"cpuCoreRatio":0.018},"plugins":{"loaded":["browser","canvas","codex","device-pair","file-transfer","google","memory-core","parallel","phone-control","talk-voice","telegram","whatsapp"],"errors":[]},"modelPricing":{"state":"ok","sources":[]},"channels":{"telegram":{"accountId":"default","enabled":true,"configured":true,"running":true,"lastStartAt":1784961263690,"lastStopAt":null,"lastError":null,"connected":true,"restartPending":false,"reconnectAttempts":0,"lastConnectedAt":1784961364305,"lastEventAt":1784961364305,"lastTransportActivityAt":1784961364305,"lastInboundAt":null,"lastOutboundAt":null,"tokenSource":"config","tokenStatus":"available","mode":"polling","allowUnmentionedGroups":false,"lastProbeAt":null,"accounts":{"default":{"accountId":"default","enabled":true,"configured":true,"running":true,"lastStartAt":1784961263690,"lastStopAt":null,"lastError":null,"connected":true,"restartPending":false,"reconnectAttempts":0,"lastConnectedAt":1784961364305,"lastEventAt":1784961364305,"lastTransportActivityAt":1784961364305,"lastInboundAt":null,"lastOutboundAt":null,"tokenSource":"config","tokenStatus":"available","mode":"polling","allowUnmentionedGroups":false,"lastProbeAt":null}}},"whatsapp":{"accountId":"default","enabled":true,"configured":false,"running":false,"lastStartAt":null,"lastStopAt":null,"lastError":"not linked","connected":false,"restartPending":false,"reconnectAttempts":0,"healthState":"not-running","lastInboundAt":null,"lastOutboundAt":null,"statusState":"not-linked","linked":false,"lastConnectedAt":null,"lastDisconnect":null,"lastMessageAt":null,"lastEventAt":null,"dmPolicy":"allowlist","allowFrom":["7982700657","+917982700657"],"authAgeMs":null,"self":{"e164":null,"jid":null,"lid":null},"accounts":{"default":{"accountId":"default","enabled":true,"configured":false,"running":false,"lastStartAt":null,"lastStopAt":null,"lastError":"not linked","connected":false,"restartPending":false,"reconnectAttempts":0,"healthState":"not-running","lastInboundAt":null,"lastOutboundAt":null,"statusState":"not-linked","linked":false,"lastConnectedAt":null,"lastDisconnect":null,"lastMessageAt":null,"lastEventAt":null,"dmPolicy":"allowlist","allowFrom":["7982700657","+917982700657"],"authAgeMs":null,"self":{"e164":null,"jid":null,"lid":null}}}}},"channelOrder":["telegram","whatsapp"],"channelLabels":{"telegram":"Telegram","whatsapp":"WhatsApp"},"heartbeatSeconds":1800,"defaultAgentId":"maya","agents":[{"agentId":"maya","name":"Maya","isDefault":true,"heartbeat":{"enabled":true,"every":"30m","everyMs":1800000,"prompt":"Read HEARTBEAT.md if it exists (workspace context). Follow it strictly. Do not infer or repeat old tasks from prior chats. If nothing needs attention, reply HEARTBEAT_OK.","target":"none","ackMaxChars":300},"sessions":{"path":"C:\\Users\\mishs\\.openclaw\\agents\\maya\\sessions\\sessions.json","count":15,"recent":[{"key":"agent:maya:telegram:direct:1882996585","updatedAt":1784961312862,"age":71673},{"key":"agent:maya:dashboard:ab0bb3d3-5d2b-4bce-ab2b-89d2f78bc232","updatedAt":1784901210194,"age":60174341},{"key":"agent:maya:dashboard:77dfdfb2-27ae-44bb-86bf-8504c597c339","updatedAt":1784893234550,"age":68149985},{"key":"agent:maya:dashboard:bc35f7e9-7a1a-4902-83b5-7c19dac9f5df","updatedAt":1784875528811,"age":85855724},{"key":"agent:maya:main","updatedAt":1784631558276,"age":329826259}]}}],"sessions":{"path":"C:\\Users\\mishs\\.openclaw\\agents\\maya\\sessions\\sessions.json","count":15,"recent":[{"key":"agent:maya:telegram:direct:1882996585","updatedAt":1784961312862,"age":71673},{"key":"agent:maya:dashboard:ab0bb3d3-5d2b-4bce-ab2b-89d2f78bc232","updatedAt":1784901210194,"age":60174341},{"key":"agent:maya:dashboard:77dfdfb2-27ae-44bb-86bf-8504c597c339","updatedAt":1784893234550,"age":68149985},{"key":"agent:maya:dashboard:bc35f7e9-7a1a-4902-83b5-7c19dac9f5df","updatedAt":1784875528811,"age":85855724},{"key":"agent:maya:main","updatedAt":1784631558276,"age":329826259}]}},"seq":27,"stateVersion":{"presence":6,"health":6}}
{"type":"event","event":"tick","payload":{"ts":1784961386293},"seq":28}
{"type":"event","event":"tick","payload":{"ts":1784961416294},"seq":29}
{"type":"event","event":"health","payload":{"ok":true,"ts":1784961444655,"durationMs":118,"eventLoop":{"degraded":false,"reasons":[],"intervalMs":60001,"delayP99Ms":45.8,"delayMaxMs":46.8,"utilization":0.008,"cpuCoreRatio":0.01},"plugins":{"loaded":["browser","canvas","codex","device-pair","file-transfer","google","memory-core","parallel","phone-control","talk-voice","telegram","whatsapp"],"errors":[]},"modelPricing":{"state":"ok","sources":[]},"channels":{"telegram":{"accountId":"default","enabled":true,"configured":true,"running":true,"lastStartAt":1784961263690,"lastStopAt":null,"lastError":null,"connected":true,"restartPending":false,"reconnectAttempts":0,"lastConnectedAt":1784961425658,"lastEventAt":1784961425658,"lastTransportActivityAt":1784961425658,"lastInboundAt":null,"lastOutboundAt":null,"tokenSource":"config","tokenStatus":"available","mode":"polling","allowUnmentionedGroups":false,"lastProbeAt":null,"accounts":{"default":{"accountId":"default","enabled":true,"configured":true,"running":true,"lastStartAt":1784961263690,"lastStopAt":null,"lastError":null,"connected":true,"restartPending":false,"reconnectAttempts":0,"lastConnectedAt":1784961425658,"lastEventAt":1784961425658,"lastTransportActivityAt":1784961425658,"lastInboundAt":null,"lastOutboundAt":null,"tokenSource":"config","tokenStatus":"available","mode":"polling","allowUnmentionedGroups":false,"lastProbeAt":null}}},"whatsapp":{"accountId":"default","enabled":true,"configured":false,"running":false,"lastStartAt":null,"lastStopAt":null,"lastError":"not linked","connected":false,"restartPending":false,"reconnectAttempts":0,"healthState":"not-running","lastInboundAt":null,"lastOutboundAt":null,"statusState":"not-linked","linked":false,"lastConnectedAt":null,"lastDisconnect":null,"lastMessageAt":null,"lastEventAt":null,"dmPolicy":"allowlist","allowFrom":["7982700657","+917982700657"],"authAgeMs":null,"self":{"e164":null,"jid":null,"lid":null},"accounts":{"default":{"accountId":"default","enabled":true,"configured":false,"running":false,"lastStartAt":null,"lastStopAt":null,"lastError":"not linked","connected":false,"restartPending":false,"reconnectAttempts":0,"healthState":"not-running","lastInboundAt":null,"lastOutboundAt":null,"statusState":"not-linked","linked":false,"lastConnectedAt":null,"lastDisconnect":null,"lastMessageAt":null,"lastEventAt":null,"dmPolicy":"allowlist","allowFrom":["7982700657","+917982700657"],"authAgeMs":null,"self":{"e164":null,"jid":null,"lid":null}}}}},"channelOrder":["telegram","whatsapp"],"channelLabels":{"telegram":"Telegram","whatsapp":"WhatsApp"},"heartbeatSeconds":1800,"defaultAgentId":"maya","agents":[{"agentId":"maya","name":"Maya","isDefault":true,"heartbeat":{"enabled":true,"every":"30m","everyMs":1800000,"prompt":"Read HEARTBEAT.md if it exists (workspace context). Follow it strictly. Do not infer or repeat old tasks from prior chats. If nothing needs attention, reply HEARTBEAT_OK.","target":"none","ackMaxChars":300},"sessions":{"path":"C:\\Users\\mishs\\.openclaw\\agents\\maya\\sessions\\sessions.json","count":15,"recent":[{"key":"agent:maya:telegram:direct:1882996585","updatedAt":1784961312862,"age":131675},{"key":"agent:maya:dashboard:ab0bb3d3-5d2b-4bce-ab2b-89d2f78bc232","updatedAt":1784901210194,"age":60234343},{"key":"agent:maya:dashboard:77dfdfb2-27ae-44bb-86bf-8504c597c339","updatedAt":1784893234550,"age":68209987},{"key":"agent:maya:dashboard:bc35f7e9-7a1a-4902-83b5-7c19dac9f5df","updatedAt":1784875528811,"age":85915726},{"key":"agent:maya:main","updatedAt":1784631558276,"age":329886261}]}}],"sessions":{"path":"C:\\Users\\mishs\\.openclaw\\agents\\maya\\sessions\\sessions.json","count":15,"recent":[{"key":"agent:maya:telegram:direct:1882996585","updatedAt":1784961312862,"age":131675},{"key":"agent:maya:dashboard:ab0bb3d3-5d2b-4bce-ab2b-89d2f78bc232","updatedAt":1784901210194,"age":60234343},{"key":"agent:maya:dashboard:77dfdfb2-27ae-44bb-86bf-8504c597c339","updatedAt":1784893234550,"age":68209987},{"key":"agent:maya:dashboard:bc35f7e9-7a1a-4902-83b5-7c19dac9f5df","updatedAt":1784875528811,"age":85915726},{"key":"agent:maya:main","updatedAt":1784631558276,"age":329886261}]}},"seq":30,"stateVersion":{"presence":6,"health":7}}
{"type":"event","event":"tick","payload":{"ts":1784961446294},"seq":31}
{"type":"event","event":"tick","payload":{"ts":1784961476308},"seq":32}
{"type":"event","event":"health","payload":{"ok":true,"ts":1784961504677,"durationMs":138,"eventLoop":{"degraded":false,"reasons":[],"intervalMs":60002,"delayP99Ms":46,"delayMaxMs":47.3,"utilization":0.008,"cpuCoreRatio":0.007},"plugins":{"loaded":["browser","canvas","codex","device-pair","file-transfer","google","memory-core","parallel","phone-control","talk-voice","telegram","whatsapp"],"errors":[]},"modelPricing":{"state":"ok","sources":[]},"channels":{"telegram":{"accountId":"default","enabled":true,"configured":true,"running":true,"lastStartAt":1784961263690,"lastStopAt":null,"lastError":null,"connected":true,"restartPending":false,"reconnectAttempts":0,"lastConnectedAt":1784961488759,"lastEventAt":1784961488759,"lastTransportActivityAt":1784961488759,"lastInboundAt":null,"lastOutboundAt":null,"tokenSource":"config","tokenStatus":"available","mode":"polling","allowUnmentionedGroups":false,"lastProbeAt":null,"accounts":{"default":{"accountId":"default","enabled":true,"configured":true,"running":true,"lastStartAt":1784961263690,"lastStopAt":null,"lastError":null,"connected":true,"restartPending":false,"reconnectAttempts":0,"lastConnectedAt":1784961488759,"lastEventAt":1784961488759,"lastTransportActivityAt":1784961488759,"lastInboundAt":null,"lastOutboundAt":null,"tokenSource":"config","tokenStatus":"available","mode":"polling","allowUnmentionedGroups":false,"lastProbeAt":null}}},"whatsapp":{"accountId":"default","enabled":true,"configured":false,"running":false,"lastStartAt":null,"lastStopAt":null,"lastError":"not linked","connected":false,"restartPending":false,"reconnectAttempts":0,"healthState":"not-running","lastInboundAt":null,"lastOutboundAt":null,"statusState":"not-linked","linked":false,"lastConnectedAt":null,"lastDisconnect":null,"lastMessageAt":null,"lastEventAt":null,"dmPolicy":"allowlist","allowFrom":["7982700657","+917982700657"],"authAgeMs":null,"self":{"e164":null,"jid":null,"lid":null},"accounts":{"default":{"accountId":"default","enabled":true,"configured":false,"running":false,"lastStartAt":null,"lastStopAt":null,"lastError":"not linked","connected":false,"restartPending":false,"reconnectAttempts":0,"healthState":"not-running","lastInboundAt":null,"lastOutboundAt":null,"statusState":"not-linked","linked":false,"lastConnectedAt":null,"lastDisconnect":null,"lastMessageAt":null,"lastEventAt":null,"dmPolicy":"allowlist","allowFrom":["7982700657","+917982700657"],"authAgeMs":null,"self":{"e164":null,"jid":null,"lid":null}}}}},"channelOrder":["telegram","whatsapp"],"channelLabels":{"telegram":"Telegram","whatsapp":"WhatsApp"},"heartbeatSeconds":1800,"defaultAgentId":"maya","agents":[{"agentId":"maya","name":"Maya","isDefault":true,"heartbeat":{"enabled":true,"every":"30m","everyMs":1800000,"prompt":"Read HEARTBEAT.md if it exists (workspace context). Follow it strictly. Do not infer or repeat old tasks from prior chats. If nothing needs attention, reply HEARTBEAT_OK.","target":"none","ackMaxChars":300},"sessions":{"path":"C:\\Users\\mishs\\.openclaw\\agents\\maya\\sessions\\sessions.json","count":15,"recent":[{"key":"agent:maya:telegram:direct:1882996585","updatedAt":1784961312862,"age":191677},{"key":"agent:maya:dashboard:ab0bb3d3-5d2b-4bce-ab2b-89d2f78bc232","updatedAt":1784901210194,"age":60294345},{"key":"agent:maya:dashboard:77dfdfb2-27ae-44bb-86bf-8504c597c339","updatedAt":1784893234550,"age":68269989},{"key":"agent:maya:dashboard:bc35f7e9-7a1a-4902-83b5-7c19dac9f5df","updatedAt":1784875528811,"age":85975728},{"key":"agent:maya:main","updatedAt":1784631558276,"age":329946263}]}}],"sessions":{"path":"C:\\Users\\mishs\\.openclaw\\agents\\maya\\sessions\\sessions.json","count":15,"recent":[{"key":"agent:maya:telegram:direct:1882996585","updatedAt":1784961312862,"age":191677},{"key":"agent:maya:dashboard:ab0bb3d3-5d2b-4bce-ab2b-89d2f78bc232","updatedAt":1784901210194,"age":60294345},{"key":"agent:maya:dashboard:77dfdfb2-27ae-44bb-86bf-8504c597c339","updatedAt":1784893234550,"age":68269989},{"key":"agent:maya:dashboard:bc35f7e9-7a1a-4902-83b5-7c19dac9f5df","updatedAt":1784875528811,"age":85975728},{"key":"agent:maya:main","updatedAt":1784631558276,"age":329946263}]}},"seq":33,"stateVersion":{"presence":6,"health":8}}
{"type":"event","event":"tick","payload":{"ts":1784961506313},"seq":34}
{"type":"event","event":"tick","payload":{"ts":1784961536319},"seq":35}
{"type":"event","event":"health","payload":{"ok":true,"ts":1784961564637,"durationMs":94,"eventLoop":{"degraded":false,"reasons":[],"intervalMs":60005,"delayP99Ms":46.1,"delayMaxMs":47,"utilization":0.008,"cpuCoreRatio":0.007},"plugins":{"loaded":["browser","canvas","codex","device-pair","file-transfer","google","memory-core","parallel","phone-control","talk-voice","telegram","whatsapp"],"errors":[]},"modelPricing":{"state":"ok","sources":[]},"channels":{"telegram":{"accountId":"default","enabled":true,"configured":true,"running":true,"lastStartAt":1784961263690,"lastStopAt":null,"lastError":null,"connected":true,"restartPending":false,"reconnectAttempts":0,"lastConnectedAt":1784961550494,"lastEventAt":1784961550494,"lastTransportActivityAt":1784961550494,"lastInboundAt":null,"lastOutboundAt":null,"tokenSource":"config","tokenStatus":"available","mode":"polling","allowUnmentionedGroups":false,"lastProbeAt":null,"accounts":{"default":{"accountId":"default","enabled":true,"configured":true,"running":true,"lastStartAt":1784961263690,"lastStopAt":null,"lastError":null,"connected":true,"restartPending":false,"reconnectAttempts":0,"lastConnectedAt":1784961550494,"lastEventAt":1784961550494,"lastTransportActivityAt":1784961550494,"lastInboundAt":null,"lastOutboundAt":null,"tokenSource":"config","tokenStatus":"available","mode":"polling","allowUnmentionedGroups":false,"lastProbeAt":null}}},"whatsapp":{"accountId":"default","enabled":true,"configured":false,"running":false,"lastStartAt":null,"lastStopAt":null,"lastError":"not linked","connected":false,"restartPending":false,"reconnectAttempts":0,"healthState":"not-running","lastInboundAt":null,"lastOutboundAt":null,"statusState":"not-linked","linked":false,"lastConnectedAt":null,"lastDisconnect":null,"lastMessageAt":null,"lastEventAt":null,"dmPolicy":"allowlist","allowFrom":["7982700657","+917982700657"],"authAgeMs":null,"self":{"e164":null,"jid":null,"lid":null},"accounts":{"default":{"accountId":"default","enabled":true,"configured":false,"running":false,"lastStartAt":null,"lastStopAt":null,"lastError":"not linked","connected":false,"restartPending":false,"reconnectAttempts":0,"healthState":"not-running","lastInboundAt":null,"lastOutboundAt":null,"statusState":"not-linked","linked":false,"lastConnectedAt":null,"lastDisconnect":null,"lastMessageAt":null,"lastEventAt":null,"dmPolicy":"allowlist","allowFrom":["7982700657","+917982700657"],"authAgeMs":null,"self":{"e164":null,"jid":null,"lid":null}}}}},"channelOrder":["telegram","whatsapp"],"channelLabels":{"telegram":"Telegram","whatsapp":"WhatsApp"},"heartbeatSeconds":1800,"defaultAgentId":"maya","agents":[{"agentId":"maya","name":"Maya","isDefault":true,"heartbeat":{"enabled":true,"every":"30m","everyMs":1800000,"prompt":"Read HEARTBEAT.md if it exists (workspace context). Follow it strictly. Do not infer or repeat old tasks from prior chats. If nothing needs attention, reply HEARTBEAT_OK.","target":"none","ackMaxChars":300},"sessions":{"path":"C:\\Users\\mishs\\.openclaw\\agents\\maya\\sessions\\sessions.json","count":15,"recent":[{"key":"agent:maya:telegram:direct:1882996585","updatedAt":1784961312862,"age":251681},{"key":"agent:maya:dashboard:ab0bb3d3-5d2b-4bce-ab2b-89d2f78bc232","updatedAt":1784901210194,"age":60354349},{"key":"agent:maya:dashboard:77dfdfb2-27ae-44bb-86bf-8504c597c339","updatedAt":1784893234550,"age":68329993},{"key":"agent:maya:dashboard:bc35f7e9-7a1a-4902-83b5-7c19dac9f5df","updatedAt":1784875528811,"age":86035732},{"key":"agent:maya:main","updatedAt":1784631558276,"age":330006267}]}}],"sessions":{"path":"C:\\Users\\mishs\\.openclaw\\agents\\maya\\sessions\\sessions.json","count":15,"recent":[{"key":"agent:maya:telegram:direct:1882996585","updatedAt":1784961312862,"age":251681},{"key":"agent:maya:dashboard:ab0bb3d3-5d2b-4bce-ab2b-89d2f78bc232","updatedAt":1784901210194,"age":60354349},{"key":"agent:maya:dashboard:77dfdfb2-27ae-44bb-86bf-8504c597c339","updatedAt":1784893234550,"age":68329993},{"key":"agent:maya:dashboard:bc35f7e9-7a1a-4902-83b5-7c19dac9f5df","updatedAt":1784875528811,"age":86035732},{"key":"agent:maya:main","updatedAt":1784631558276,"age":330006267}]}},"seq":36,"stateVersion":{"presence":6,"health":9}}
{"type":"event","event":"tick","payload":{"ts":1784961566320},"seq":37}
{"type":"event","event":"tick","payload":{"ts":1784961596320},"seq":38}
{"type":"event","event":"health","payload":{"ok":true,"ts":1784961624657,"durationMs":117,"eventLoop":{"degraded":false,"reasons":[],"intervalMs":59999,"delayP99Ms":44.5,"delayMaxMs":46.4,"utilization":0.008,"cpuCoreRatio":0.006},"plugins":{"loaded":["browser","canvas","codex","device-pair","file-transfer","google","memory-core","parallel","phone-control","talk-voice","telegram","whatsapp"],"errors":[]},"modelPricing":{"state":"ok","sources":[]},"channels":{"telegram":{"accountId":"default","enabled":true,"configured":true,"running":true,"lastStartAt":1784961263690,"lastStopAt":null,"lastError":null,"connected":true,"restartPending":false,"reconnectAttempts":0,"lastConnectedAt":1784961613155,"lastEventAt":1784961613155,"lastTransportActivityAt":1784961613155,"lastInboundAt":null,"lastOutboundAt":null,"tokenSource":"config","tokenStatus":"available","mode":"polling","allowUnmentionedGroups":false,"lastProbeAt":null,"accounts":{"default":{"accountId":"default","enabled":true,"configured":true,"running":true,"lastStartAt":1784961263690,"lastStopAt":null,"lastError":null,"connected":true,"restartPending":false,"reconnectAttempts":0,"lastConnectedAt":1784961613155,"lastEventAt":1784961613155,"lastTransportActivityAt":1784961613155,"lastInboundAt":null,"lastOutboundAt":null,"tokenSource":"config","tokenStatus":"available","mode":"polling","allowUnmentionedGroups":false,"lastProbeAt":null}}},"whatsapp":{"accountId":"default","enabled":true,"configured":false,"running":false,"lastStartAt":null,"lastStopAt":null,"lastError":"not linked","connected":false,"restartPending":false,"reconnectAttempts":0,"healthState":"not-running","lastInboundAt":null,"lastOutboundAt":null,"statusState":"not-linked","linked":false,"lastConnectedAt":null,"lastDisconnect":null,"lastMessageAt":null,"lastEventAt":null,"dmPolicy":"allowlist","allowFrom":["7982700657","+917982700657"],"authAgeMs":null,"self":{"e164":null,"jid":null,"lid":null},"accounts":{"default":{"accountId":"default","enabled":true,"configured":false,"running":false,"lastStartAt":null,"lastStopAt":null,"lastError":"not linked","connected":false,"restartPending":false,"reconnectAttempts":0,"healthState":"not-running","lastInboundAt":null,"lastOutboundAt":null,"statusState":"not-linked","linked":false,"lastConnectedAt":null,"lastDisconnect":null,"lastMessageAt":null,"lastEventAt":null,"dmPolicy":"allowlist","allowFrom":["7982700657","+917982700657"],"authAgeMs":null,"self":{"e164":null,"jid":null,"lid":null}}}}},"channelOrder":["telegram","whatsapp"],"channelLabels":{"telegram":"Telegram","whatsapp":"WhatsApp"},"heartbeatSeconds":1800,"defaultAgentId":"maya","agents":[{"agentId":"maya","name":"Maya","isDefault":true,"heartbeat":{"enabled":true,"every":"30m","everyMs":1800000,"prompt":"Read HEARTBEAT.md if it exists (workspace context). Follow it strictly. Do not infer or repeat old tasks from prior chats. If nothing needs attention, reply HEARTBEAT_OK.","target":"none","ackMaxChars":300},"sessions":{"path":"C:\\Users\\mishs\\.openclaw\\agents\\maya\\sessions\\sessions.json","count":15,"recent":[{"key":"agent:maya:telegram:direct:1882996585","updatedAt":1784961312862,"age":311678},{"key":"agent:maya:dashboard:ab0bb3d3-5d2b-4bce-ab2b-89d2f78bc232","updatedAt":1784901210194,"age":60414346},{"key":"agent:maya:dashboard:77dfdfb2-27ae-44bb-86bf-8504c597c339","updatedAt":1784893234550,"age":68389990},{"key":"agent:maya:dashboard:bc35f7e9-7a1a-4902-83b5-7c19dac9f5df","updatedAt":1784875528811,"age":86095729},{"key":"agent:maya:main","updatedAt":1784631558276,"age":330066264}]}}],"sessions":{"path":"C:\\Users\\mishs\\.openclaw\\agents\\maya\\sessions\\sessions.json","count":15,"recent":[{"key":"agent:maya:telegram:direct:1882996585","updatedAt":1784961312862,"age":311678},{"key":"agent:maya:dashboard:ab0bb3d3-5d2b-4bce-ab2b-89d2f78bc232","updatedAt":1784901210194,"age":60414346},{"key":"agent:maya:dashboard:77dfdfb2-27ae-44bb-86bf-8504c597c339","updatedAt":1784893234550,"age":68389990},{"key":"agent:maya:dashboard:bc35f7e9-7a1a-4902-83b5-7c19dac9f5df","updatedAt":1784875528811,"age":86095729},{"key":"agent:maya:main","updatedAt":1784631558276,"age":330066264}]}},"seq":39,"stateVersion":{"presence":6,"health":10}}
{"type":"event","event":"tick","payload":{"ts":1784961626334},"seq":40}
{"type":"event","event":"tick","payload":{"ts":1784961656335},"seq":41}
{"type":"event","event":"health","payload":{"ok":true,"ts":1784961684616,"durationMs":65,"eventLoop":{"degraded":true,"reasons":["event_loop_delay"],"intervalMs":60013,"delayP99Ms":46,"delayMaxMs":5066.7,"utilization":0.132,"cpuCoreRatio":0.148},"plugins":{"loaded":["browser","canvas","codex","device-pair","file-transfer","google","memory-core","parallel","phone-control","talk-voice","telegram","whatsapp"],"errors":[]},"modelPricing":{"state":"ok","sources":[]},"channels":{"telegram":{"accountId":"default","enabled":true,"configured":true,"running":true,"lastStartAt":1784961263690,"lastStopAt":null,"lastError":null,"connected":true,"restartPending":false,"reconnectAttempts":0,"lastConnectedAt":1784961663802,"lastEventAt":1784961663802,"lastTransportActivityAt":1784961663802,"lastInboundAt":null,"lastOutboundAt":null,"tokenSource":"config","tokenStatus":"available","mode":"polling","allowUnmentionedGroups":false,"lastProbeAt":null,"accounts":{"default":{"accountId":"default","enabled":true,"configured":true,"running":true,"lastStartAt":1784961263690,"lastStopAt":null,"lastError":null,"connected":true,"restartPending":false,"reconnectAttempts":0,"lastConnectedAt":1784961663802,"lastEventAt":1784961663802,"lastTransportActivityAt":1784961663802,"lastInboundAt":null,"lastOutboundAt":null,"tokenSource":"config","tokenStatus":"available","mode":"polling","allowUnmentionedGroups":false,"lastProbeAt":null}}},"whatsapp":{"accountId":"default","enabled":true,"configured":false,"running":false,"lastStartAt":null,"lastStopAt":null,"lastError":"not linked","connected":false,"restartPending":false,"reconnectAttempts":0,"healthState":"not-running","lastInboundAt":null,"lastOutboundAt":null,"statusState":"not-linked","linked":false,"lastConnectedAt":null,"lastDisconnect":null,"lastMessageAt":null,"lastEventAt":null,"dmPolicy":"allowlist","allowFrom":["7982700657","+917982700657"],"authAgeMs":null,"self":{"e164":null,"jid":null,"lid":null},"accounts":{"default":{"accountId":"default","enabled":true,"configured":false,"running":false,"lastStartAt":null,"lastStopAt":null,"lastError":"not linked","connected":false,"restartPending":false,"reconnectAttempts":0,"healthState":"not-running","lastInboundAt":null,"lastOutboundAt":null,"statusState":"not-linked","linked":false,"lastConnectedAt":null,"lastDisconnect":null,"lastMessageAt":null,"lastEventAt":null,"dmPolicy":"allowlist","allowFrom":["7982700657","+917982700657"],"authAgeMs":null,"self":{"e164":null,"jid":null,"lid":null}}}}},"channelOrder":["telegram","whatsapp"],"channelLabels":{"telegram":"Telegram","whatsapp":"WhatsApp"},"heartbeatSeconds":1800,"defaultAgentId":"maya","agents":[{"agentId":"maya","name":"Maya","isDefault":true,"heartbeat":{"enabled":true,"every":"30m","everyMs":1800000,"prompt":"Read HEARTBEAT.md if it exists (workspace context). Follow it strictly. Do not infer or repeat old tasks from prior chats. If nothing needs attention, reply HEARTBEAT_OK.","target":"none","ackMaxChars":300},"sessions":{"path":"C:\\Users\\mishs\\.openclaw\\agents\\maya\\sessions\\sessions.json","count":15,"recent":[{"key":"agent:maya:telegram:direct:1882996585","updatedAt":1784961664182,"age":20369},{"key":"agent:maya:dashboard:ab0bb3d3-5d2b-4bce-ab2b-89d2f78bc232","updatedAt":1784901210194,"age":60474357},{"key":"agent:maya:dashboard:77dfdfb2-27ae-44bb-86bf-8504c597c339","updatedAt":1784893234550,"age":68450001},{"key":"agent:maya:dashboard:bc35f7e9-7a1a-4902-83b5-7c19dac9f5df","updatedAt":1784875528811,"age":86155740},{"key":"agent:maya:main","updatedAt":1784631558276,"age":330126275}]}}],"sessions":{"path":"C:\\Users\\mishs\\.openclaw\\agents\\maya\\sessions\\sessions.json","count":15,"recent":[{"key":"agent:maya:telegram:direct:1882996585","updatedAt":1784961664182,"age":20369},{"key":"agent:maya:dashboard:ab0bb3d3-5d2b-4bce-ab2b-89d2f78bc232","updatedAt":1784901210194,"age":60474357},{"key":"agent:maya:dashboard:77dfdfb2-27ae-44bb-86bf-8504c597c339","updatedAt":1784893234550,"age":68450001},{"key":"agent:maya:dashboard:bc35f7e9-7a1a-4902-83b5-7c19dac9f5df","updatedAt":1784875528811,"age":86155740},{"key":"agent:maya:main","updatedAt":1784631558276,"age":330126275}]}},"seq":42,"stateVersion":{"presence":6,"health":11}}
{"type":"event","event":"tick","payload":{"ts":1784961686346},"seq":43}
{"type":"event","event":"tick","payload":{"ts":1784961716347},"seq":44}
{"type":"event","event":"health","payload":{"ok":true,"ts":1784961719485,"durationMs":64,"eventLoop":{"degraded":false,"reasons":[],"intervalMs":34870,"delayP99Ms":46.2,"delayMaxMs":47.1,"utilization":0.008,"cpuCoreRatio":0.008},"plugins":{"loaded":["browser","canvas","codex","device-pair","file-transfer","google","memory-core","parallel","phone-control","talk-voice","telegram","whatsapp"],"errors":[]},"modelPricing":{"state":"ok","sources":[]},"channels":{"telegram":{"accountId":"default","enabled":true,"configured":true,"running":true,"lastStartAt":1784961263690,"lastStopAt":null,"lastError":null,"connected":true,"restartPending":false,"reconnectAttempts":0,"lastConnectedAt":1784961697173,"lastEventAt":1784961697173,"lastTransportActivityAt":1784961697173,"lastInboundAt":null,"lastOutboundAt":null,"tokenSource":"config","tokenStatus":"available","mode":"polling","allowUnmentionedGroups":false,"lastProbeAt":null,"accounts":{"default":{"accountId":"default","enabled":true,"configured":true,"running":true,"lastStartAt":1784961263690,"lastStopAt":null,"lastError":null,"connected":true,"restartPending":false,"reconnectAttempts":0,"lastConnectedAt":1784961697173,"lastEventAt":1784961697173,"lastTransportActivityAt":1784961697173,"lastInboundAt":null,"lastOutboundAt":null,"tokenSource":"config","tokenStatus":"available","mode":"polling","allowUnmentionedGroups":false,"lastProbeAt":null}}},"whatsapp":{"accountId":"default","enabled":true,"configured":false,"running":false,"lastStartAt":null,"lastStopAt":null,"lastError":"not linked","connected":false,"restartPending":false,"reconnectAttempts":0,"healthState":"not-running","lastInboundAt":null,"lastOutboundAt":null,"statusState":"not-linked","linked":false,"lastConnectedAt":null,"lastDisconnect":null,"lastMessageAt":null,"lastEventAt":null,"dmPolicy":"allowlist","allowFrom":["7982700657","+917982700657"],"authAgeMs":null,"self":{"e164":null,"jid":null,"lid":null},"accounts":{"default":{"accountId":"default","enabled":true,"configured":false,"running":false,"lastStartAt":null,"lastStopAt":null,"lastError":"not linked","connected":false,"restartPending":false,"reconnectAttempts":0,"healthState":"not-running","lastInboundAt":null,"lastOutboundAt":null,"statusState":"not-linked","linked":false,"lastConnectedAt":null,"lastDisconnect":null,"lastMessageAt":null,"lastEventAt":null,"dmPolicy":"allowlist","allowFrom":["7982700657","+917982700657"],"authAgeMs":null,"self":{"e164":null,"jid":null,"lid":null}}}}},"channelOrder":["telegram","whatsapp"],"channelLabels":{"telegram":"Telegram","whatsapp":"WhatsApp"},"heartbeatSeconds":1800,"defaultAgentId":"maya","agents":[{"agentId":"maya","name":"Maya","isDefault":true,"heartbeat":{"enabled":true,"every":"30m","everyMs":1800000,"prompt":"Read HEARTBEAT.md if it exists (workspace context). Follow it strictly. Do not infer or repeat old tasks from prior chats. If nothing needs attention, reply HEARTBEAT_OK.","target":"none","ackMaxChars":300},"sessions":{"path":"C:\\Users\\mishs\\.openclaw\\agents\\maya\\sessions\\sessions.json","count":15,"recent":[{"key":"agent:maya:telegram:direct:1882996585","updatedAt":1784961664182,"age":55239},{"key":"agent:maya:dashboard:ab0bb3d3-5d2b-4bce-ab2b-89d2f78bc232","updatedAt":1784901210194,"age":60509227},{"key":"agent:maya:dashboard:77dfdfb2-27ae-44bb-86bf-8504c597c339","updatedAt":1784893234550,"age":68484871},{"key":"agent:maya:dashboard:bc35f7e9-7a1a-4902-83b5-7c19dac9f5df","updatedAt":1784875528811,"age":86190610},{"key":"agent:maya:main","updatedAt":1784631558276,"age":330161145}]}}],"sessions":{"path":"C:\\Users\\mishs\\.openclaw\\agents\\maya\\sessions\\sessions.json","count":15,"recent":[{"key":"agent:maya:telegram:direct:1882996585","updatedAt":1784961664182,"age":55239},{"key":"agent:maya:dashboard:ab0bb3d3-5d2b-4bce-ab2b-89d2f78bc232","updatedAt":1784901210194,"age":60509227},{"key":"agent:maya:dashboard:77dfdfb2-27ae-44bb-86bf-8504c597c339","updatedAt":1784893234550,"age":68484871},{"key":"agent:maya:dashboard:bc35f7e9-7a1a-4902-83b5-7c19dac9f5df","updatedAt":1784875528811,"age":86190610},{"key":"agent:maya:main","updatedAt":1784631558276,"age":330161145}]}},"seq":45,"stateVersion":{"presence":7,"health":12}}
{"type":"event","event":"presence","payload":{"presence":[{"host":"mishita_soni","ip":"192.168.56.1","version":"2026.6.10","platform":"windows 10.0.26200","deviceFamily":"Windows","modelIdentifier":"x64","mode":"gateway","reason":"self","instanceId":"b1902188-42f1-4d15-80bb-9f40d1a643f6","text":"Gateway: mishita_soni (192.168.56.1) · app 2026.6.10 · mode gateway · reason self","ts":1784961719546},{"host":"gateway:logs.tail","version":"2026.6.10","platform":"win32","mode":"backend","roles":["operator"],"scopes":["operator.read"],"instanceId":"c5cb1f41-79d8-4ebb-9ea3-8f6063aa653d","reason":"disconnect","ts":1784961719545,"text":"Node: gateway:logs.tail · mode backend"}]},"seq":46,"stateVersion":{"presence":8,"health":12}}
{"type":"event","event":"health","payload":{"ok":true,"ts":1784961744644,"durationMs":89,"eventLoop":{"degraded":false,"reasons":[],"intervalMs":25130,"delayP99Ms":44.9,"delayMaxMs":63.9,"utilization":0.01,"cpuCoreRatio":0.009},"plugins":{"loaded":["browser","canvas","codex","device-pair","file-transfer","google","memory-core","parallel","phone-control","talk-voice","telegram","whatsapp"],"errors":[]},"modelPricing":{"state":"ok","sources":[]},"channels":{"telegram":{"accountId":"default","enabled":true,"configured":true,"running":true,"lastStartAt":1784961263690,"lastStopAt":null,"lastError":null,"connected":true,"restartPending":false,"reconnectAttempts":0,"lastConnectedAt":1784961728438,"lastEventAt":1784961728438,"lastTransportActivityAt":1784961728438,"lastInboundAt":null,"lastOutboundAt":null,"tokenSource":"config","tokenStatus":"available","mode":"polling","allowUnmentionedGroups":false,"lastProbeAt":null,"accounts":{"default":{"accountId":"default","enabled":true,"configured":true,"running":true,"lastStartAt":1784961263690,"lastStopAt":null,"lastError":null,"connected":true,"restartPending":false,"reconnectAttempts":0,"lastConnectedAt":1784961728438,"lastEventAt":1784961728438,"lastTransportActivityAt":1784961728438,"lastInboundAt":null,"lastOutboundAt":null,"tokenSource":"config","tokenStatus":"available","mode":"polling","allowUnmentionedGroups":false,"lastProbeAt":null}}},"whatsapp":{"accountId":"default","enabled":true,"configured":false,"running":false,"lastStartAt":null,"lastStopAt":null,"lastError":"not linked","connected":false,"restartPending":false,"reconnectAttempts":0,"healthState":"not-running","lastInboundAt":null,"lastOutboundAt":null,"statusState":"not-linked","linked":false,"lastConnectedAt":null,"lastDisconnect":null,"lastMessageAt":null,"lastEventAt":null,"dmPolicy":"allowlist","allowFrom":["7982700657","+917982700657"],"authAgeMs":null,"self":{"e164":null,"jid":null,"lid":null},"accounts":{"default":{"accountId":"default","enabled":true,"configured":false,"running":false,"lastStartAt":null,"lastStopAt":null,"lastError":"not linked","connected":false,"restartPending":false,"reconnectAttempts":0,"healthState":"not-running","lastInboundAt":null,"lastOutboundAt":null,"statusState":"not-linked","linked":false,"lastConnectedAt":null,"lastDisconnect":null,"lastMessageAt":null,"lastEventAt":null,"dmPolicy":"allowlist","allowFrom":["7982700657","+917982700657"],"authAgeMs":null,"self":{"e164":null,"jid":null,"lid":null}}}}},"channelOrder":["telegram","whatsapp"],"channelLabels":{"telegram":"Telegram","whatsapp":"WhatsApp"},"heartbeatSeconds":1800,"defaultAgentId":"maya","agents":[{"agentId":"maya","name":"Maya","isDefault":true,"heartbeat":{"enabled":true,"every":"30m","everyMs":1800000,"prompt":"Read HEARTBEAT.md if it exists (workspace context). Follow it strictly. Do not infer or repeat old tasks from prior chats. If nothing needs attention, reply HEARTBEAT_OK.","target":"none","ackMaxChars":300},"sessions":{"path":"C:\\Users\\mishs\\.openclaw\\agents\\maya\\sessions\\sessions.json","count":15,"recent":[{"key":"agent:maya:telegram:direct:1882996585","updatedAt":1784961664182,"age":80373},{"key":"agent:maya:dashboard:ab0bb3d3-5d2b-4bce-ab2b-89d2f78bc232","updatedAt":1784901210194,"age":60534361},{"key":"agent:maya:dashboard:77dfdfb2-27ae-44bb-86bf-8504c597c339","updatedAt":1784893234550,"age":68510005},{"key":"agent:maya:dashboard:bc35f7e9-7a1a-4902-83b5-7c19dac9f5df","updatedAt":1784875528811,"age":86215744},{"key":"agent:maya:main","updatedAt":1784631558276,"age":330186279}]}}],"sessions":{"path":"C:\\Users\\mishs\\.openclaw\\agents\\maya\\sessions\\sessions.json","count":15,"recent":[{"key":"agent:maya:telegram:direct:1882996585","updatedAt":1784961664182,"age":80373},{"key":"agent:maya:dashboard:ab0bb3d3-5d2b-4bce-ab2b-89d2f78bc232","updatedAt":1784901210194,"age":60534361},{"key":"agent:maya:dashboard:77dfdfb2-27ae-44bb-86bf-8504c597c339","updatedAt":1784893234550,"age":68510005},{"key":"agent:maya:dashboard:bc35f7e9-7a1a-4902-83b5-7c19dac9f5df","updatedAt":1784875528811,"age":86215744},{"key":"agent:maya:main","updatedAt":1784631558276,"age":330186279}]}},"seq":47,"stateVersion":{"presence":8,"health":13}}
{"type":"event","event":"tick","payload":{"ts":1784961746346},"seq":48}
{"type":"event","event":"tick","payload":{"ts":1784961776346},"seq":49}
{"type":"event","event":"health","payload":{"ok":true,"ts":1784961804628,"durationMs":61,"eventLoop":{"degraded":false,"reasons":[],"intervalMs":60013,"delayP99Ms":46,"delayMaxMs":46.9,"utilization":0.007,"cpuCoreRatio":0.006},"plugins":{"loaded":["browser","canvas","codex","device-pair","file-transfer","google","memory-core","parallel","phone-control","talk-voice","telegram","whatsapp"],"errors":[]},"modelPricing":{"state":"ok","sources":[]},"channels":{"telegram":{"accountId":"default","enabled":true,"configured":true,"running":true,"lastStartAt":1784961263690,"lastStopAt":null,"lastError":null,"connected":true,"restartPending":false,"reconnectAttempts":0,"lastConnectedAt":1784961790514,"lastEventAt":1784961790514,"lastTransportActivityAt":1784961790514,"lastInboundAt":null,"lastOutboundAt":null,"tokenSource":"config","tokenStatus":"available","mode":"polling","allowUnmentionedGroups":false,"lastProbeAt":null,"accounts":{"default":{"accountId":"default","enabled":true,"configured":true,"running":true,"lastStartAt":1784961263690,"lastStopAt":null,"lastError":null,"connected":true,"restartPending":false,"reconnectAttempts":0,"lastConnectedAt":1784961790514,"lastEventAt":1784961790514,"lastTransportActivityAt":1784961790514,"lastInboundAt":null,"lastOutboundAt":null,"tokenSource":"config","tokenStatus":"available","mode":"polling","allowUnmentionedGroups":false,"lastProbeAt":null}}},"whatsapp":{"accountId":"default","enabled":true,"configured":false,"running":false,"lastStartAt":null,"lastStopAt":null,"lastError":"not linked","connected":false,"restartPending":false,"reconnectAttempts":0,"healthState":"not-running","lastInboundAt":null,"lastOutboundAt":null,"statusState":"not-linked","linked":false,"lastConnectedAt":null,"lastDisconnect":null,"lastMessageAt":null,"lastEventAt":null,"dmPolicy":"allowlist","allowFrom":["7982700657","+917982700657"],"authAgeMs":null,"self":{"e164":null,"jid":null,"lid":null},"accounts":{"default":{"accountId":"default","enabled":true,"configured":false,"running":false,"lastStartAt":null,"lastStopAt":null,"lastError":"not linked","connected":false,"restartPending":false,"reconnectAttempts":0,"healthState":"not-running","lastInboundAt":null,"lastOutboundAt":null,"statusState":"not-linked","linked":false,"lastConnectedAt":null,"lastDisconnect":null,"lastMessageAt":null,"lastEventAt":null,"dmPolicy":"allowlist","allowFrom":["7982700657","+917982700657"],"authAgeMs":null,"self":{"e164":null,"jid":null,"lid":null}}}}},"channelOrder":["telegram","whatsapp"],"channelLabels":{"telegram":"Telegram","whatsapp":"WhatsApp"},"heartbeatSeconds":1800,"defaultAgentId":"maya","agents":[{"agentId":"maya","name":"Maya","isDefault":true,"heartbeat":{"enabled":true,"every":"30m","everyMs":1800000,"prompt":"Read HEARTBEAT.md if it exists (workspace context). Follow it strictly. Do not infer or repeat old tasks from prior chats. If nothing needs attention, reply HEARTBEAT_OK.","target":"none","ackMaxChars":300},"sessions":{"path":"C:\\Users\\mishs\\.openclaw\\agents\\maya\\sessions\\sessions.json","count":15,"recent":[{"key":"agent:maya:telegram:direct:1882996585","updatedAt":1784961664182,"age":140385},{"key":"agent:maya:dashboard:ab0bb3d3-5d2b-4bce-ab2b-89d2f78bc232","updatedAt":1784901210194,"age":60594373},{"key":"agent:maya:dashboard:77dfdfb2-27ae-44bb-86bf-8504c597c339","updatedAt":1784893234550,"age":68570017},{"key":"agent:maya:dashboard:bc35f7e9-7a1a-4902-83b5-7c19dac9f5df","updatedAt":1784875528811,"age":86275756},{"key":"agent:maya:main","updatedAt":1784631558276,"age":330246291}]}}],"sessions":{"path":"C:\\Users\\mishs\\.openclaw\\agents\\maya\\sessions\\sessions.json","count":15,"recent":[{"key":"agent:maya:telegram:direct:1882996585","updatedAt":1784961664182,"age":140385},{"key":"agent:maya:dashboard:ab0bb3d3-5d2b-4bce-ab2b-89d2f78bc232","updatedAt":1784901210194,"age":60594373},{"key":"agent:maya:dashboard:77dfdfb2-27ae-44bb-86bf-8504c597c339","updatedAt":1784893234550,"age":68570017},{"key":"agent:maya:dashboard:bc35f7e9-7a1a-4902-83b5-7c19dac9f5df","updatedAt":1784875528811,"age":86275756},{"key":"agent:maya:main","updatedAt":1784631558276,"age":330246291}]}},"seq":50,"stateVersion":{"presence":8,"health":14}}
{"type":"event","event":"tick","payload":{"ts":1784961806373},"seq":51}
{"type":"event","event":"tick","payload":{"ts":1784961836385},"seq":52}
{"type":"event","event":"health","payload":{"ok":true,"ts":1784961864667,"durationMs":84,"eventLoop":{"degraded":false,"reasons":[],"intervalMs":60015,"delayP99Ms":44.3,"delayMaxMs":46.5,"utilization":0.007,"cpuCoreRatio":0.011},"plugins":{"loaded":["browser","canvas","codex","device-pair","file-transfer","google","memory-core","parallel","phone-control","talk-voice","telegram","whatsapp"],"errors":[]},"modelPricing":{"state":"ok","sources":[]},"channels":{"telegram":{"accountId":"default","enabled":true,"configured":true,"running":true,"lastStartAt":1784961263690,"lastStopAt":null,"lastError":null,"connected":true,"restartPending":false,"reconnectAttempts":0,"lastConnectedAt":1784961851858,"lastEventAt":1784961851858,"lastTransportActivityAt":1784961851858,"lastInboundAt":null,"lastOutboundAt":null,"tokenSource":"config","tokenStatus":"available","mode":"polling","allowUnmentionedGroups":false,"lastProbeAt":null,"accounts":{"default":{"accountId":"default","enabled":true,"configured":true,"running":true,"lastStartAt":1784961263690,"lastStopAt":null,"lastError":null,"connected":true,"restartPending":false,"reconnectAttempts":0,"lastConnectedAt":1784961851858,"lastEventAt":1784961851858,"lastTransportActivityAt":1784961851858,"lastInboundAt":null,"lastOutboundAt":null,"tokenSource":"config","tokenStatus":"available","mode":"polling","allowUnmentionedGroups":false,"lastProbeAt":null}}},"whatsapp":{"accountId":"default","enabled":true,"configured":false,"running":false,"lastStartAt":null,"lastStopAt":null,"lastError":"not linked","connected":false,"restartPending":false,"reconnectAttempts":0,"healthState":"not-running","lastInboundAt":null,"lastOutboundAt":null,"statusState":"not-linked","linked":false,"lastConnectedAt":null,"lastDisconnect":null,"lastMessageAt":null,"lastEventAt":null,"dmPolicy":"allowlist","allowFrom":["7982700657","+917982700657"],"authAgeMs":null,"self":{"e164":null,"jid":null,"lid":null},"accounts":{"default":{"accountId":"default","enabled":true,"configured":false,"running":false,"lastStartAt":null,"lastStopAt":null,"lastError":"not linked","connected":false,"restartPending":false,"reconnectAttempts":0,"healthState":"not-running","lastInboundAt":null,"lastOutboundAt":null,"statusState":"not-linked","linked":false,"lastConnectedAt":null,"lastDisconnect":null,"lastMessageAt":null,"lastEventAt":null,"dmPolicy":"allowlist","allowFrom":["7982700657","+917982700657"],"authAgeMs":null,"self":{"e164":null,"jid":null,"lid":null}}}}},"channelOrder":["telegram","whatsapp"],"channelLabels":{"telegram":"Telegram","whatsapp":"WhatsApp"},"heartbeatSeconds":1800,"defaultAgentId":"maya","agents":[{"agentId":"maya","name":"Maya","isDefault":true,"heartbeat":{"enabled":true,"every":"30m","everyMs":1800000,"prompt":"Read HEARTBEAT.md if it exists (workspace context). Follow it strictly. Do not infer or repeat old tasks from prior chats. If nothing needs attention, reply HEARTBEAT_OK.","target":"none","ackMaxChars":300},"sessions":{"path":"C:\\Users\\mishs\\.openclaw\\agents\\maya\\sessions\\sessions.json","count":15,"recent":[{"key":"agent:maya:telegram:direct:1882996585","updatedAt":1784961664182,"age":200401},{"key":"agent:maya:dashboard:ab0bb3d3-5d2b-4bce-ab2b-89d2f78bc232","updatedAt":1784901210194,"age":60654389},{"key":"agent:maya:dashboard:77dfdfb2-27ae-44bb-86bf-8504c597c339","updatedAt":1784893234550,"age":68630033},{"key":"agent:maya:dashboard:bc35f7e9-7a1a-4902-83b5-7c19dac9f5df","updatedAt":1784875528811,"age":86335772},{"key":"agent:maya:main","updatedAt":1784631558276,"age":330306307}]}}],"sessions":{"path":"C:\\Users\\mishs\\.openclaw\\agents\\maya\\sessions\\sessions.json","count":15,"recent":[{"key":"agent:maya:telegram:direct:1882996585","updatedAt":1784961664182,"age":200401},{"key":"agent:maya:dashboard:ab0bb3d3-5d2b-4bce-ab2b-89d2f78bc232","updatedAt":1784901210194,"age":60654389},{"key":"agent:maya:dashboard:77dfdfb2-27ae-44bb-86bf-8504c597c339","updatedAt":1784893234550,"age":68630033},{"key":"agent:maya:dashboard:bc35f7e9-7a1a-4902-83b5-7c19dac9f5df","updatedAt":1784875528811,"age":86335772},{"key":"agent:maya:main","updatedAt":1784631558276,"age":330306307}]}},"seq":53,"stateVersion":{"presence":8,"health":15}}
{"type":"event","event":"tick","payload":{"ts":1784961866389},"seq":54}
{"type":"event","event":"presence","payload":{"presence":[{"host":"mishita_soni","ip":"192.168.56.1","version":"2026.6.10","platform":"windows 10.0.26200","deviceFamily":"Windows","modelIdentifier":"x64","mode":"gateway","reason":"self","instanceId":"b1902188-42f1-4d15-80bb-9f40d1a643f6","text":"Gateway: mishita_soni (192.168.56.1) · app 2026.6.10 · mode gateway · reason self","ts":1784961877264},{"host":"cli","version":"dev","platform":"win32","mode":"probe","deviceId":"24cec093fb6ab0f51af18adeb89ba0aa62b967bbc01c922e9d367bf79dcec5b4","roles":["operator"],"scopes":["operator.read"],"instanceId":"24cec093fb6ab0f51af18adeb89ba0aa62b967bbc01c922e9d367bf79dcec5b4","reason":"disconnect","ts":1784961877264,"text":"Node: cli · mode probe"},{"host":"gateway:logs.tail","version":"2026.6.10","platform":"win32","mode":"backend","roles":["operator"],"scopes":["operator.read"],"instanceId":"c5cb1f41-79d8-4ebb-9ea3-8f6063aa653d","reason":"disconnect","ts":1784961719545,"text":"Node: gateway:logs.tail · mode backend"}]},"seq":55,"stateVersion":{"presence":10,"health":15}}
{"type":"event","event":"health","payload":{"ok":true,"ts":1784961877268,"durationMs":67,"eventLoop":{"degraded":false,"reasons":[],"intervalMs":12623,"delayP99Ms":46.3,"delayMaxMs":46.9,"utilization":0.014,"cpuCoreRatio":0.012},"plugins":{"loaded":["browser","canvas","codex","device-pair","file-transfer","google","memory-core","parallel","phone-control","talk-voice","telegram","whatsapp"],"errors":[]},"modelPricing":{"state":"ok","sources":[]},"channels":{"telegram":{"accountId":"default","enabled":true,"configured":true,"running":true,"lastStartAt":1784961263690,"lastStopAt":null,"lastError":null,"connected":true,"restartPending":false,"reconnectAttempts":0,"lastConnectedAt":1784961851858,"lastEventAt":1784961851858,"lastTransportActivityAt":1784961851858,"lastInboundAt":null,"lastOutboundAt":null,"tokenSource":"config","tokenStatus":"available","mode":"polling","allowUnmentionedGroups":false,"lastProbeAt":null,"accounts":{"default":{"accountId":"default","enabled":true,"configured":true,"running":true,"lastStartAt":1784961263690,"lastStopAt":null,"lastError":null,"connected":true,"restartPending":false,"reconnectAttempts":0,"lastConnectedAt":1784961851858,"lastEventAt":1784961851858,"lastTransportActivityAt":1784961851858,"lastInboundAt":null,"lastOutboundAt":null,"tokenSource":"config","tokenStatus":"available","mode":"polling","allowUnmentionedGroups":false,"lastProbeAt":null}}},"whatsapp":{"accountId":"default","enabled":true,"configured":false,"running":false,"lastStartAt":null,"lastStopAt":null,"lastError":"not linked","connected":false,"restartPending":false,"reconnectAttempts":0,"healthState":"not-running","lastInboundAt":null,"lastOutboundAt":null,"statusState":"not-linked","linked":false,"lastConnectedAt":null,"lastDisconnect":null,"lastMessageAt":null,"lastEventAt":null,"dmPolicy":"allowlist","allowFrom":["7982700657","+917982700657"],"authAgeMs":null,"self":{"e164":null,"jid":null,"lid":null},"accounts":{"default":{"accountId":"default","enabled":true,"configured":false,"running":false,"lastStartAt":null,"lastStopAt":null,"lastError":"not linked","connected":false,"restartPending":false,"reconnectAttempts":0,"healthState":"not-running","lastInboundAt":null,"lastOutboundAt":null,"statusState":"not-linked","linked":false,"lastConnectedAt":null,"lastDisconnect":null,"lastMessageAt":null,"lastEventAt":null,"dmPolicy":"allowlist","allowFrom":["7982700657","+917982700657"],"authAgeMs":null,"self":{"e164":null,"jid":null,"lid":null}}}}},"channelOrder":["telegram","whatsapp"],"channelLabels":{"telegram":"Telegram","whatsapp":"WhatsApp"},"heartbeatSeconds":1800,"defaultAgentId":"maya","agents":[{"agentId":"maya","name":"Maya","isDefault":true,"heartbeat":{"enabled":true,"every":"30m","everyMs":1800000,"prompt":"Read HEARTBEAT.md if it exists (workspace context). Follow it strictly. Do not infer or repeat old tasks from prior chats. If nothing needs attention, reply HEARTBEAT_OK.","target":"none","ackMaxChars":300},"sessions":{"path":"C:\\Users\\mishs\\.openclaw\\agents\\maya\\sessions\\sessions.json","count":15,"recent":[{"key":"agent:maya:telegram:direct:1882996585","updatedAt":1784961664182,"age":213019},{"key":"agent:maya:dashboard:ab0bb3d3-5d2b-4bce-ab2b-89d2f78bc232","updatedAt":1784901210194,"age":60667007},{"key":"agent:maya:dashboard:77dfdfb2-27ae-44bb-86bf-8504c597c339","updatedAt":1784893234550,"age":68642651},{"key":"agent:maya:dashboard:bc35f7e9-7a1a-4902-83b5-7c19dac9f5df","updatedAt":1784875528811,"age":86348390},{"key":"agent:maya:main","updatedAt":1784631558276,"age":330318925}]}}],"sessions":{"path":"C:\\Users\\mishs\\.openclaw\\agents\\maya\\sessions\\sessions.json","count":15,"recent":[{"key":"agent:maya:telegram:direct:1882996585","updatedAt":1784961664182,"age":213019},{"key":"agent:maya:dashboard:ab0bb3d3-5d2b-4bce-ab2b-89d2f78bc232","updatedAt":1784901210194,"age":60667007},{"key":"agent:maya:dashboard:77dfdfb2-27ae-44bb-86bf-8504c597c339","updatedAt":1784893234550,"age":68642651},{"key":"agent:maya:dashboard:bc35f7e9-7a1a-4902-83b5-7c19dac9f5df","updatedAt":1784875528811,"age":86348390},{"key":"agent:maya:main","updatedAt":1784631558276,"age":330318925}]}},"seq":56,"stateVersion":{"presence":10,"health":16}}
{"type":"event","event":"health","payload":{"ok":true,"ts":1784961878438,"durationMs":453,"eventLoop":{"degraded":false,"reasons":[],"intervalMs":12623,"delayP99Ms":46.3,"delayMaxMs":46.9,"utilization":0.014,"cpuCoreRatio":0.012},"plugins":{"loaded":["browser","canvas","codex","device-pair","file-transfer","google","memory-core","parallel","phone-control","talk-voice","telegram","whatsapp"],"errors":[]},"modelPricing":{"state":"ok","sources":[]},"channels":{"telegram":{"accountId":"default","enabled":true,"configured":true,"running":true,"lastStartAt":1784961263690,"lastStopAt":null,"lastError":null,"connected":true,"restartPending":false,"reconnectAttempts":0,"lastConnectedAt":1784961851858,"lastEventAt":1784961851858,"lastTransportActivityAt":1784961851858,"lastInboundAt":null,"lastOutboundAt":null,"tokenSource":"config","tokenStatus":"available","mode":"polling","allowUnmentionedGroups":false,"lastProbeAt":null,"accounts":{"default":{"accountId":"default","enabled":true,"configured":true,"running":true,"lastStartAt":1784961263690,"lastStopAt":null,"lastError":null,"connected":true,"restartPending":false,"reconnectAttempts":0,"lastConnectedAt":1784961851858,"lastEventAt":1784961851858,"lastTransportActivityAt":1784961851858,"lastInboundAt":null,"lastOutboundAt":null,"tokenSource":"config","tokenStatus":"available","mode":"polling","allowUnmentionedGroups":false,"lastProbeAt":null}}},"whatsapp":{"accountId":"default","enabled":true,"configured":false,"running":false,"lastStartAt":null,"lastStopAt":null,"lastError":"not linked","connected":false,"restartPending":false,"reconnectAttempts":0,"healthState":"not-running","lastInboundAt":null,"lastOutboundAt":null,"statusState":"not-linked","linked":false,"lastConnectedAt":null,"lastDisconnect":null,"lastMessageAt":null,"lastEventAt":null,"dmPolicy":"allowlist","allowFrom":["7982700657","+917982700657"],"authAgeMs":null,"self":{"e164":null,"jid":null,"lid":null},"accounts":{"default":{"accountId":"default","enabled":true,"configured":false,"running":false,"lastStartAt":null,"lastStopAt":null,"lastError":"not linked","connected":false,"restartPending":false,"reconnectAttempts":0,"healthState":"not-running","lastInboundAt":null,"lastOutboundAt":null,"statusState":"not-linked","linked":false,"lastConnectedAt":null,"lastDisconnect":null,"lastMessageAt":null,"lastEventAt":null,"dmPolicy":"allowlist","allowFrom":["7982700657","+917982700657"],"authAgeMs":null,"self":{"e164":null,"jid":null,"lid":null}}}}},"channelOrder":["telegram","whatsapp"],"channelLabels":{"telegram":"Telegram","whatsapp":"WhatsApp"},"heartbeatSeconds":1800,"defaultAgentId":"maya","agents":[{"agentId":"maya","name":"Maya","isDefault":true,"heartbeat":{"enabled":true,"every":"30m","everyMs":1800000,"prompt":"Read HEARTBEAT.md if it exists (workspace context). Follow it strictly. Do not infer or repeat old tasks from prior chats. If nothing needs attention, reply HEARTBEAT_OK.","target":"none","ackMaxChars":300},"sessions":{"path":"C:\\Users\\mishs\\.openclaw\\agents\\maya\\sessions\\sessions.json","count":15,"recent":[{"key":"agent:maya:telegram:direct:1882996585","updatedAt":1784961664182,"age":213803},{"key":"agent:maya:dashboard:ab0bb3d3-5d2b-4bce-ab2b-89d2f78bc232","updatedAt":1784901210194,"age":60667791},{"key":"agent:maya:dashboard:77dfdfb2-27ae-44bb-86bf-8504c597c339","updatedAt":1784893234550,"age":68643435},{"key":"agent:maya:dashboard:bc35f7e9-7a1a-4902-83b5-7c19dac9f5df","updatedAt":1784875528811,"age":86349174},{"key":"agent:maya:main","updatedAt":1784631558276,"age":330319709}]}}],"sessions":{"path":"C:\\Users\\mishs\\.openclaw\\agents\\maya\\sessions\\sessions.json","count":15,"recent":[{"key":"agent:maya:telegram:direct:1882996585","updatedAt":1784961664182,"age":213803},{"key":"agent:maya:dashboard:ab0bb3d3-5d2b-4bce-ab2b-89d2f78bc232","updatedAt":1784901210194,"age":60667791},{"key":"agent:maya:dashboard:77dfdfb2-27ae-44bb-86bf-8504c597c339","updatedAt":1784893234550,"age":68643435},{"key":"agent:maya:dashboard:bc35f7e9-7a1a-4902-83b5-7c19dac9f5df","updatedAt":1784875528811,"age":86349174},{"key":"agent:maya:main","updatedAt":1784631558276,"age":330319709}]}},"seq":57,"stateVersion":{"presence":11,"health":17}}
{"type":"event","event":"tick","payload":{"ts":1784961896403},"seq":58}
{"type":"event","event":"health","payload":{"ok":true,"ts":1784961924644,"durationMs":64,"eventLoop":{"degraded":false,"reasons":[],"intervalMs":46296,"delayP99Ms":41.8,"delayMaxMs":412.1,"utilization":0.02,"cpuCoreRatio":0.026},"plugins":{"loaded":["browser","canvas","codex","device-pair","file-transfer","google","memory-core","parallel","phone-control","talk-voice","telegram","whatsapp"],"errors":[]},"modelPricing":{"state":"ok","sources":[]},"channels":{"telegram":{"accountId":"default","enabled":true,"configured":true,"running":true,"lastStartAt":1784961263690,"lastStopAt":null,"lastError":null,"connected":true,"restartPending":false,"reconnectAttempts":0,"lastConnectedAt":1784961913288,"lastEventAt":1784961913288,"lastTransportActivityAt":1784961913288,"lastInboundAt":null,"lastOutboundAt":null,"tokenSource":"config","tokenStatus":"available","mode":"polling","allowUnmentionedGroups":false,"lastProbeAt":null,"accounts":{"default":{"accountId":"default","enabled":true,"configured":true,"running":true,"lastStartAt":1784961263690,"lastStopAt":null,"lastError":null,"connected":true,"restartPending":false,"reconnectAttempts":0,"lastConnectedAt":1784961913288,"lastEventAt":1784961913288,"lastTransportActivityAt":1784961913288,"lastInboundAt":null,"lastOutboundAt":null,"tokenSource":"config","tokenStatus":"available","mode":"polling","allowUnmentionedGroups":false,"lastProbeAt":null}}},"whatsapp":{"accountId":"default","enabled":true,"configured":false,"running":false,"lastStartAt":null,"lastStopAt":null,"lastError":"not linked","connected":false,"restartPending":false,"reconnectAttempts":0,"healthState":"not-running","lastInboundAt":null,"lastOutboundAt":null,"statusState":"not-linked","linked":false,"lastConnectedAt":null,"lastDisconnect":null,"lastMessageAt":null,"lastEventAt":null,"dmPolicy":"allowlist","allowFrom":["7982700657","+917982700657"],"authAgeMs":null,"self":{"e164":null,"jid":null,"lid":null},"accounts":{"default":{"accountId":"default","enabled":true,"configured":false,"running":false,"lastStartAt":null,"lastStopAt":null,"lastError":"not linked","connected":false,"restartPending":false,"reconnectAttempts":0,"healthState":"not-running","lastInboundAt":null,"lastOutboundAt":null,"statusState":"not-linked","linked":false,"lastConnectedAt":null,"lastDisconnect":null,"lastMessageAt":null,"lastEventAt":null,"dmPolicy":"allowlist","allowFrom":["7982700657","+917982700657"],"authAgeMs":null,"self":{"e164":null,"jid":null,"lid":null}}}}},"channelOrder":["telegram","whatsapp"],"channelLabels":{"telegram":"Telegram","whatsapp":"WhatsApp"},"heartbeatSeconds":1800,"defaultAgentId":"maya","agents":[{"agentId":"maya","name":"Maya","isDefault":true,"heartbeat":{"enabled":true,"every":"30m","everyMs":1800000,"prompt":"Read HEARTBEAT.md if it exists (workspace context). Follow it strictly. Do not infer or repeat old tasks from prior chats. If nothing needs attention, reply HEARTBEAT_OK.","target":"none","ackMaxChars":300},"sessions":{"path":"C:\\Users\\mishs\\.openclaw\\agents\\maya\\sessions\\sessions.json","count":15,"recent":[{"key":"agent:maya:telegram:direct:1882996585","updatedAt":1784961664182,"age":260398},{"key":"agent:maya:dashboard:ab0bb3d3-5d2b-4bce-ab2b-89d2f78bc232","updatedAt":1784901210194,"age":60714386},{"key":"agent:maya:dashboard:77dfdfb2-27ae-44bb-86bf-8504c597c339","updatedAt":1784893234550,"age":68690030},{"key":"agent:maya:dashboard:bc35f7e9-7a1a-4902-83b5-7c19dac9f5df","updatedAt":1784875528811,"age":86395769},{"key":"agent:maya:main","updatedAt":1784631558276,"age":330366304}]}}],"sessions":{"path":"C:\\Users\\mishs\\.openclaw\\agents\\maya\\sessions\\sessions.json","count":15,"recent":[{"key":"agent:maya:telegram:direct:1882996585","updatedAt":1784961664182,"age":260398},{"key":"agent:maya:dashboard:ab0bb3d3-5d2b-4bce-ab2b-89d2f78bc232","updatedAt":1784901210194,"age":60714386},{"key":"agent:maya:dashboard:77dfdfb2-27ae-44bb-86bf-8504c597c339","updatedAt":1784893234550,"age":68690030},{"key":"agent:maya:dashboard:bc35f7e9-7a1a-4902-83b5-7c19dac9f5df","updatedAt":1784875528811,"age":86395769},{"key":"agent:maya:main","updatedAt":1784631558276,"age":330366304}]}},"seq":59,"stateVersion":{"presence":11,"health":18}}
{"type":"event","event":"tick","payload":{"ts":1784961926408},"seq":60}
{"type":"event","event":"tick","payload":{"ts":1784961956409},"seq":61}
{"type":"event","event":"health","payload":{"ok":true,"ts":1784961984637,"durationMs":57,"eventLoop":{"degraded":false,"reasons":[],"intervalMs":59999,"delayP99Ms":41.3,"delayMaxMs":49.4,"utilization":0.007,"cpuCoreRatio":0.009},"plugins":{"loaded":["browser","canvas","codex","device-pair","file-transfer","google","memory-core","parallel","phone-control","talk-voice","telegram","whatsapp"],"errors":[]},"modelPricing":{"state":"ok","sources":[]},"channels":{"telegram":{"accountId":"default","enabled":true,"configured":true,"running":true,"lastStartAt":1784961263690,"lastStopAt":null,"lastError":null,"connected":true,"restartPending":false,"reconnectAttempts":0,"lastConnectedAt":1784961974890,"lastEventAt":1784961974890,"lastTransportActivityAt":1784961974890,"lastInboundAt":null,"lastOutboundAt":null,"tokenSource":"config","tokenStatus":"available","mode":"polling","allowUnmentionedGroups":false,"lastProbeAt":null,"accounts":{"default":{"accountId":"default","enabled":true,"configured":true,"running":true,"lastStartAt":1784961263690,"lastStopAt":null,"lastError":null,"connected":true,"restartPending":false,"reconnectAttempts":0,"lastConnectedAt":1784961974890,"lastEventAt":1784961974890,"lastTransportActivityAt":1784961974890,"lastInboundAt":null,"lastOutboundAt":null,"tokenSource":"config","tokenStatus":"available","mode":"polling","allowUnmentionedGroups":false,"lastProbeAt":null}}},"whatsapp":{"accountId":"default","enabled":true,"configured":false,"running":false,"lastStartAt":null,"lastStopAt":null,"lastError":"not linked","connected":false,"restartPending":false,"reconnectAttempts":0,"healthState":"not-running","lastInboundAt":null,"lastOutboundAt":null,"statusState":"not-linked","linked":false,"lastConnectedAt":null,"lastDisconnect":null,"lastMessageAt":null,"lastEventAt":null,"dmPolicy":"allowlist","allowFrom":["7982700657","+917982700657"],"authAgeMs":null,"self":{"e164":null,"jid":null,"lid":null},"accounts":{"default":{"accountId":"default","enabled":true,"configured":false,"running":false,"lastStartAt":null,"lastStopAt":null,"lastError":"not linked","connected":false,"restartPending":false,"reconnectAttempts":0,"healthState":"not-running","lastInboundAt":null,"lastOutboundAt":null,"statusState":"not-linked","linked":false,"lastConnectedAt":null,"lastDisconnect":null,"lastMessageAt":null,"lastEventAt":null,"dmPolicy":"allowlist","allowFrom":["7982700657","+917982700657"],"authAgeMs":null,"self":{"e164":null,"jid":null,"lid":null}}}}},"channelOrder":["telegram","whatsapp"],"channelLabels":{"telegram":"Telegram","whatsapp":"WhatsApp"},"heartbeatSeconds":1800,"defaultAgentId":"maya","agents":[{"agentId":"maya","name":"Maya","isDefault":true,"heartbeat":{"enabled":true,"every":"30m","everyMs":1800000,"prompt":"Read HEARTBEAT.md if it exists (workspace context). Follow it strictly. Do not infer or repeat old tasks from prior chats. If nothing needs attention, reply HEARTBEAT_OK.","target":"none","ackMaxChars":300},"sessions":{"path":"C:\\Users\\mishs\\.openclaw\\agents\\maya\\sessions\\sessions.json","count":15,"recent":[{"key":"agent:maya:telegram:direct:1882996585","updatedAt":1784961664182,"age":320398},{"key":"agent:maya:dashboard:ab0bb3d3-5d2b-4bce-ab2b-89d2f78bc232","updatedAt":1784901210194,"age":60774386},{"key":"agent:maya:dashboard:77dfdfb2-27ae-44bb-86bf-8504c597c339","updatedAt":1784893234550,"age":68750030},{"key":"agent:maya:dashboard:bc35f7e9-7a1a-4902-83b5-7c19dac9f5df","updatedAt":1784875528811,"age":86455769},{"key":"agent:maya:main","updatedAt":1784631558276,"age":330426304}]}}],"sessions":{"path":"C:\\Users\\mishs\\.openclaw\\agents\\maya\\sessions\\sessions.json","count":15,"recent":[{"key":"agent:maya:telegram:direct:1882996585","updatedAt":1784961664182,"age":320398},{"key":"agent:maya:dashboard:ab0bb3d3-5d2b-4bce-ab2b-89d2f78bc232","updatedAt":1784901210194,"age":60774386},{"key":"agent:maya:dashboard:77dfdfb2-27ae-44bb-86bf-8504c597c339","updatedAt":1784893234550,"age":68750030},{"key":"agent:maya:dashboard:bc35f7e9-7a1a-4902-83b5-7c19dac9f5df","updatedAt":1784875528811,"age":86455769},{"key":"agent:maya:main","updatedAt":1784631558276,"age":330426304}]}},"seq":62,"stateVersion":{"presence":11,"health":19}}
{"type":"event","event":"tick","payload":{"ts":1784961986422},"seq":63}
{"type":"event","event":"tick","payload":{"ts":1784962016432},"seq":64}
{"type":"event","event":"health","payload":{"ok":true,"ts":1784962044636,"durationMs":58,"eventLoop":{"degraded":false,"reasons":[],"intervalMs":59998,"delayP99Ms":45.4,"delayMaxMs":47.6,"utilization":0.006,"cpuCoreRatio":0.005},"plugins":{"loaded":["browser","canvas","codex","device-pair","file-transfer","google","memory-core","parallel","phone-control","talk-voice","telegram","whatsapp"],"errors":[]},"modelPricing":{"state":"ok","sources":[]},"channels":{"telegram":{"accountId":"default","enabled":true,"configured":true,"running":true,"lastStartAt":1784961263690,"lastStopAt":null,"lastError":null,"connected":true,"restartPending":false,"reconnectAttempts":0,"lastConnectedAt":1784962036090,"lastEventAt":1784962036090,"lastTransportActivityAt":1784962036090,"lastInboundAt":null,"lastOutboundAt":null,"tokenSource":"config","tokenStatus":"available","mode":"polling","allowUnmentionedGroups":false,"lastProbeAt":null,"accounts":{"default":{"accountId":"default","enabled":true,"configured":true,"running":true,"lastStartAt":1784961263690,"lastStopAt":null,"lastError":null,"connected":true,"restartPending":false,"reconnectAttempts":0,"lastConnectedAt":1784962036090,"lastEventAt":1784962036090,"lastTransportActivityAt":1784962036090,"lastInboundAt":null,"lastOutboundAt":null,"tokenSource":"config","tokenStatus":"available","mode":"polling","allowUnmentionedGroups":false,"lastProbeAt":null}}},"whatsapp":{"accountId":"default","enabled":true,"configured":false,"running":false,"lastStartAt":null,"lastStopAt":null,"lastError":"not linked","connected":false,"restartPending":false,"reconnectAttempts":0,"healthState":"not-running","lastInboundAt":null,"lastOutboundAt":null,"statusState":"not-linked","linked":false,"lastConnectedAt":null,"lastDisconnect":null,"lastMessageAt":null,"lastEventAt":null,"dmPolicy":"allowlist","allowFrom":["7982700657","+917982700657"],"authAgeMs":null,"self":{"e164":null,"jid":null,"lid":null},"accounts":{"default":{"accountId":"default","enabled":true,"configured":false,"running":false,"lastStartAt":null,"lastStopAt":null,"lastError":"not linked","connected":false,"restartPending":false,"reconnectAttempts":0,"healthState":"not-running","lastInboundAt":null,"lastOutboundAt":null,"statusState":"not-linked","linked":false,"lastConnectedAt":null,"lastDisconnect":null,"lastMessageAt":null,"lastEventAt":null,"dmPolicy":"allowlist","allowFrom":["7982700657","+917982700657"],"authAgeMs":null,"self":{"e164":null,"jid":null,"lid":null}}}}},"channelOrder":["telegram","whatsapp"],"channelLabels":{"telegram":"Telegram","whatsapp":"WhatsApp"},"heartbeatSeconds":1800,"defaultAgentId":"maya","agents":[{"agentId":"maya","name":"Maya","isDefault":true,"heartbeat":{"enabled":true,"every":"30m","everyMs":1800000,"prompt":"Read HEARTBEAT.md if it exists (workspace context). Follow it strictly. Do not infer or repeat old tasks from prior chats. If nothing needs attention, reply HEARTBEAT_OK.","target":"none","ackMaxChars":300},"sessions":{"path":"C:\\Users\\mishs\\.openclaw\\agents\\maya\\sessions\\sessions.json","count":15,"recent":[{"key":"agent:maya:telegram:direct:1882996585","updatedAt":1784961664182,"age":380396},{"key":"agent:maya:dashboard:ab0bb3d3-5d2b-4bce-ab2b-89d2f78bc232","updatedAt":1784901210194,"age":60834384},{"key":"agent:maya:dashboard:77dfdfb2-27ae-44bb-86bf-8504c597c339","updatedAt":1784893234550,"age":68810028},{"key":"agent:maya:dashboard:bc35f7e9-7a1a-4902-83b5-7c19dac9f5df","updatedAt":1784875528811,"age":86515767},{"key":"agent:maya:main","updatedAt":1784631558276,"age":330486302}]}}],"sessions":{"path":"C:\\Users\\mishs\\.openclaw\\agents\\maya\\sessions\\sessions.json","count":15,"recent":[{"key":"agent:maya:telegram:direct:1882996585","updatedAt":1784961664182,"age":380396},{"key":"agent:maya:dashboard:ab0bb3d3-5d2b-4bce-ab2b-89d2f78bc232","updatedAt":1784901210194,"age":60834384},{"key":"agent:maya:dashboard:77dfdfb2-27ae-44bb-86bf-8504c597c339","updatedAt":1784893234550,"age":68810028},{"key":"agent:maya:dashboard:bc35f7e9-7a1a-4902-83b5-7c19dac9f5df","updatedAt":1784875528811,"age":86515767},{"key":"agent:maya:main","updatedAt":1784631558276,"age":330486302}]}},"seq":65,"stateVersion":{"presence":11,"health":20}}
{"type":"event","event":"tick","payload":{"ts":1784962046432},"seq":66}
{"type":"event","event":"tick","payload":{"ts":1784962076433},"seq":67}
{"type":"event","event":"heartbeat","payload":{"ts":1784962089263,"status":"skipped","reason":"empty-heartbeat-file","durationMs":3},"seq":68}
{"type":"event","event":"health","payload":{"ok":true,"ts":1784962104648,"durationMs":58,"eventLoop":{"degraded":false,"reasons":[],"intervalMs":60013,"delayP99Ms":43.3,"delayMaxMs":46.9,"utilization":0.007,"cpuCoreRatio":0.005},"plugins":{"loaded":["browser","canvas","codex","device-pair","file-transfer","google","memory-core","parallel","phone-control","talk-voice","telegram","whatsapp"],"errors":[]},"modelPricing":{"state":"ok","sources":[]},"channels":{"telegram":{"accountId":"default","enabled":true,"configured":true,"running":true,"lastStartAt":1784961263690,"lastStopAt":null,"lastError":null,"connected":true,"restartPending":false,"reconnectAttempts":0,"lastConnectedAt":1784962097523,"lastEventAt":1784962097523,"lastTransportActivityAt":1784962097523,"lastInboundAt":null,"lastOutboundAt":null,"tokenSource":"config","tokenStatus":"available","mode":"polling","allowUnmentionedGroups":false,"lastProbeAt":null,"accounts":{"default":{"accountId":"default","enabled":true,"configured":true,"running":true,"lastStartAt":1784961263690,"lastStopAt":null,"lastError":null,"connected":true,"restartPending":false,"reconnectAttempts":0,"lastConnectedAt":1784962097523,"lastEventAt":1784962097523,"lastTransportActivityAt":1784962097523,"lastInboundAt":null,"lastOutboundAt":null,"tokenSource":"config","tokenStatus":"available","mode":"polling","allowUnmentionedGroups":false,"lastProbeAt":null}}},"whatsapp":{"accountId":"default","enabled":true,"configured":false,"running":false,"lastStartAt":null,"lastStopAt":null,"lastError":"not linked","connected":false,"restartPending":false,"reconnectAttempts":0,"healthState":"not-running","lastInboundAt":null,"lastOutboundAt":null,"statusState":"not-linked","linked":false,"lastConnectedAt":null,"lastDisconnect":null,"lastMessageAt":null,"lastEventAt":null,"dmPolicy":"allowlist","allowFrom":["7982700657","+917982700657"],"authAgeMs":null,"self":{"e164":null,"jid":null,"lid":null},"accounts":{"default":{"accountId":"default","enabled":true,"configured":false,"running":false,"lastStartAt":null,"lastStopAt":null,"lastError":"not linked","connected":false,"restartPending":false,"reconnectAttempts":0,"healthState":"not-running","lastInboundAt":null,"lastOutboundAt":null,"statusState":"not-linked","linked":false,"lastConnectedAt":null,"lastDisconnect":null,"lastMessageAt":null,"lastEventAt":null,"dmPolicy":"allowlist","allowFrom":["7982700657","+917982700657"],"authAgeMs":null,"self":{"e164":null,"jid":null,"lid":null}}}}},"channelOrder":["telegram","whatsapp"],"channelLabels":{"telegram":"Telegram","whatsapp":"WhatsApp"},"heartbeatSeconds":1800,"defaultAgentId":"maya","agents":[{"agentId":"maya","name":"Maya","isDefault":true,"heartbeat":{"enabled":true,"every":"30m","everyMs":1800000,"prompt":"Read HEARTBEAT.md if it exists (workspace context). Follow it strictly. Do not infer or repeat old tasks from prior chats. If nothing needs attention, reply HEARTBEAT_OK.","target":"none","ackMaxChars":300},"sessions":{"path":"C:\\Users\\mishs\\.openclaw\\agents\\maya\\sessions\\sessions.json","count":15,"recent":[{"key":"agent:maya:telegram:direct:1882996585","updatedAt":1784961664182,"age":440408},{"key":"agent:maya:dashboard:ab0bb3d3-5d2b-4bce-ab2b-89d2f78bc232","updatedAt":1784901210194,"age":60894396},{"key":"agent:maya:dashboard:77dfdfb2-27ae-44bb-86bf-8504c597c339","updatedAt":1784893234550,"age":68870040},{"key":"agent:maya:dashboard:bc35f7e9-7a1a-4902-83b5-7c19dac9f5df","updatedAt":1784875528811,"age":86575779},{"key":"agent:maya:main","updatedAt":1784631558276,"age":330546314}]}}],"sessions":{"path":"C:\\Users\\mishs\\.openclaw\\agents\\maya\\sessions\\sessions.json","count":15,"recent":[{"key":"agent:maya:telegram:direct:1882996585","updatedAt":1784961664182,"age":440408},{"key":"agent:maya:dashboard:ab0bb3d3-5d2b-4bce-ab2b-89d2f78bc232","updatedAt":1784901210194,"age":60894396},{"key":"agent:maya:dashboard:77dfdfb2-27ae-44bb-86bf-8504c597c339","updatedAt":1784893234550,"age":68870040},{"key":"agent:maya:dashboard:bc35f7e9-7a1a-4902-83b5-7c19dac9f5df","updatedAt":1784875528811,"age":86575779},{"key":"agent:maya:main","updatedAt":1784631558276,"age":330546314}]}},"seq":69,"stateVersion":{"presence":11,"health":21}}
{"type":"event","event":"tick","payload":{"ts":1784962106441},"seq":70}
{"type":"event","event":"connect.challenge","payload":{"nonce":"19cb2a47-9397-4186-9026-8cb0c4debf62","ts":1784962109751}}
{"type":"res","id":"init_connect","ok":false,"error":{"code":"INVALID_REQUEST","message":"invalid connect params: must have required property 'client'"}}
{"type":"event","event":"connect.challenge","payload":{"nonce":"00aaf9b3-28de-40c8-a74d-cd3bb818c6e3","ts":1784962114765}}
{"type":"res","id":"init_connect","ok":false,"error":{"code":"INVALID_REQUEST","message":"invalid connect params: must have required property 'client'"}}
{"type":"event","event":"connect.challenge","payload":{"nonce":"991b4edd-f817-4262-acca-89a518f7a064","ts":1784962119777}}
{"type":"res","id":"init_connect","ok":false,"error":{"code":"INVALID_REQUEST","message":"invalid connect params: must have required property 'client'"}}
{"type":"event","event":"connect.challenge","payload":{"nonce":"46197877-0f99-40b0-b9c2-f8e1af228254","ts":1784962124792}}
{"type":"res","id":"init_connect","ok":false,"error":{"code":"INVALID_REQUEST","message":"invalid connect params: must have required property 'client'"}}
{"type":"event","event":"connect.challenge","payload":{"nonce":"924786fa-0c05-40d2-8ea4-54657aacf759","ts":1784962129806}}
{"type":"res","id":"init_connect","ok":false,"error":{"code":"INVALID_REQUEST","message":"invalid connect params: must have required property 'client'"}}
{"type":"event","event":"connect.challenge","payload":{"nonce":"3422815a-92d0-47d8-ade0-79e6d95a4cec","ts":1784962134823}}
{"type":"res","id":"init_connect","ok":false,"error":{"code":"INVALID_REQUEST","message":"invalid connect params: must have required property 'client'"}}
{"type":"event","event":"connect.challenge","payload":{"nonce":"b40631d4-6a81-4513-9ce2-2302fd6b48cf","ts":1784962139839}}
{"type":"res","id":"init_connect","ok":false,"error":{"code":"INVALID_REQUEST","message":"invalid connect params: must have required property 'client'"}}
{"type":"event","event":"connect.challenge","payload":{"nonce":"dfde3936-ae48-4805-93ae-98d628066e27","ts":1784962144845}}
{"type":"res","id":"init_connect","ok":false,"error":{"code":"INVALID_REQUEST","message":"invalid connect params: must have required property 'client'"}}
{"type":"event","event":"connect.challenge","payload":{"nonce":"991f762c-e7dd-4270-a080-b5d4ce6fba1d","ts":1784962149856}}
{"type":"res","id":"init_connect","ok":false,"error":{"code":"INVALID_REQUEST","message":"invalid connect params: must have required property 'client'"}}
{"type":"event","event":"connect.challenge","payload":{"nonce":"4ac86e80-ef89-4f11-b62b-dfe50a3f938a","ts":1784962154872}}
{"type":"res","id":"init_connect","ok":false,"error":{"code":"INVALID_REQUEST","message":"invalid connect params: must have required property 'client'"}}
{"type":"event","event":"connect.challenge","payload":{"nonce":"2cb8b0e5-2ec1-437a-8d8f-e76867cba919","ts":1784962159885}}
{"type":"res","id":"init_connect","ok":false,"error":{"code":"INVALID_REQUEST","message":"invalid connect params: must have required property 'client'"}}
{"type":"event","event":"connect.challenge","payload":{"nonce":"a1dcf94c-8ab5-4ebc-8f9a-99d02d8ce21c","ts":1784962164897}}
{"type":"res","id":"init_connect","ok":false,"error":{"code":"INVALID_REQUEST","message":"invalid connect params: must have required property 'client'"}}
{"type":"event","event":"connect.challenge","payload":{"nonce":"dad984d8-93d8-40f4-acc0-e69c343476ef","ts":1784962169907}}
{"type":"res","id":"init_connect","ok":false,"error":{"code":"INVALID_REQUEST","message":"invalid connect params: must have required property 'client'"}}
{"type":"event","event":"connect.challenge","payload":{"nonce":"cc1960d6-4398-4fee-ae83-196f4716ab52","ts":1784962174919}}
{"type":"res","id":"init_connect","ok":false,"error":{"code":"INVALID_REQUEST","message":"invalid connect params: must have required property 'client'"}}
{"type":"event","event":"connect.challenge","payload":{"nonce":"ba20f628-2792-4bcc-82ae-0ea375b5ec8b","ts":1784962179923}}
{"type":"res","id":"init_connect","ok":false,"error":{"code":"INVALID_REQUEST","message":"invalid connect params: must have required property 'client'"}}
{"type":"event","event":"connect.challenge","payload":{"nonce":"d80deec6-64c7-4226-9817-9bfbbf76d202","ts":1784962184933}}
{"type":"res","id":"init_connect","ok":false,"error":{"code":"INVALID_REQUEST","message":"invalid connect params: must have required property 'client'"}}
{"type":"event","event":"connect.challenge","payload":{"nonce":"62ae8600-d6a6-4334-8248-2195326d951d","ts":1784962189945}}
{"type":"res","id":"init_connect","ok":false,"error":{"code":"INVALID_REQUEST","message":"invalid connect params: must have required property 'client'"}}
{"type":"event","event":"connect.challenge","payload":{"nonce":"8b61e3e9-2c07-4309-8099-52660169676d","ts":1784962194955}}
{"type":"res","id":"init_connect","ok":false,"error":{"code":"INVALID_REQUEST","message":"invalid connect params: must have required property 'client'"}}
{"type":"event","event":"connect.challenge","payload":{"nonce":"d16b9f03-1a41-4121-b734-dcf5fbc7fa8a","ts":1784962199961}}
{"type":"res","id":"init_connect","ok":false,"error":{"code":"INVALID_REQUEST","message":"invalid connect params: must have required property 'client'"}}
{"type":"event","event":"connect.challenge","payload":{"nonce":"e212fc90-8447-4682-879b-4f1e584ff11e","ts":1784962204975}}
{"type":"res","id":"init_connect","ok":false,"error":{"code":"INVALID_REQUEST","message":"invalid connect params: must have required property 'client'"}}
{"type":"event","event":"connect.challenge","payload":{"nonce":"470d6e9d-d78f-420a-a016-43b01bcd6312","ts":1784962209983}}
{"type":"res","id":"init_connect","ok":false,"error":{"code":"INVALID_REQUEST","message":"invalid connect params: must have required property 'client'"}}
{"type":"event","event":"connect.challenge","payload":{"nonce":"6e43eb9d-4559-4eb2-bcc9-7b4044ef1dcb","ts":1784962214991}}
{"type":"res","id":"init_connect","ok":false,"error":{"code":"INVALID_REQUEST","message":"invalid connect params: must have required property 'client'"}}
{"type":"event","event":"connect.challenge","payload":{"nonce":"8e027e7a-26d1-4950-a79c-5db5fb24f403","ts":1784962219995}}
{"type":"res","id":"init_connect","ok":false,"error":{"code":"INVALID_REQUEST","message":"invalid connect params: must have required property 'client'"}}
{"type":"event","event":"connect.challenge","payload":{"nonce":"6ac93166-1cf8-4f0c-8d15-34548344897f","ts":1784962225014}}
{"type":"res","id":"init_connect","ok":false,"error":{"code":"INVALID_REQUEST","message":"invalid connect params: must have required property 'client'"}}
{"type":"event","event":"connect.challenge","payload":{"nonce":"921ad53c-7ac0-41fb-bb8e-bc89e96b58f1","ts":1784962230029}}
{"type":"res","id":"init_connect","ok":false,"error":{"code":"INVALID_REQUEST","message":"invalid connect params: must have required property 'client'"}}
{"type":"event","event":"connect.challenge","payload":{"nonce":"40e5ba89-55b3-4f1f-bb39-fae7e1bc8299","ts":1784962235045}}
{"type":"res","id":"init_connect","ok":false,"error":{"code":"INVALID_REQUEST","message":"invalid connect params: must have required property 'client'"}}
{"type":"event","event":"connect.challenge","payload":{"nonce":"0b61079a-b01f-4efc-924f-0d933d34bcb2","ts":1784962240051}}
{"type":"res","id":"init_connect","ok":false,"error":{"code":"INVALID_REQUEST","message":"invalid connect params: must have required property 'client'"}}
{"type":"event","event":"connect.challenge","payload":{"nonce":"0316f17b-42ad-4d08-8b0f-ff68dfaa3e9f","ts":1784962245064}}
{"type":"res","id":"init_connect","ok":false,"error":{"code":"INVALID_REQUEST","message":"invalid connect params: must have required property 'client'"}}
{"type":"event","event":"connect.challenge","payload":{"nonce":"79b03842-98b5-4b1c-9995-62e7c3220890","ts":1784962250078}}
{"type":"res","id":"init_connect","ok":false,"error":{"code":"INVALID_REQUEST","message":"invalid connect params: must have required property 'client'"}}
{"type":"event","event":"connect.challenge","payload":{"nonce":"0cccd8d2-8c62-420c-958b-a592968e37a2","ts":1784962255095}}
{"type":"res","id":"init_connect","ok":false,"error":{"code":"INVALID_REQUEST","message":"invalid connect params: must have required property 'client'"}}
{"type":"event","event":"connect.challenge","payload":{"nonce":"0117cde5-ae66-40e5-87b5-4ddc3e310a66","ts":1784962260106}}
{"type":"res","id":"init_connect","ok":false,"error":{"code":"INVALID_REQUEST","message":"invalid connect params: must have required property 'client'"}}
{"type":"event","event":"connect.challenge","payload":{"nonce":"cc413ac7-0778-4607-ac65-59cc89cd0f22","ts":1784962265119}}
{"type":"res","id":"init_connect","ok":false,"error":{"code":"INVALID_REQUEST","message":"invalid connect params: must have required property 'client'"}}
{"type":"event","event":"connect.challenge","payload":{"nonce":"66c743b0-84f9-47fb-9155-3c91e1d80e59","ts":1784962270131}}
{"type":"res","id":"init_connect","ok":false,"error":{"code":"INVALID_REQUEST","message":"invalid connect params: must have required property 'client'"}}
{"type":"event","event":"connect.challenge","payload":{"nonce":"95efb1fb-507c-4b15-8d87-72f772108660","ts":1784962275145}}
{"type":"res","id":"init_connect","ok":false,"error":{"code":"INVALID_REQUEST","message":"invalid connect params: must have required property 'client'"}}
{"type":"event","event":"connect.challenge","payload":{"nonce":"805a7e96-7247-49db-aa06-78b9e6fee46e","ts":1784962280155}}
{"type":"res","id":"init_connect","ok":false,"error":{"code":"INVALID_REQUEST","message":"invalid connect params: must have required property 'client'"}}
{"type":"event","event":"connect.challenge","payload":{"nonce":"6a1ed805-f9b7-40a1-a4eb-3811d9714250","ts":1784962285172}}
{"type":"res","id":"init_connect","ok":false,"error":{"code":"INVALID_REQUEST","message":"invalid connect params: must have required property 'client'"}}
{"type":"event","event":"connect.challenge","payload":{"nonce":"644f052a-e74f-45bd-a978-cbb35cee7363","ts":1784962290183}}
{"type":"res","id":"init_connect","ok":false,"error":{"code":"INVALID_REQUEST","message":"invalid connect params: must have required property 'client'"}}
{"type":"event","event":"connect.challenge","payload":{"nonce":"0c072aba-a581-4595-9868-bcd3dc742263","ts":1784962295609}}
{"type":"res","id":"init_connect","ok":false,"error":{"code":"INVALID_REQUEST","message":"invalid connect params: must have required property 'client'"}}
{"type":"event","event":"connect.challenge","payload":{"nonce":"bc25231e-68f3-42ea-a841-131cf6accb9c","ts":1784962300616}}
{"type":"res","id":"init_connect","ok":false,"error":{"code":"INVALID_REQUEST","message":"invalid connect params: must have required property 'client'"}}
{"type":"event","event":"connect.challenge","payload":{"nonce":"5e3f318b-2e15-4e4a-ab84-5db2dac09ce7","ts":1784962305628}}
{"type":"res","id":"init_connect","ok":false,"error":{"code":"INVALID_REQUEST","message":"invalid connect params: must have required property 'client'"}}
{"type":"event","event":"connect.challenge","payload":{"nonce":"1425e485-02d8-420e-86be-5fd24950a23c","ts":1784962310638}}
{"type":"res","id":"init_connect","ok":false,"error":{"code":"INVALID_REQUEST","message":"invalid connect params: must have required property 'client'"}}
{"type":"event","event":"connect.challenge","payload":{"nonce":"7eb65740-0278-4f2e-8670-3b70038522e2","ts":1784962315643}}
{"type":"res","id":"init_connect","ok":false,"error":{"code":"INVALID_REQUEST","message":"invalid connect params: must have required property 'client'"}}
{"type":"event","event":"connect.challenge","payload":{"nonce":"27c93ac9-2aba-42a4-a26a-063b84a18c5c","ts":1784962320661}}
{"type":"res","id":"init_connect","ok":false,"error":{"code":"INVALID_REQUEST","message":"invalid connect params: must have required property 'client'"}}
{"type":"event","event":"connect.challenge","payload":{"nonce":"166f8571-def2-4bad-95b7-9f63c959a503","ts":1784962325678}}
{"type":"res","id":"init_connect","ok":false,"error":{"code":"INVALID_REQUEST","message":"invalid connect params: must have required property 'client'"}}
{"type":"event","event":"connect.challenge","payload":{"nonce":"d8d15f40-46b9-4a30-8bbe-018246c441d6","ts":1784962330693}}
{"type":"res","id":"init_connect","ok":false,"error":{"code":"INVALID_REQUEST","message":"invalid connect params: must have required property 'client'"}}
{"type":"event","event":"connect.challenge","payload":{"nonce":"e5da8b8e-7574-44e7-983b-75b53b91cb7c","ts":1784962335706}}
{"type":"res","id":"init_connect","ok":false,"error":{"code":"INVALID_REQUEST","message":"invalid connect params: must have required property 'client'"}}
